origin_code,destination_code,airline_code,flight_number,cabin_class,price,currency,departure_date,days_until_dep,day_of_week,month,week_of_year,is_holiday,is_weekend,seats_available,recorded_at,is_live
GAU,IDR,I5,HIST-000,Economy,14170,INR,2024-02-25,14,6,2,8,False,True,50,2024-02-11 00:00:00,False
AMD,VNS,S5,HIST-000,Economy,9165,INR,2024-04-11,14,3,4,15,False,False,50,2024-03-28 00:00:00,False
RPR,BOM,SG,HIST-000,Economy,9474,INR,2023-06-22,14,3,6,25,False,False,50,2023-06-08 00:00:00,False
CCU,BBI,SG,HIST-000,Economy,5106,INR,2025-03-25,14,1,3,13,False,False,50,2025-03-11 00:00:00,False
IDR,STV,G8,HIST-000,Economy,9730,INR,2025-10-15,14,2,10,42,False,False,50,2025-10-01 00:00:00,False
LKO,GAU,AI,HIST-000,Economy,7770,INR,2023-05-03,14,2,5,18,False,False,50,2023-04-19 00:00:00,False
BLR,CCU,G8,HIST-000,Economy,3000,INR,2025-12-01,14,0,12,49,False,False,50,2025-11-17 00:00:00,False
GAU,IDR,S5,HIST-000,Economy,7067,INR,2023-08-06,14,6,8,31,False,True,50,2023-07-23 00:00:00,False
RPR,GAU,G8,HIST-000,Economy,17272,INR,2024-06-02,14,6,6,22,False,True,50,2024-05-19 00:00:00,False
GAU,VNS,QP,HIST-000,Economy,7522,INR,2023-04-18,14,1,4,16,False,False,50,2023-04-04 00:00:00,False
BOM,RPR,AI,HIST-000,Economy,6893,INR,2023-04-22,14,5,4,16,False,True,50,2023-04-08 00:00:00,False
NAG,MAA,2T,HIST-000,Economy,9673,INR,2023-08-27,14,6,8,34,False,True,50,2023-08-13 00:00:00,False
GAU,DEL,SG,HIST-000,Economy,11405,INR,2024-12-27,14,4,12,52,False,False,50,2024-12-13 00:00:00,False
IDR,JAI,2T,HIST-000,Economy,4502,INR,2024-12-20,14,4,12,51,False,False,50,2024-12-06 00:00:00,False
PAT,JAI,QP,HIST-000,Economy,11359,INR,2024-01-21,14,6,1,3,False,True,50,2024-01-07 00:00:00,False
HYD,PNQ,AI,HIST-000,Economy,9103,INR,2025-03-19,14,2,3,12,False,False,50,2025-03-05 00:00:00,False
BBI,GOI,6E,HIST-000,Economy,8269,INR,2024-02-09,14,4,2,6,False,False,50,2024-01-26 00:00:00,False
PAT,JAI,SG,HIST-000,Economy,10606,INR,2024-06-03,14,0,6,23,False,False,50,2024-05-20 00:00:00,False
HYD,LKO,SG,HIST-000,Economy,10879,INR,2023-05-13,14,5,5,19,False,True,50,2023-04-29 00:00:00,False
VNS,BBI,2T,HIST-000,Economy,4894,INR,2024-02-13,14,1,2,7,False,False,50,2024-01-30 00:00:00,False
DEL,JAI,9I,HIST-000,Economy,15374,INR,2024-02-04,14,6,2,5,False,True,50,2024-01-21 00:00:00,False
NAG,CCU,G8,HIST-000,Economy,9614,INR,2024-08-02,14,4,8,31,False,False,50,2024-07-19 00:00:00,False
PAT,COK,G8,HIST-000,Economy,10305,INR,2024-12-01,14,6,12,48,False,True,50,2024-11-17 00:00:00,False
BOM,NAG,QP,HIST-000,Economy,12317,INR,2023-08-16,14,2,8,33,False,False,50,2023-08-02 00:00:00,False
COK,MAA,G8,HIST-000,Economy,6334,INR,2025-05-15,14,3,5,20,False,False,50,2025-05-01 00:00:00,False
RPR,PNQ,QP,HIST-000,Economy,12174,INR,2025-07-21,14,0,7,30,False,False,50,2025-07-07 00:00:00,False
NAG,IDR,SG,HIST-000,Economy,5472,INR,2025-01-04,14,5,1,1,False,True,50,2024-12-21 00:00:00,False
PNQ,RPR,6E,HIST-000,Economy,13996,INR,2024-04-10,14,2,4,15,False,False,50,2024-03-27 00:00:00,False
AMD,HYD,I5,HIST-000,Economy,10713,INR,2025-07-18,14,4,7,29,False,False,50,2025-07-04 00:00:00,False
MAA,AMD,UK,HIST-000,Economy,9626,INR,2025-01-06,14,0,1,2,False,False,50,2024-12-23 00:00:00,False
COK,DEL,QP,HIST-000,Economy,8681,INR,2024-03-07,14,3,3,10,False,False,50,2024-02-22 00:00:00,False
AMD,VNS,S5,HIST-000,Economy,11894,INR,2025-12-18,14,3,12,51,False,False,50,2025-12-04 00:00:00,False
HYD,BLR,AI,HIST-000,Economy,12153,INR,2023-04-13,14,3,4,15,False,False,50,2023-03-30 00:00:00,False
STV,GOI,AI,HIST-000,Economy,8112,INR,2024-01-20,14,5,1,3,False,True,50,2024-01-06 00:00:00,False
BOM,LKO,SG,HIST-000,Economy,9006,INR,2024-11-12,14,1,11,46,False,False,50,2024-10-29 00:00:00,False
VNS,AMD,G8,HIST-000,Economy,9254,INR,2024-10-07,14,0,10,41,False,False,50,2024-09-23 00:00:00,False
BOM,RPR,SG,HIST-000,Economy,8439,INR,2025-04-16,14,2,4,16,False,False,50,2025-04-02 00:00:00,False
COK,LKO,UK,HIST-000,Economy,7469,INR,2025-12-18,14,3,12,51,False,False,50,2025-12-04 00:00:00,False
PAT,BOM,SG,HIST-000,Economy,7874,INR,2023-10-16,14,0,10,42,False,False,50,2023-10-02 00:00:00,False
GAU,NAG,9I,HIST-000,Economy,14186,INR,2023-09-28,14,3,9,39,False,False,50,2023-09-14 00:00:00,False
BBI,PAT,I5,HIST-000,Economy,13644,INR,2024-03-17,14,6,3,11,False,True,50,2024-03-03 00:00:00,False
JAI,RPR,G8,HIST-000,Economy,13559,INR,2025-01-04,14,5,1,1,False,True,50,2024-12-21 00:00:00,False
BBI,GAU,SG,HIST-000,Economy,13107,INR,2023-02-01,14,2,2,5,False,False,50,2023-01-18 00:00:00,False
BBI,GOI,9I,HIST-000,Economy,4178,INR,2023-12-14,14,3,12,50,False,False,50,2023-11-30 00:00:00,False
STV,CCU,S5,HIST-000,Economy,11075,INR,2023-06-24,14,5,6,25,False,True,50,2023-06-10 00:00:00,False
STV,MAA,SG,HIST-000,Economy,15534,INR,2025-02-13,14,3,2,7,False,False,50,2025-01-30 00:00:00,False
PAT,BBI,QP,HIST-000,Economy,9708,INR,2023-01-27,14,4,1,4,False,False,50,2023-01-13 00:00:00,False
MAA,DEL,S5,HIST-000,Economy,12598,INR,2024-05-18,14,5,5,20,False,True,50,2024-05-04 00:00:00,False
BLR,VNS,I5,HIST-000,Economy,8748,INR,2023-10-09,14,0,10,41,False,False,50,2023-09-25 00:00:00,False
PAT,IDR,9I,HIST-000,Economy,3020,INR,2025-08-04,14,0,8,32,False,False,50,2025-07-21 00:00:00,False
PNQ,BBI,UK,HIST-000,Economy,12681,INR,2023-10-06,14,4,10,40,False,False,50,2023-09-22 00:00:00,False
NAG,PNQ,G8,HIST-000,Economy,10031,INR,2025-01-17,14,4,1,3,False,False,50,2025-01-03 00:00:00,False
BBI,NAG,G8,HIST-000,Economy,5737,INR,2023-10-13,14,4,10,41,False,False,50,2023-09-29 00:00:00,False
VNS,DEL,UK,HIST-000,Economy,14452,INR,2023-05-23,14,1,5,21,False,False,50,2023-05-09 00:00:00,False
BBI,LKO,UK,HIST-000,Economy,8816,INR,2024-01-27,14,5,1,4,False,True,50,2024-01-13 00:00:00,False
MAA,RPR,AI,HIST-000,Economy,7725,INR,2025-06-12,14,3,6,24,False,False,50,2025-05-29 00:00:00,False
NAG,PAT,S5,HIST-000,Economy,7149,INR,2024-05-19,14,6,5,20,False,True,50,2024-05-05 00:00:00,False
STV,IDR,I5,HIST-000,Economy,7620,INR,2023-07-22,14,5,7,29,False,True,50,2023-07-08 00:00:00,False
JAI,HYD,2T,HIST-000,Economy,15172,INR,2024-05-13,14,0,5,20,False,False,50,2024-04-29 00:00:00,False
AMD,NAG,9I,HIST-000,Economy,11519,INR,2024-11-05,14,1,11,45,False,False,50,2024-10-22 00:00:00,False
AMD,HYD,2T,HIST-000,Economy,12554,INR,2025-02-05,14,2,2,6,False,False,50,2025-01-22 00:00:00,False
JAI,VNS,2T,HIST-000,Economy,16028,INR,2025-05-09,14,4,5,19,False,False,50,2025-04-25 00:00:00,False
PAT,MAA,2T,HIST-000,Economy,9640,INR,2025-08-15,14,4,8,33,False,False,50,2025-08-01 00:00:00,False
STV,RPR,S5,HIST-000,Economy,3565,INR,2023-01-27,14,4,1,4,False,False,50,2023-01-13 00:00:00,False
GOI,CCU,G8,HIST-000,Economy,2560,INR,2024-05-14,14,1,5,20,False,False,50,2024-04-30 00:00:00,False
VNS,CCU,G8,HIST-000,Economy,10500,INR,2025-07-28,14,0,7,31,False,False,50,2025-07-14 00:00:00,False
JAI,NAG,9I,HIST-000,Economy,8036,INR,2023-02-28,14,1,2,9,False,False,50,2023-02-14 00:00:00,False
RPR,CCU,UK,HIST-000,Economy,5833,INR,2025-11-04,14,1,11,45,False,False,50,2025-10-21 00:00:00,False
HYD,CCU,9I,HIST-000,Economy,7831,INR,2023-08-08,14,1,8,32,False,False,50,2023-07-25 00:00:00,False
HYD,MAA,G8,HIST-000,Economy,9288,INR,2024-08-27,14,1,8,35,False,False,50,2024-08-13 00:00:00,False
LKO,AMD,SG,HIST-000,Economy,11036,INR,2024-04-05,14,4,4,14,False,False,50,2024-03-22 00:00:00,False
VNS,NAG,S5,HIST-000,Economy,7784,INR,2023-05-05,14,4,5,18,False,False,50,2023-04-21 00:00:00,False
COK,PAT,S5,HIST-000,Economy,2511,INR,2023-10-12,14,3,10,41,False,False,50,2023-09-28 00:00:00,False
PAT,STV,G8,HIST-000,Economy,16909,INR,2024-02-19,14,0,2,8,False,False,50,2024-02-05 00:00:00,False
PAT,MAA,S5,HIST-000,Economy,11356,INR,2024-04-20,14,5,4,16,False,True,50,2024-04-06 00:00:00,False
BLR,STV,6E,HIST-000,Economy,11750,INR,2023-05-23,14,1,5,21,False,False,50,2023-05-09 00:00:00,False
HYD,BOM,2T,HIST-000,Economy,11702,INR,2023-11-07,14,1,11,45,False,False,50,2023-10-24 00:00:00,False
MAA,LKO,QP,HIST-000,Economy,6278,INR,2025-07-07,14,0,7,28,False,False,50,2025-06-23 00:00:00,False
NAG,LKO,2T,HIST-000,Economy,4829,INR,2024-03-18,14,0,3,12,False,False,50,2024-03-04 00:00:00,False
GOI,NAG,G8,HIST-000,Economy,5998,INR,2023-07-08,14,5,7,27,False,True,50,2023-06-24 00:00:00,False
BOM,GAU,SG,HIST-000,Economy,11565,INR,2023-08-24,14,3,8,34,False,False,50,2023-08-10 00:00:00,False
BBI,IDR,S5,HIST-000,Economy,7421,INR,2024-02-28,14,2,2,9,False,False,50,2024-02-14 00:00:00,False
PAT,PNQ,2T,HIST-000,Economy,8303,INR,2024-06-21,14,4,6,25,False,False,50,2024-06-07 00:00:00,False
JAI,IDR,2T,HIST-000,Economy,4217,INR,2023-02-09,14,3,2,6,False,False,50,2023-01-26 00:00:00,False
RPR,GOI,6E,HIST-000,Economy,13461,INR,2024-04-04,14,3,4,14,False,False,50,2024-03-21 00:00:00,False
GAU,PNQ,2T,HIST-000,Economy,13674,INR,2023-01-02,14,0,1,1,False,False,50,2022-12-19 00:00:00,False
COK,CCU,SG,HIST-000,Economy,9903,INR,2024-09-16,14,0,9,38,False,False,50,2024-09-02 00:00:00,False
LKO,AMD,QP,HIST-000,Economy,8030,INR,2023-05-10,14,2,5,19,False,False,50,2023-04-26 00:00:00,False
VNS,RPR,AI,HIST-000,Economy,15071,INR,2024-02-01,14,3,2,5,False,False,50,2024-01-18 00:00:00,False
MAA,BBI,SG,HIST-000,Economy,13326,INR,2024-03-23,14,5,3,12,False,True,50,2024-03-09 00:00:00,False
NAG,LKO,I5,HIST-000,Economy,6145,INR,2023-04-26,14,2,4,17,False,False,50,2023-04-12 00:00:00,False
RPR,HYD,SG,HIST-000,Economy,11464,INR,2024-12-27,14,4,12,52,False,False,50,2024-12-13 00:00:00,False
HYD,PNQ,S5,HIST-000,Economy,8038,INR,2024-01-10,14,2,1,2,False,False,50,2023-12-27 00:00:00,False
CCU,BLR,2T,HIST-000,Economy,5967,INR,2024-04-11,14,3,4,15,False,False,50,2024-03-28 00:00:00,False
STV,BBI,9I,HIST-000,Economy,11979,INR,2025-07-27,14,6,7,30,False,True,50,2025-07-13 00:00:00,False
NAG,VNS,9I,HIST-000,Economy,7800,INR,2023-07-01,14,5,7,26,False,True,50,2023-06-17 00:00:00,False
PNQ,MAA,UK,HIST-000,Economy,10842,INR,2024-11-01,14,4,11,44,False,False,50,2024-10-18 00:00:00,False
PNQ,LKO,UK,HIST-000,Economy,13529,INR,2025-04-22,14,1,4,17,False,False,50,2025-04-08 00:00:00,False
CCU,VNS,UK,HIST-000,Economy,4472,INR,2024-02-12,14,0,2,7,False,False,50,2024-01-29 00:00:00,False
MAA,GAU,AI,HIST-000,Economy,5620,INR,2023-02-14,14,1,2,7,False,False,50,2023-01-31 00:00:00,False
RPR,CCU,UK,HIST-000,Economy,5047,INR,2025-02-05,14,2,2,6,False,False,50,2025-01-22 00:00:00,False
IDR,COK,9I,HIST-000,Economy,5291,INR,2025-04-19,14,5,4,16,False,True,50,2025-04-05 00:00:00,False
CCU,HYD,9I,HIST-000,Economy,11055,INR,2024-06-23,14,6,6,25,False,True,50,2024-06-09 00:00:00,False
PAT,BBI,2T,HIST-000,Economy,8939,INR,2025-07-04,14,4,7,27,False,False,50,2025-06-20 00:00:00,False
NAG,HYD,QP,HIST-000,Economy,9456,INR,2024-05-26,14,6,5,21,False,True,50,2024-05-12 00:00:00,False
LKO,BOM,6E,HIST-000,Economy,6124,INR,2025-02-03,14,0,2,6,False,False,50,2025-01-20 00:00:00,False
VNS,LKO,G8,HIST-000,Economy,6471,INR,2023-02-14,14,1,2,7,False,False,50,2023-01-31 00:00:00,False
BLR,PNQ,G8,HIST-000,Economy,5031,INR,2024-05-20,14,0,5,21,False,False,50,2024-05-06 00:00:00,False
HYD,VNS,S5,HIST-000,Economy,3773,INR,2023-03-21,14,1,3,12,False,False,50,2023-03-07 00:00:00,False
PNQ,AMD,SG,HIST-000,Economy,11386,INR,2024-09-12,14,3,9,37,False,False,50,2024-08-29 00:00:00,False
MAA,PNQ,AI,HIST-000,Economy,12671,INR,2024-02-02,14,4,2,5,False,False,50,2024-01-19 00:00:00,False
MAA,AMD,9I,HIST-000,Economy,10722,INR,2024-02-08,14,3,2,6,False,False,50,2024-01-25 00:00:00,False
MAA,CCU,9I,HIST-000,Economy,9720,INR,2025-07-07,14,0,7,28,False,False,50,2025-06-23 00:00:00,False
DEL,IDR,2T,HIST-000,Economy,10264,INR,2023-11-06,14,0,11,45,False,False,50,2023-10-23 00:00:00,False
PNQ,RPR,SG,HIST-000,Economy,8619,INR,2025-07-25,14,4,7,30,False,False,50,2025-07-11 00:00:00,False
MAA,COK,I5,HIST-000,Economy,6603,INR,2024-08-17,14,5,8,33,False,True,50,2024-08-03 00:00:00,False
BLR,HYD,9I,HIST-000,Economy,5530,INR,2023-09-21,14,3,9,38,False,False,50,2023-09-07 00:00:00,False
CCU,DEL,QP,HIST-000,Economy,11635,INR,2023-03-15,14,2,3,11,False,False,50,2023-03-01 00:00:00,False
AMD,CCU,UK,HIST-000,Economy,6697,INR,2025-11-08,14,5,11,45,False,True,50,2025-10-25 00:00:00,False
COK,DEL,2T,HIST-000,Economy,6651,INR,2024-04-01,14,0,4,14,False,False,50,2024-03-18 00:00:00,False
STV,GAU,AI,HIST-000,Economy,10021,INR,2023-01-17,14,1,1,3,False,False,50,2023-01-03 00:00:00,False
DEL,BOM,9I,HIST-000,Economy,4464,INR,2023-02-02,14,3,2,5,False,False,50,2023-01-19 00:00:00,False
BBI,GOI,AI,HIST-000,Economy,13609,INR,2025-04-24,14,3,4,17,False,False,50,2025-04-10 00:00:00,False
GAU,IDR,6E,HIST-000,Economy,7534,INR,2025-04-08,14,1,4,15,False,False,50,2025-03-25 00:00:00,False
STV,GAU,AI,HIST-000,Economy,11785,INR,2024-05-12,14,6,5,19,False,True,50,2024-04-28 00:00:00,False
NAG,DEL,I5,HIST-000,Economy,5304,INR,2024-01-04,14,3,1,1,False,False,50,2023-12-21 00:00:00,False
PNQ,GAU,SG,HIST-000,Economy,12764,INR,2023-07-19,14,2,7,29,False,False,50,2023-07-05 00:00:00,False
DEL,GOI,6E,HIST-000,Economy,5911,INR,2024-07-24,14,2,7,30,False,False,50,2024-07-10 00:00:00,False
BBI,HYD,6E,HIST-000,Economy,14219,INR,2023-04-14,14,4,4,15,False,False,50,2023-03-31 00:00:00,False
VNS,PAT,S5,HIST-000,Economy,7560,INR,2023-02-17,14,4,2,7,False,False,50,2023-02-03 00:00:00,False
COK,DEL,9I,HIST-000,Economy,8795,INR,2023-09-20,14,2,9,38,False,False,50,2023-09-06 00:00:00,False
AMD,PNQ,SG,HIST-000,Economy,11252,INR,2024-01-26,14,4,1,4,False,False,50,2024-01-12 00:00:00,False
AMD,STV,AI,HIST-000,Economy,13356,INR,2025-10-07,14,1,10,41,False,False,50,2025-09-23 00:00:00,False
BLR,COK,QP,HIST-000,Economy,8634,INR,2023-10-15,14,6,10,41,False,True,50,2023-10-01 00:00:00,False
HYD,LKO,UK,HIST-000,Economy,13848,INR,2025-02-06,14,3,2,6,False,False,50,2025-01-23 00:00:00,False
LKO,BLR,S5,HIST-000,Economy,8729,INR,2024-01-07,14,6,1,1,False,True,50,2023-12-24 00:00:00,False
BOM,PNQ,QP,HIST-000,Economy,8568,INR,2025-12-27,14,5,12,52,False,True,50,2025-12-13 00:00:00,False
CCU,NAG,I5,HIST-000,Economy,7903,INR,2023-10-08,14,6,10,40,False,True,50,2023-09-24 00:00:00,False
MAA,BBI,QP,HIST-000,Economy,10296,INR,2024-04-12,14,4,4,15,False,False,50,2024-03-29 00:00:00,False
COK,PNQ,S5,HIST-000,Economy,11180,INR,2025-01-16,14,3,1,3,False,False,50,2025-01-02 00:00:00,False
STV,GOI,6E,HIST-000,Economy,13104,INR,2023-03-10,14,4,3,10,False,False,50,2023-02-24 00:00:00,False
LKO,VNS,AI,HIST-000,Economy,10297,INR,2024-04-16,14,1,4,16,False,False,50,2024-04-02 00:00:00,False
JAI,VNS,I5,HIST-000,Economy,12357,INR,2023-02-11,14,5,2,6,False,True,50,2023-01-28 00:00:00,False
NAG,BOM,AI,HIST-000,Economy,5169,INR,2024-01-01,14,0,1,1,False,False,50,2023-12-18 00:00:00,False
PAT,DEL,I5,HIST-000,Economy,7959,INR,2024-01-19,14,4,1,3,False,False,50,2024-01-05 00:00:00,False
RPR,BLR,G8,HIST-000,Economy,12458,INR,2025-12-10,14,2,12,50,False,False,50,2025-11-26 00:00:00,False
MAA,BLR,I5,HIST-000,Economy,9502,INR,2024-04-09,14,1,4,15,False,False,50,2024-03-26 00:00:00,False
CCU,NAG,AI,HIST-000,Economy,12080,INR,2024-02-17,14,5,2,7,False,True,50,2024-02-03 00:00:00,False
GOI,STV,2T,HIST-000,Economy,13535,INR,2023-06-21,14,2,6,25,False,False,50,2023-06-07 00:00:00,False
VNS,PAT,AI,HIST-000,Economy,10338,INR,2023-09-11,14,0,9,37,False,False,50,2023-08-28 00:00:00,False
VNS,NAG,SG,HIST-000,Economy,6685,INR,2023-12-07,14,3,12,49,False,False,50,2023-11-23 00:00:00,False
VNS,COK,S5,HIST-000,Economy,13565,INR,2025-03-10,14,0,3,11,False,False,50,2025-02-24 00:00:00,False
IDR,BBI,2T,HIST-000,Economy,6068,INR,2023-02-04,14,5,2,5,False,True,50,2023-01-21 00:00:00,False
AMD,JAI,2T,HIST-000,Economy,4849,INR,2024-06-07,14,4,6,23,False,False,50,2024-05-24 00:00:00,False
PAT,IDR,QP,HIST-000,Economy,9683,INR,2025-03-04,14,1,3,10,False,False,50,2025-02-18 00:00:00,False
LKO,PNQ,6E,HIST-000,Economy,10038,INR,2023-04-27,14,3,4,17,False,False,50,2023-04-13 00:00:00,False
DEL,PNQ,6E,HIST-000,Economy,12378,INR,2025-09-13,14,5,9,37,False,True,50,2025-08-30 00:00:00,False
IDR,VNS,6E,HIST-000,Economy,10303,INR,2023-06-03,14,5,6,22,False,True,50,2023-05-20 00:00:00,False
BBI,BLR,QP,HIST-000,Economy,8884,INR,2024-06-24,14,0,6,26,False,False,50,2024-06-10 00:00:00,False
CCU,HYD,I5,HIST-000,Economy,4429,INR,2023-09-22,14,4,9,38,False,False,50,2023-09-08 00:00:00,False
HYD,RPR,S5,HIST-000,Economy,7663,INR,2025-07-20,14,6,7,29,False,True,50,2025-07-06 00:00:00,False
RPR,AMD,QP,HIST-000,Economy,10320,INR,2023-12-24,14,6,12,51,False,True,50,2023-12-10 00:00:00,False
BBI,HYD,S5,HIST-000,Economy,9541,INR,2023-04-08,14,5,4,14,False,True,50,2023-03-25 00:00:00,False
DEL,COK,SG,HIST-000,Economy,5904,INR,2023-12-26,14,1,12,52,False,False,50,2023-12-12 00:00:00,False
HYD,RPR,G8,HIST-000,Economy,9886,INR,2025-03-15,14,5,3,11,False,True,50,2025-03-01 00:00:00,False
GAU,NAG,SG,HIST-000,Economy,11410,INR,2024-09-04,14,2,9,36,False,False,50,2024-08-21 00:00:00,False
NAG,COK,6E,HIST-000,Economy,12806,INR,2023-02-03,14,4,2,5,False,False,50,2023-01-20 00:00:00,False
JAI,CCU,S5,HIST-000,Economy,11441,INR,2023-01-01,14,6,1,52,False,True,50,2022-12-18 00:00:00,False
GOI,RPR,G8,HIST-000,Economy,13891,INR,2025-10-10,14,4,10,41,False,False,50,2025-09-26 00:00:00,False
DEL,JAI,S5,HIST-000,Economy,11575,INR,2024-02-21,14,2,2,8,False,False,50,2024-02-07 00:00:00,False
COK,HYD,2T,HIST-000,Economy,12917,INR,2025-08-09,14,5,8,32,False,True,50,2025-07-26 00:00:00,False
MAA,PNQ,I5,HIST-000,Economy,6298,INR,2025-12-09,14,1,12,50,False,False,50,2025-11-25 00:00:00,False
PNQ,GOI,G8,HIST-000,Economy,10610,INR,2024-11-26,14,1,11,48,False,False,50,2024-11-12 00:00:00,False
MAA,IDR,G8,HIST-000,Economy,5274,INR,2023-02-13,14,0,2,7,False,False,50,2023-01-30 00:00:00,False
LKO,AMD,SG,HIST-000,Economy,6749,INR,2024-07-10,14,2,7,28,False,False,50,2024-06-26 00:00:00,False
IDR,RPR,SG,HIST-000,Economy,14499,INR,2023-07-12,14,2,7,28,False,False,50,2023-06-28 00:00:00,False
IDR,VNS,AI,HIST-000,Economy,9535,INR,2024-09-19,14,3,9,38,False,False,50,2024-09-05 00:00:00,False
BOM,GOI,I5,HIST-000,Economy,7317,INR,2025-10-09,14,3,10,41,False,False,50,2025-09-25 00:00:00,False
STV,GAU,9I,HIST-000,Economy,10613,INR,2025-08-09,14,5,8,32,False,True,50,2025-07-26 00:00:00,False
GOI,STV,6E,HIST-000,Economy,12864,INR,2024-06-24,14,0,6,26,False,False,50,2024-06-10 00:00:00,False
BBI,DEL,G8,HIST-000,Economy,6886,INR,2024-07-11,14,3,7,28,False,False,50,2024-06-27 00:00:00,False
IDR,PAT,2T,HIST-000,Economy,9491,INR,2024-05-25,14,5,5,21,False,True,50,2024-05-11 00:00:00,False
BLR,AMD,SG,HIST-000,Economy,12398,INR,2024-11-16,14,5,11,46,False,True,50,2024-11-02 00:00:00,False
NAG,RPR,UK,HIST-000,Economy,5263,INR,2023-04-24,14,0,4,17,False,False,50,2023-04-10 00:00:00,False
PAT,RPR,SG,HIST-000,Economy,9439,INR,2023-06-22,14,3,6,25,False,False,50,2023-06-08 00:00:00,False
NAG,JAI,9I,HIST-000,Economy,7784,INR,2023-08-03,14,3,8,31,False,False,50,2023-07-20 00:00:00,False
BBI,RPR,G8,HIST-000,Economy,16857,INR,2025-04-01,14,1,4,14,False,False,50,2025-03-18 00:00:00,False
JAI,BLR,I5,HIST-000,Economy,13112,INR,2025-01-05,14,6,1,1,False,True,50,2024-12-22 00:00:00,False
GAU,DEL,6E,HIST-000,Economy,5654,INR,2023-02-25,14,5,2,8,False,True,50,2023-02-11 00:00:00,False
BLR,BBI,6E,HIST-000,Economy,13006,INR,2025-12-16,14,1,12,51,False,False,50,2025-12-02 00:00:00,False
IDR,NAG,I5,HIST-000,Economy,10807,INR,2023-02-22,14,2,2,8,False,False,50,2023-02-08 00:00:00,False
LKO,MAA,6E,HIST-000,Economy,5123,INR,2024-09-02,14,0,9,36,False,False,50,2024-08-19 00:00:00,False
COK,NAG,UK,HIST-000,Economy,3760,INR,2025-11-01,14,5,11,44,False,True,50,2025-10-18 00:00:00,False
CCU,HYD,AI,HIST-000,Economy,11488,INR,2023-04-07,14,4,4,14,False,False,50,2023-03-24 00:00:00,False
NAG,IDR,QP,HIST-000,Economy,9023,INR,2025-07-09,14,2,7,28,False,False,50,2025-06-25 00:00:00,False
COK,JAI,SG,HIST-000,Economy,5548,INR,2023-09-19,14,1,9,38,False,False,50,2023-09-05 00:00:00,False
RPR,BLR,G8,HIST-000,Economy,7339,INR,2024-04-07,14,6,4,14,False,True,50,2024-03-24 00:00:00,False
LKO,CCU,UK,HIST-000,Economy,8107,INR,2023-01-06,14,4,1,1,False,False,50,2022-12-23 00:00:00,False
PNQ,JAI,AI,HIST-000,Economy,10497,INR,2024-07-05,14,4,7,27,False,False,50,2024-06-21 00:00:00,False
MAA,BLR,G8,HIST-000,Economy,12053,INR,2023-06-26,14,0,6,26,False,False,50,2023-06-12 00:00:00,False
VNS,DEL,SG,HIST-000,Economy,4106,INR,2023-10-24,14,1,10,43,False,False,50,2023-10-10 00:00:00,False
NAG,AMD,S5,HIST-000,Economy,9642,INR,2025-01-03,14,4,1,1,False,False,50,2024-12-20 00:00:00,False
IDR,VNS,G8,HIST-000,Economy,5992,INR,2023-11-21,14,1,11,47,False,False,50,2023-11-07 00:00:00,False
BBI,MAA,UK,HIST-000,Economy,8004,INR,2024-03-03,14,6,3,9,False,True,50,2024-02-18 00:00:00,False
GOI,AMD,I5,HIST-000,Economy,8726,INR,2025-01-04,14,5,1,1,False,True,50,2024-12-21 00:00:00,False
STV,DEL,2T,HIST-000,Economy,14994,INR,2024-02-17,14,5,2,7,False,True,50,2024-02-03 00:00:00,False
IDR,BOM,SG,HIST-000,Economy,14161,INR,2025-07-01,14,1,7,27,False,False,50,2025-06-17 00:00:00,False
BBI,RPR,AI,HIST-000,Economy,3452,INR,2024-07-24,14,2,7,30,False,False,50,2024-07-10 00:00:00,False
BOM,AMD,2T,HIST-000,Economy,2697,INR,2024-02-01,14,3,2,5,False,False,50,2024-01-18 00:00:00,False
AMD,LKO,S5,HIST-000,Economy,13535,INR,2024-12-04,14,2,12,49,False,False,50,2024-11-20 00:00:00,False
NAG,COK,QP,HIST-000,Economy,9526,INR,2023-12-16,14,5,12,50,False,True,50,2023-12-02 00:00:00,False
NAG,AMD,9I,HIST-000,Economy,9946,INR,2025-09-16,14,1,9,38,False,False,50,2025-09-02 00:00:00,False
PAT,GAU,G8,HIST-000,Economy,17307,INR,2025-05-23,14,4,5,21,False,False,50,2025-05-09 00:00:00,False
VNS,BLR,SG,HIST-000,Economy,9771,INR,2024-08-01,14,3,8,31,False,False,50,2024-07-18 00:00:00,False
JAI,IDR,S5,HIST-000,Economy,13491,INR,2024-04-01,14,0,4,14,False,False,50,2024-03-18 00:00:00,False
NAG,BLR,I5,HIST-000,Economy,9672,INR,2025-06-28,14,5,6,26,False,True,50,2025-06-14 00:00:00,False
STV,VNS,QP,HIST-000,Economy,3601,INR,2023-05-20,14,5,5,20,False,True,50,2023-05-06 00:00:00,False
PNQ,STV,G8,HIST-000,Economy,6725,INR,2025-12-26,14,4,12,52,False,False,50,2025-12-12 00:00:00,False
CCU,PNQ,2T,HIST-000,Economy,16460,INR,2023-03-19,14,6,3,11,False,True,50,2023-03-05 00:00:00,False
DEL,CCU,9I,HIST-000,Economy,6621,INR,2024-01-20,14,5,1,3,False,True,50,2024-01-06 00:00:00,False
DEL,HYD,I5,HIST-000,Economy,9180,INR,2023-06-01,14,3,6,22,False,False,50,2023-05-18 00:00:00,False
JAI,GAU,AI,HIST-000,Economy,8907,INR,2024-05-05,14,6,5,18,False,True,50,2024-04-21 00:00:00,False
PNQ,BBI,6E,HIST-000,Economy,10664,INR,2023-12-19,14,1,12,51,False,False,50,2023-12-05 00:00:00,False
GAU,PNQ,6E,HIST-000,Economy,10843,INR,2023-10-09,14,0,10,41,False,False,50,2023-09-25 00:00:00,False
NAG,COK,6E,HIST-000,Economy,13930,INR,2023-03-06,14,0,3,10,False,False,50,2023-02-20 00:00:00,False
IDR,GAU,AI,HIST-000,Economy,11672,INR,2023-07-06,14,3,7,27,False,False,50,2023-06-22 00:00:00,False
COK,HYD,6E,HIST-000,Economy,4115,INR,2023-09-18,14,0,9,38,False,False,50,2023-09-04 00:00:00,False
DEL,GAU,9I,HIST-000,Economy,7233,INR,2025-05-13,14,1,5,20,False,False,50,2025-04-29 00:00:00,False
CCU,HYD,9I,HIST-000,Economy,9757,INR,2025-01-12,14,6,1,2,False,True,50,2024-12-29 00:00:00,False
JAI,BOM,QP,HIST-000,Economy,14376,INR,2025-04-11,14,4,4,15,False,False,50,2025-03-28 00:00:00,False
LKO,IDR,6E,HIST-000,Economy,11849,INR,2024-04-26,14,4,4,17,False,False,50,2024-04-12 00:00:00,False
STV,DEL,G8,HIST-000,Economy,9773,INR,2024-05-26,14,6,5,21,False,True,50,2024-05-12 00:00:00,False
AMD,BOM,SG,HIST-000,Economy,11683,INR,2024-02-08,14,3,2,6,False,False,50,2024-01-25 00:00:00,False
VNS,BOM,G8,HIST-000,Economy,12063,INR,2023-04-26,14,2,4,17,False,False,50,2023-04-12 00:00:00,False
HYD,MAA,UK,HIST-000,Economy,13887,INR,2023-04-04,14,1,4,14,False,False,50,2023-03-21 00:00:00,False
JAI,IDR,UK,HIST-000,Economy,10723,INR,2024-01-18,14,3,1,3,False,False,50,2024-01-04 00:00:00,False
NAG,JAI,UK,HIST-000,Economy,9541,INR,2023-09-09,14,5,9,36,False,True,50,2023-08-26 00:00:00,False
NAG,DEL,9I,HIST-000,Economy,10263,INR,2023-02-13,14,0,2,7,False,False,50,2023-01-30 00:00:00,False
AMD,STV,G8,HIST-000,Economy,13049,INR,2025-07-01,14,1,7,27,False,False,50,2025-06-17 00:00:00,False
GAU,NAG,UK,HIST-000,Economy,10557,INR,2025-01-21,14,1,1,4,False,False,50,2025-01-07 00:00:00,False
GAU,VNS,G8,HIST-000,Economy,7144,INR,2023-12-01,14,4,12,48,False,False,50,2023-11-17 00:00:00,False
PNQ,HYD,SG,HIST-000,Economy,12729,INR,2025-09-14,14,6,9,37,False,True,50,2025-08-31 00:00:00,False
GAU,GOI,6E,HIST-000,Economy,8282,INR,2025-12-08,14,0,12,50,False,False,50,2025-11-24 00:00:00,False
RPR,IDR,S5,HIST-000,Economy,6891,INR,2023-06-22,14,3,6,25,False,False,50,2023-06-08 00:00:00,False
GOI,BOM,6E,HIST-000,Economy,3925,INR,2024-05-08,14,2,5,19,False,False,50,2024-04-24 00:00:00,False
IDR,COK,S5,HIST-000,Economy,13883,INR,2025-12-01,14,0,12,49,False,False,50,2025-11-17 00:00:00,False
BBI,RPR,2T,HIST-000,Economy,13552,INR,2023-06-28,14,2,6,26,False,False,50,2023-06-14 00:00:00,False
JAI,IDR,S5,HIST-000,Economy,13455,INR,2024-03-01,14,4,3,9,False,False,50,2024-02-16 00:00:00,False
MAA,GAU,G8,HIST-000,Economy,9657,INR,2024-11-28,14,3,11,48,False,False,50,2024-11-14 00:00:00,False
GOI,JAI,9I,HIST-000,Economy,10538,INR,2024-09-01,14,6,9,35,False,True,50,2024-08-18 00:00:00,False
LKO,PNQ,I5,HIST-000,Economy,3796,INR,2025-05-01,14,3,5,18,False,False,50,2025-04-17 00:00:00,False
VNS,PAT,SG,HIST-000,Economy,10332,INR,2023-04-25,14,1,4,17,False,False,50,2023-04-11 00:00:00,False
BBI,STV,QP,HIST-000,Economy,6338,INR,2023-06-04,14,6,6,22,False,True,50,2023-05-21 00:00:00,False
BLR,BBI,2T,HIST-000,Economy,8795,INR,2025-07-05,14,5,7,27,False,True,50,2025-06-21 00:00:00,False
RPR,JAI,I5,HIST-000,Economy,14763,INR,2023-11-14,14,1,11,46,False,False,50,2023-10-31 00:00:00,False
AMD,COK,AI,HIST-000,Economy,7457,INR,2024-02-13,14,1,2,7,False,False,50,2024-01-30 00:00:00,False
PAT,IDR,2T,HIST-000,Economy,10713,INR,2023-02-25,14,5,2,8,False,True,50,2023-02-11 00:00:00,False
PNQ,COK,9I,HIST-000,Economy,9575,INR,2025-05-07,14,2,5,19,False,False,50,2025-04-23 00:00:00,False
JAI,IDR,SG,HIST-000,Economy,11635,INR,2023-04-12,14,2,4,15,False,False,50,2023-03-29 00:00:00,False
MAA,PNQ,9I,HIST-000,Economy,10217,INR,2024-12-27,14,4,12,52,False,False,50,2024-12-13 00:00:00,False
MAA,DEL,QP,HIST-000,Economy,4066,INR,2025-09-21,14,6,9,38,False,True,50,2025-09-07 00:00:00,False
BOM,VNS,AI,HIST-000,Economy,4194,INR,2024-11-20,14,2,11,47,False,False,50,2024-11-06 00:00:00,False
HYD,RPR,6E,HIST-000,Economy,9443,INR,2025-06-10,14,1,6,24,False,False,50,2025-05-27 00:00:00,False
JAI,STV,S5,HIST-000,Economy,11423,INR,2025-10-13,14,0,10,42,False,False,50,2025-09-29 00:00:00,False
VNS,GOI,G8,HIST-000,Economy,10029,INR,2025-04-28,14,0,4,18,False,False,50,2025-04-14 00:00:00,False
GAU,BOM,I5,HIST-000,Economy,11822,INR,2023-09-14,14,3,9,37,False,False,50,2023-08-31 00:00:00,False
BLR,NAG,I5,HIST-000,Economy,5609,INR,2023-12-15,14,4,12,50,False,False,50,2023-12-01 00:00:00,False
MAA,DEL,S5,HIST-000,Economy,8397,INR,2024-08-09,14,4,8,32,False,False,50,2024-07-26 00:00:00,False
HYD,BLR,SG,HIST-000,Economy,8041,INR,2023-02-23,14,3,2,8,False,False,50,2023-02-09 00:00:00,False
IDR,BOM,S5,HIST-000,Economy,4507,INR,2023-09-05,14,1,9,36,False,False,50,2023-08-22 00:00:00,False
JAI,GAU,QP,HIST-000,Economy,12291,INR,2025-12-14,14,6,12,50,False,True,50,2025-11-30 00:00:00,False
BOM,CCU,S5,HIST-000,Economy,9970,INR,2025-04-06,14,6,4,14,False,True,50,2025-03-23 00:00:00,False
BLR,MAA,6E,HIST-000,Economy,13147,INR,2023-02-01,14,2,2,5,False,False,50,2023-01-18 00:00:00,False
MAA,HYD,G8,HIST-000,Economy,8849,INR,2024-03-07,14,3,3,10,False,False,50,2024-02-22 00:00:00,False
STV,PNQ,AI,HIST-000,Economy,8981,INR,2025-02-06,14,3,2,6,False,False,50,2025-01-23 00:00:00,False
PAT,GAU,AI,HIST-000,Economy,10132,INR,2023-03-15,14,2,3,11,False,False,50,2023-03-01 00:00:00,False
CCU,GAU,AI,HIST-000,Economy,4974,INR,2024-10-14,14,0,10,42,False,False,50,2024-09-30 00:00:00,False
PAT,BBI,UK,HIST-000,Economy,6897,INR,2025-12-20,14,5,12,51,False,True,50,2025-12-06 00:00:00,False
NAG,RPR,6E,HIST-000,Economy,11349,INR,2025-11-03,14,0,11,45,False,False,50,2025-10-20 00:00:00,False
DEL,CCU,SG,HIST-000,Economy,6901,INR,2024-05-21,14,1,5,21,False,False,50,2024-05-07 00:00:00,False
NAG,IDR,6E,HIST-000,Economy,14340,INR,2025-10-17,14,4,10,42,False,False,50,2025-10-03 00:00:00,False
VNS,GAU,SG,HIST-000,Economy,13278,INR,2024-03-14,14,3,3,11,False,False,50,2024-02-29 00:00:00,False
STV,NAG,G8,HIST-000,Economy,7545,INR,2024-09-02,14,0,9,36,False,False,50,2024-08-19 00:00:00,False
GAU,MAA,SG,HIST-000,Economy,9808,INR,2024-10-19,14,5,10,42,False,True,50,2024-10-05 00:00:00,False
LKO,BLR,9I,HIST-000,Economy,10818,INR,2024-11-14,14,3,11,46,False,False,50,2024-10-31 00:00:00,False
COK,BOM,QP,HIST-000,Economy,11730,INR,2025-06-28,14,5,6,26,False,True,50,2025-06-14 00:00:00,False
VNS,PAT,SG,HIST-000,Economy,13883,INR,2024-03-11,14,0,3,11,False,False,50,2024-02-26 00:00:00,False
BBI,PAT,QP,HIST-000,Economy,11220,INR,2025-10-07,14,1,10,41,False,False,50,2025-09-23 00:00:00,False
MAA,RPR,G8,HIST-000,Economy,5938,INR,2024-10-28,14,0,10,44,False,False,50,2024-10-14 00:00:00,False
IDR,HYD,G8,HIST-000,Economy,13004,INR,2025-11-15,14,5,11,46,False,True,50,2025-11-01 00:00:00,False
JAI,DEL,6E,HIST-000,Economy,9143,INR,2024-01-03,14,2,1,1,False,False,50,2023-12-20 00:00:00,False
BOM,STV,9I,HIST-000,Economy,15284,INR,2024-01-03,14,2,1,1,False,False,50,2023-12-20 00:00:00,False
IDR,GOI,QP,HIST-000,Economy,8293,INR,2023-08-08,14,1,8,32,False,False,50,2023-07-25 00:00:00,False
PNQ,GAU,6E,HIST-000,Economy,11048,INR,2023-11-25,14,5,11,47,False,True,50,2023-11-11 00:00:00,False
JAI,BLR,2T,HIST-000,Economy,7980,INR,2024-10-21,14,0,10,43,False,False,50,2024-10-07 00:00:00,False
VNS,RPR,UK,HIST-000,Economy,16215,INR,2023-03-13,14,0,3,11,False,False,50,2023-02-27 00:00:00,False
PAT,PNQ,QP,HIST-000,Economy,7958,INR,2023-03-28,14,1,3,13,False,False,50,2023-03-14 00:00:00,False
BBI,STV,SG,HIST-000,Economy,7390,INR,2025-11-18,14,1,11,47,False,False,50,2025-11-04 00:00:00,False
GOI,RPR,9I,HIST-000,Economy,3182,INR,2023-05-18,14,3,5,20,False,False,50,2023-05-04 00:00:00,False
DEL,BOM,I5,HIST-000,Economy,3350,INR,2023-02-28,14,1,2,9,False,False,50,2023-02-14 00:00:00,False
LKO,GAU,I5,HIST-000,Economy,9145,INR,2025-08-25,14,0,8,35,False,False,50,2025-08-11 00:00:00,False
DEL,JAI,2T,HIST-000,Economy,14477,INR,2024-08-17,14,5,8,33,False,True,50,2024-08-03 00:00:00,False
GAU,GOI,2T,HIST-000,Economy,5918,INR,2024-06-18,14,1,6,25,False,False,50,2024-06-04 00:00:00,False
HYD,RPR,6E,HIST-000,Economy,11857,INR,2023-01-11,14,2,1,2,False,False,50,2022-12-28 00:00:00,False
BLR,NAG,9I,HIST-000,Economy,3862,INR,2024-09-08,14,6,9,36,False,True,50,2024-08-25 00:00:00,False
AMD,HYD,6E,HIST-000,Economy,6150,INR,2024-05-22,14,2,5,21,False,False,50,2024-05-08 00:00:00,False
MAA,JAI,9I,HIST-000,Economy,8981,INR,2025-04-14,14,0,4,16,False,False,50,2025-03-31 00:00:00,False
VNS,IDR,9I,HIST-000,Economy,7052,INR,2023-12-21,14,3,12,51,False,False,50,2023-12-07 00:00:00,False
STV,LKO,I5,HIST-000,Economy,6384,INR,2025-09-16,14,1,9,38,False,False,50,2025-09-02 00:00:00,False
CCU,DEL,9I,HIST-000,Economy,11978,INR,2023-07-16,14,6,7,28,False,True,50,2023-07-02 00:00:00,False
AMD,RPR,9I,HIST-000,Economy,13472,INR,2025-04-11,14,4,4,15,False,False,50,2025-03-28 00:00:00,False
STV,HYD,6E,HIST-000,Economy,4163,INR,2025-07-26,14,5,7,30,False,True,50,2025-07-12 00:00:00,False
PNQ,CCU,SG,HIST-000,Economy,8146,INR,2024-03-27,14,2,3,13,False,False,50,2024-03-13 00:00:00,False
DEL,CCU,QP,HIST-000,Economy,12631,INR,2025-02-24,14,0,2,9,False,False,50,2025-02-10 00:00:00,False
NAG,HYD,UK,HIST-000,Economy,8536,INR,2025-11-14,14,4,11,46,False,False,50,2025-10-31 00:00:00,False
BOM,DEL,G8,HIST-000,Economy,5799,INR,2024-09-06,14,4,9,36,False,False,50,2024-08-23 00:00:00,False
BLR,BOM,G8,HIST-000,Economy,4613,INR,2024-08-12,14,0,8,33,False,False,50,2024-07-29 00:00:00,False
RPR,LKO,UK,HIST-000,Economy,7406,INR,2024-02-12,14,0,2,7,False,False,50,2024-01-29 00:00:00,False
COK,PNQ,G8,HIST-000,Economy,11066,INR,2025-01-16,14,3,1,3,False,False,50,2025-01-02 00:00:00,False
STV,JAI,6E,HIST-000,Economy,8000,INR,2023-11-17,14,4,11,46,False,False,50,2023-11-03 00:00:00,False
MAA,VNS,2T,HIST-000,Economy,8795,INR,2024-06-12,14,2,6,24,False,False,50,2024-05-29 00:00:00,False
BBI,IDR,G8,HIST-000,Economy,4332,INR,2024-11-14,14,3,11,46,False,False,50,2024-10-31 00:00:00,False
DEL,NAG,9I,HIST-000,Economy,16113,INR,2025-03-01,14,5,3,9,False,True,50,2025-02-15 00:00:00,False
VNS,NAG,G8,HIST-000,Economy,10774,INR,2023-11-06,14,0,11,45,False,False,50,2023-10-23 00:00:00,False
BLR,NAG,QP,HIST-000,Economy,7299,INR,2025-09-16,14,1,9,38,False,False,50,2025-09-02 00:00:00,False
MAA,LKO,I5,HIST-000,Economy,6386,INR,2023-03-16,14,3,3,11,False,False,50,2023-03-02 00:00:00,False
COK,JAI,G8,HIST-000,Economy,2609,INR,2023-03-19,14,6,3,11,False,True,50,2023-03-05 00:00:00,False
PNQ,BOM,AI,HIST-000,Economy,13566,INR,2023-02-07,14,1,2,6,False,False,50,2023-01-24 00:00:00,False
MAA,GOI,I5,HIST-000,Economy,11992,INR,2023-02-11,14,5,2,6,False,True,50,2023-01-28 00:00:00,False
BBI,GOI,QP,HIST-000,Economy,13310,INR,2024-08-03,14,5,8,31,False,True,50,2024-07-20 00:00:00,False
DEL,AMD,SG,HIST-000,Economy,14922,INR,2024-10-10,14,3,10,41,False,False,50,2024-09-26 00:00:00,False
PAT,VNS,I5,HIST-000,Economy,2889,INR,2023-05-02,14,1,5,18,False,False,50,2023-04-18 00:00:00,False
NAG,STV,AI,HIST-000,Economy,8466,INR,2024-08-17,14,5,8,33,False,True,50,2024-08-03 00:00:00,False
LKO,RPR,QP,HIST-000,Economy,3810,INR,2025-05-24,14,5,5,21,False,True,50,2025-05-10 00:00:00,False
VNS,JAI,SG,HIST-000,Economy,9490,INR,2025-01-17,14,4,1,3,False,False,50,2025-01-03 00:00:00,False
AMD,BOM,SG,HIST-000,Economy,8471,INR,2023-02-19,14,6,2,7,False,True,50,2023-02-05 00:00:00,False
CCU,BBI,QP,HIST-000,Economy,12499,INR,2023-01-13,14,4,1,2,False,False,50,2022-12-30 00:00:00,False
PAT,RPR,S5,HIST-000,Economy,9773,INR,2025-04-06,14,6,4,14,False,True,50,2025-03-23 00:00:00,False
HYD,DEL,2T,HIST-000,Economy,14341,INR,2023-03-07,14,1,3,10,False,False,50,2023-02-21 00:00:00,False
GOI,BLR,I5,HIST-000,Economy,7401,INR,2024-04-07,14,6,4,14,False,True,50,2024-03-24 00:00:00,False
PNQ,IDR,QP,HIST-000,Economy,10363,INR,2023-03-03,14,4,3,9,False,False,50,2023-02-17 00:00:00,False
HYD,IDR,G8,HIST-000,Economy,10798,INR,2023-02-05,14,6,2,5,False,True,50,2023-01-22 00:00:00,False
NAG,CCU,G8,HIST-000,Economy,9318,INR,2023-03-03,14,4,3,9,False,False,50,2023-02-17 00:00:00,False
RPR,AMD,S5,HIST-000,Economy,9102,INR,2024-08-09,14,4,8,32,False,False,50,2024-07-26 00:00:00,False
MAA,PNQ,6E,HIST-000,Economy,4097,INR,2025-06-09,14,0,6,24,False,False,50,2025-05-26 00:00:00,False
GAU,BOM,9I,HIST-000,Economy,11356,INR,2024-04-02,14,1,4,14,False,False,50,2024-03-19 00:00:00,False
GOI,NAG,6E,HIST-000,Economy,6649,INR,2025-11-07,14,4,11,45,False,False,50,2025-10-24 00:00:00,False
IDR,GOI,AI,HIST-000,Economy,6079,INR,2024-02-08,14,3,2,6,False,False,50,2024-01-25 00:00:00,False
HYD,NAG,6E,HIST-000,Economy,4483,INR,2023-10-17,14,1,10,42,False,False,50,2023-10-03 00:00:00,False
MAA,LKO,G8,HIST-000,Economy,7867,INR,2024-12-02,14,0,12,49,False,False,50,2024-11-18 00:00:00,False
STV,IDR,SG,HIST-000,Economy,2637,INR,2024-11-21,14,3,11,47,False,False,50,2024-11-07 00:00:00,False
AMD,BOM,SG,HIST-000,Economy,8466,INR,2023-01-28,14,5,1,4,False,True,50,2023-01-14 00:00:00,False
MAA,STV,S5,HIST-000,Economy,10770,INR,2024-02-02,14,4,2,5,False,False,50,2024-01-19 00:00:00,False
MAA,IDR,G8,HIST-000,Economy,4302,INR,2024-08-22,14,3,8,34,False,False,50,2024-08-08 00:00:00,False
RPR,PAT,2T,HIST-000,Economy,7157,INR,2023-07-17,14,0,7,29,False,False,50,2023-07-03 00:00:00,False
PNQ,NAG,SG,HIST-000,Economy,11427,INR,2025-11-04,14,1,11,45,False,False,50,2025-10-21 00:00:00,False
BLR,LKO,AI,HIST-000,Economy,5839,INR,2024-11-02,14,5,11,44,False,True,50,2024-10-19 00:00:00,False
PNQ,VNS,SG,HIST-000,Economy,7496,INR,2023-07-01,14,5,7,26,False,True,50,2023-06-17 00:00:00,False
RPR,COK,S5,HIST-000,Economy,11923,INR,2025-05-13,14,1,5,20,False,False,50,2025-04-29 00:00:00,False
NAG,VNS,6E,HIST-000,Economy,6100,INR,2023-11-17,14,4,11,46,False,False,50,2023-11-03 00:00:00,False
NAG,GAU,UK,HIST-000,Economy,12488,INR,2024-01-02,14,1,1,1,False,False,50,2023-12-19 00:00:00,False
BBI,GAU,9I,HIST-000,Economy,11574,INR,2024-06-07,14,4,6,23,False,False,50,2024-05-24 00:00:00,False
BBI,JAI,UK,HIST-000,Economy,11565,INR,2023-06-28,14,2,6,26,False,False,50,2023-06-14 00:00:00,False
IDR,HYD,I5,HIST-000,Economy,10682,INR,2023-01-14,14,5,1,2,False,True,50,2022-12-31 00:00:00,False
CCU,BOM,QP,HIST-000,Economy,5947,INR,2025-04-18,14,4,4,16,False,False,50,2025-04-04 00:00:00,False
DEL,GOI,SG,HIST-000,Economy,12137,INR,2025-07-24,14,3,7,30,False,False,50,2025-07-10 00:00:00,False
GOI,PNQ,G8,HIST-000,Economy,4906,INR,2024-02-07,14,2,2,6,False,False,50,2024-01-24 00:00:00,False
GAU,DEL,AI,HIST-000,Economy,9788,INR,2023-10-24,14,1,10,43,False,False,50,2023-10-10 00:00:00,False
JAI,GAU,6E,HIST-000,Economy,5948,INR,2023-02-05,14,6,2,5,False,True,50,2023-01-22 00:00:00,False
LKO,JAI,AI,HIST-000,Economy,13032,INR,2024-06-26,14,2,6,26,False,False,50,2024-06-12 00:00:00,False
PAT,IDR,S5,HIST-000,Economy,7281,INR,2023-11-24,14,4,11,47,False,False,50,2023-11-10 00:00:00,False
PNQ,GAU,UK,HIST-000,Economy,8504,INR,2024-03-10,14,6,3,10,False,True,50,2024-02-25 00:00:00,False
RPR,VNS,2T,HIST-000,Economy,6848,INR,2024-07-17,14,2,7,29,False,False,50,2024-07-03 00:00:00,False
BBI,GAU,AI,HIST-000,Economy,12742,INR,2025-08-21,14,3,8,34,False,False,50,2025-08-07 00:00:00,False
NAG,BLR,S5,HIST-000,Economy,13017,INR,2025-01-16,14,3,1,3,False,False,50,2025-01-02 00:00:00,False
NAG,AMD,I5,HIST-000,Economy,7428,INR,2024-03-08,14,4,3,10,False,False,50,2024-02-23 00:00:00,False
CCU,DEL,SG,HIST-000,Economy,11824,INR,2025-07-23,14,2,7,30,False,False,50,2025-07-09 00:00:00,False
VNS,STV,AI,HIST-000,Economy,11187,INR,2025-09-05,14,4,9,36,False,False,50,2025-08-22 00:00:00,False
CCU,COK,QP,HIST-000,Economy,8588,INR,2025-08-17,14,6,8,33,False,True,50,2025-08-03 00:00:00,False
NAG,GAU,AI,HIST-000,Economy,8449,INR,2024-03-26,14,1,3,13,False,False,50,2024-03-12 00:00:00,False
VNS,BBI,I5,HIST-000,Economy,10849,INR,2024-03-16,14,5,3,11,False,True,50,2024-03-02 00:00:00,False
PAT,VNS,2T,HIST-000,Economy,3137,INR,2023-10-13,14,4,10,41,False,False,50,2023-09-29 00:00:00,False
RPR,LKO,QP,HIST-000,Economy,4231,INR,2024-11-18,14,0,11,47,False,False,50,2024-11-04 00:00:00,False
NAG,STV,G8,HIST-000,Economy,8240,INR,2023-02-17,14,4,2,7,False,False,50,2023-02-03 00:00:00,False
CCU,IDR,9I,HIST-000,Economy,8132,INR,2023-05-10,14,2,5,19,False,False,50,2023-04-26 00:00:00,False
VNS,PAT,9I,HIST-000,Economy,5031,INR,2023-12-11,14,0,12,50,False,False,50,2023-11-27 00:00:00,False
BBI,NAG,9I,HIST-000,Economy,5060,INR,2024-09-02,14,0,9,36,False,False,50,2024-08-19 00:00:00,False
BLR,LKO,I5,HIST-000,Economy,11241,INR,2025-07-16,14,2,7,29,False,False,50,2025-07-02 00:00:00,False
COK,BOM,UK,HIST-000,Economy,15629,INR,2025-11-09,14,6,11,45,False,True,50,2025-10-26 00:00:00,False
JAI,PAT,G8,HIST-000,Economy,7892,INR,2024-11-17,14,6,11,46,False,True,50,2024-11-03 00:00:00,False
RPR,LKO,9I,HIST-000,Economy,3375,INR,2024-08-21,14,2,8,34,False,False,50,2024-08-07 00:00:00,False
STV,VNS,SG,HIST-000,Economy,11383,INR,2025-01-22,14,2,1,4,False,False,50,2025-01-08 00:00:00,False
BLR,PAT,2T,HIST-000,Economy,9639,INR,2024-07-08,14,0,7,28,False,False,50,2024-06-24 00:00:00,False
AMD,VNS,AI,HIST-000,Economy,10293,INR,2024-03-14,14,3,3,11,False,False,50,2024-02-29 00:00:00,False
JAI,PNQ,G8,HIST-000,Economy,9556,INR,2023-03-28,14,1,3,13,False,False,50,2023-03-14 00:00:00,False
CCU,PNQ,S5,HIST-000,Economy,6202,INR,2025-02-26,14,2,2,9,False,False,50,2025-02-12 00:00:00,False
BBI,CCU,S5,HIST-000,Economy,8126,INR,2025-01-24,14,4,1,4,False,False,50,2025-01-10 00:00:00,False
PAT,STV,S5,HIST-000,Economy,7303,INR,2023-11-09,14,3,11,45,False,False,50,2023-10-26 00:00:00,False
STV,JAI,UK,HIST-000,Economy,4531,INR,2023-07-06,14,3,7,27,False,False,50,2023-06-22 00:00:00,False
NAG,AMD,G8,HIST-000,Economy,4975,INR,2024-02-05,14,0,2,6,False,False,50,2024-01-22 00:00:00,False
BLR,BOM,S5,HIST-000,Economy,5160,INR,2024-01-24,14,2,1,4,False,False,50,2024-01-10 00:00:00,False
VNS,GOI,AI,HIST-000,Economy,6389,INR,2024-07-24,14,2,7,30,False,False,50,2024-07-10 00:00:00,False
IDR,BLR,6E,HIST-000,Economy,4657,INR,2025-01-06,14,0,1,2,False,False,50,2024-12-23 00:00:00,False
DEL,STV,UK,HIST-000,Economy,13403,INR,2025-07-25,14,4,7,30,False,False,50,2025-07-11 00:00:00,False
STV,AMD,S5,HIST-000,Economy,5944,INR,2024-04-26,14,4,4,17,False,False,50,2024-04-12 00:00:00,False
BBI,GAU,9I,HIST-000,Economy,6814,INR,2023-08-17,14,3,8,33,False,False,50,2023-08-03 00:00:00,False
PNQ,LKO,AI,HIST-000,Economy,11762,INR,2023-05-17,14,2,5,20,False,False,50,2023-05-03 00:00:00,False
PNQ,MAA,QP,HIST-000,Economy,15398,INR,2024-02-07,14,2,2,6,False,False,50,2024-01-24 00:00:00,False
GAU,MAA,2T,HIST-000,Economy,6348,INR,2025-03-08,14,5,3,10,False,True,50,2025-02-22 00:00:00,False
BBI,CCU,S5,HIST-000,Economy,7812,INR,2025-09-05,14,4,9,36,False,False,50,2025-08-22 00:00:00,False
NAG,PNQ,QP,HIST-000,Economy,9474,INR,2023-01-16,14,0,1,3,False,False,50,2023-01-02 00:00:00,False
COK,LKO,SG,HIST-000,Economy,10418,INR,2025-11-01,14,5,11,44,False,True,50,2025-10-18 00:00:00,False
NAG,VNS,2T,HIST-000,Economy,5411,INR,2023-12-02,14,5,12,48,False,True,50,2023-11-18 00:00:00,False
HYD,GAU,G8,HIST-000,Economy,6630,INR,2023-08-06,14,6,8,31,False,True,50,2023-07-23 00:00:00,False
BLR,AMD,UK,HIST-000,Economy,13282,INR,2025-05-02,14,4,5,18,False,False,50,2025-04-18 00:00:00,False
COK,GAU,G8,HIST-000,Economy,3511,INR,2025-01-27,14,0,1,5,False,False,50,2025-01-13 00:00:00,False
DEL,RPR,6E,HIST-000,Economy,10333,INR,2024-07-15,14,0,7,29,False,False,50,2024-07-01 00:00:00,False
BLR,JAI,AI,HIST-000,Economy,10818,INR,2024-07-13,14,5,7,28,False,True,50,2024-06-29 00:00:00,False
AMD,BBI,AI,HIST-000,Economy,8823,INR,2023-07-22,14,5,7,29,False,True,50,2023-07-08 00:00:00,False
PAT,COK,AI,HIST-000,Economy,7074,INR,2025-01-06,14,0,1,2,False,False,50,2024-12-23 00:00:00,False
BBI,PAT,S5,HIST-000,Economy,13605,INR,2024-05-15,14,2,5,20,False,False,50,2024-05-01 00:00:00,False
STV,RPR,G8,HIST-000,Economy,8983,INR,2024-09-12,14,3,9,37,False,False,50,2024-08-29 00:00:00,False
NAG,LKO,SG,HIST-000,Economy,8784,INR,2025-10-08,14,2,10,41,False,False,50,2025-09-24 00:00:00,False
MAA,STV,S5,HIST-000,Economy,5807,INR,2024-01-24,14,2,1,4,False,False,50,2024-01-10 00:00:00,False
HYD,GOI,G8,HIST-000,Economy,11970,INR,2024-05-26,14,6,5,21,False,True,50,2024-05-12 00:00:00,False
BOM,BLR,AI,HIST-000,Economy,5800,INR,2023-07-04,14,1,7,27,False,False,50,2023-06-20 00:00:00,False
GAU,COK,AI,HIST-000,Economy,16735,INR,2023-03-28,14,1,3,13,False,False,50,2023-03-14 00:00:00,False
BBI,BOM,SG,HIST-000,Economy,9805,INR,2023-05-12,14,4,5,19,False,False,50,2023-04-28 00:00:00,False
GOI,IDR,SG,HIST-000,Economy,10837,INR,2025-12-20,14,5,12,51,False,True,50,2025-12-06 00:00:00,False
COK,PNQ,I5,HIST-000,Economy,4999,INR,2023-07-14,14,4,7,28,False,False,50,2023-06-30 00:00:00,False
GAU,VNS,6E,HIST-000,Economy,7209,INR,2023-07-20,14,3,7,29,False,False,50,2023-07-06 00:00:00,False
MAA,PNQ,6E,HIST-000,Economy,12671,INR,2023-12-26,14,1,12,52,False,False,50,2023-12-12 00:00:00,False
BOM,IDR,6E,HIST-000,Economy,9891,INR,2025-01-28,14,1,1,5,False,False,50,2025-01-14 00:00:00,False
DEL,STV,9I,HIST-000,Economy,9301,INR,2023-03-03,14,4,3,9,False,False,50,2023-02-17 00:00:00,False
BBI,GOI,SG,HIST-000,Economy,11464,INR,2024-08-04,14,6,8,31,False,True,50,2024-07-21 00:00:00,False
DEL,NAG,AI,HIST-000,Economy,11063,INR,2023-08-20,14,6,8,33,False,True,50,2023-08-06 00:00:00,False
PNQ,HYD,UK,HIST-000,Economy,11776,INR,2025-09-01,14,0,9,36,False,False,50,2025-08-18 00:00:00,False
PAT,LKO,AI,HIST-000,Economy,3131,INR,2023-06-06,14,1,6,23,False,False,50,2023-05-23 00:00:00,False
IDR,JAI,UK,HIST-000,Economy,13678,INR,2025-11-19,14,2,11,47,False,False,50,2025-11-05 00:00:00,False
CCU,COK,S5,HIST-000,Economy,14721,INR,2025-11-09,14,6,11,45,False,True,50,2025-10-26 00:00:00,False
CCU,BOM,UK,HIST-000,Economy,8112,INR,2025-12-18,14,3,12,51,False,False,50,2025-12-04 00:00:00,False
STV,NAG,QP,HIST-000,Economy,5682,INR,2024-01-08,14,0,1,2,False,False,50,2023-12-25 00:00:00,False
DEL,GAU,2T,HIST-000,Economy,3646,INR,2025-07-16,14,2,7,29,False,False,50,2025-07-02 00:00:00,False
PNQ,VNS,UK,HIST-000,Economy,13904,INR,2024-08-28,14,2,8,35,False,False,50,2024-08-14 00:00:00,False
HYD,GAU,SG,HIST-000,Economy,5924,INR,2025-04-03,14,3,4,14,False,False,50,2025-03-20 00:00:00,False
BLR,CCU,2T,HIST-000,Economy,13913,INR,2024-05-03,14,4,5,18,False,False,50,2024-04-19 00:00:00,False
STV,AMD,I5,HIST-000,Economy,6019,INR,2024-09-04,14,2,9,36,False,False,50,2024-08-21 00:00:00,False
RPR,COK,2T,HIST-000,Economy,3223,INR,2025-11-01,14,5,11,44,False,True,50,2025-10-18 00:00:00,False
NAG,STV,9I,HIST-000,Economy,8984,INR,2023-05-05,14,4,5,18,False,False,50,2023-04-21 00:00:00,False
MAA,BBI,UK,HIST-000,Economy,7253,INR,2023-10-17,14,1,10,42,False,False,50,2023-10-03 00:00:00,False
JAI,VNS,AI,HIST-000,Economy,9378,INR,2024-03-14,14,3,3,11,False,False,50,2024-02-29 00:00:00,False
GAU,PAT,6E,HIST-000,Economy,9038,INR,2025-05-17,14,5,5,20,False,True,50,2025-05-03 00:00:00,False
GAU,IDR,6E,HIST-000,Economy,4451,INR,2025-12-19,14,4,12,51,False,False,50,2025-12-05 00:00:00,False
VNS,CCU,G8,HIST-000,Economy,12516,INR,2025-04-04,14,4,4,14,False,False,50,2025-03-21 00:00:00,False
STV,COK,I5,HIST-000,Economy,10947,INR,2025-04-17,14,3,4,16,False,False,50,2025-04-03 00:00:00,False
AMD,GAU,I5,HIST-000,Economy,8210,INR,2024-03-21,14,3,3,12,False,False,50,2024-03-07 00:00:00,False
JAI,GOI,AI,HIST-000,Economy,15378,INR,2023-07-09,14,6,7,27,False,True,50,2023-06-25 00:00:00,False
JAI,RPR,S5,HIST-000,Economy,7915,INR,2025-12-10,14,2,12,50,False,False,50,2025-11-26 00:00:00,False
COK,AMD,QP,HIST-000,Economy,11102,INR,2025-07-21,14,0,7,30,False,False,50,2025-07-07 00:00:00,False
AMD,DEL,S5,HIST-000,Economy,8428,INR,2024-03-11,14,0,3,11,False,False,50,2024-02-26 00:00:00,False
GOI,AMD,I5,HIST-000,Economy,12662,INR,2024-08-17,14,5,8,33,False,True,50,2024-08-03 00:00:00,False
GAU,STV,SG,HIST-000,Economy,8099,INR,2025-12-16,14,1,12,51,False,False,50,2025-12-02 00:00:00,False
COK,GOI,I5,HIST-000,Economy,10477,INR,2023-05-15,14,0,5,20,False,False,50,2023-05-01 00:00:00,False
BOM,VNS,UK,HIST-000,Economy,11053,INR,2024-01-11,14,3,1,2,False,False,50,2023-12-28 00:00:00,False
BOM,COK,SG,HIST-000,Economy,10307,INR,2024-01-03,14,2,1,1,False,False,50,2023-12-20 00:00:00,False
BOM,PNQ,6E,HIST-000,Economy,6752,INR,2023-07-12,14,2,7,28,False,False,50,2023-06-28 00:00:00,False
BBI,GOI,S5,HIST-000,Economy,6877,INR,2023-07-19,14,2,7,29,False,False,50,2023-07-05 00:00:00,False
COK,AMD,AI,HIST-000,Economy,8523,INR,2025-04-17,14,3,4,16,False,False,50,2025-04-03 00:00:00,False
PAT,BBI,QP,HIST-000,Economy,8375,INR,2024-04-18,14,3,4,16,False,False,50,2024-04-04 00:00:00,False
DEL,PAT,QP,HIST-000,Economy,15351,INR,2024-06-02,14,6,6,22,False,True,50,2024-05-19 00:00:00,False
GOI,RPR,UK,HIST-000,Economy,5375,INR,2023-07-08,14,5,7,27,False,True,50,2023-06-24 00:00:00,False
PNQ,PAT,AI,HIST-000,Economy,10360,INR,2025-10-01,14,2,10,40,False,False,50,2025-09-17 00:00:00,False
BOM,BLR,AI,HIST-000,Economy,12640,INR,2023-01-08,14,6,1,1,False,True,50,2022-12-25 00:00:00,False
IDR,STV,I5,HIST-000,Economy,5849,INR,2024-04-21,14,6,4,16,False,True,50,2024-04-07 00:00:00,False
COK,MAA,6E,HIST-000,Economy,17543,INR,2025-04-01,14,1,4,14,False,False,50,2025-03-18 00:00:00,False
VNS,RPR,S5,HIST-000,Economy,9593,INR,2023-03-23,14,3,3,12,False,False,50,2023-03-09 00:00:00,False
BLR,PNQ,S5,HIST-000,Economy,7691,INR,2024-12-22,14,6,12,51,False,True,50,2024-12-08 00:00:00,False
LKO,GAU,I5,HIST-000,Economy,5943,INR,2023-01-11,14,2,1,2,False,False,50,2022-12-28 00:00:00,False
RPR,JAI,QP,HIST-000,Economy,8595,INR,2025-04-20,14,6,4,16,False,True,50,2025-04-06 00:00:00,False
GAU,COK,AI,HIST-000,Economy,8835,INR,2025-05-20,14,1,5,21,False,False,50,2025-05-06 00:00:00,False
GAU,DEL,G8,HIST-000,Economy,12804,INR,2024-10-07,14,0,10,41,False,False,50,2024-09-23 00:00:00,False
PAT,PNQ,I5,HIST-000,Economy,9164,INR,2023-09-14,14,3,9,37,False,False,50,2023-08-31 00:00:00,False
HYD,DEL,6E,HIST-000,Economy,10782,INR,2023-04-11,14,1,4,15,False,False,50,2023-03-28 00:00:00,False
VNS,NAG,SG,HIST-000,Economy,6021,INR,2023-02-25,14,5,2,8,False,True,50,2023-02-11 00:00:00,False
RPR,GAU,6E,HIST-000,Economy,8292,INR,2023-10-22,14,6,10,42,False,True,50,2023-10-08 00:00:00,False
PAT,VNS,2T,HIST-000,Economy,7664,INR,2023-12-17,14,6,12,50,False,True,50,2023-12-03 00:00:00,False
DEL,JAI,I5,HIST-000,Economy,16555,INR,2025-10-16,14,3,10,42,False,False,50,2025-10-02 00:00:00,False
BLR,BOM,I5,HIST-000,Economy,4763,INR,2024-12-06,14,4,12,49,False,False,50,2024-11-22 00:00:00,False
MAA,LKO,I5,HIST-000,Economy,16447,INR,2025-07-04,14,4,7,27,False,False,50,2025-06-20 00:00:00,False
IDR,PNQ,G8,HIST-000,Economy,8729,INR,2023-09-18,14,0,9,38,False,False,50,2023-09-04 00:00:00,False
LKO,BOM,9I,HIST-000,Economy,9635,INR,2025-08-28,14,3,8,35,False,False,50,2025-08-14 00:00:00,False
HYD,LKO,2T,HIST-000,Economy,10312,INR,2023-02-28,14,1,2,9,False,False,50,2023-02-14 00:00:00,False
PNQ,VNS,AI,HIST-000,Economy,9887,INR,2024-09-16,14,0,9,38,False,False,50,2024-09-02 00:00:00,False
STV,BBI,G8,HIST-000,Economy,11262,INR,2023-05-07,14,6,5,18,False,True,50,2023-04-23 00:00:00,False
NAG,CCU,SG,HIST-000,Economy,5621,INR,2024-05-08,14,2,5,19,False,False,50,2024-04-24 00:00:00,False
COK,HYD,QP,HIST-000,Economy,9514,INR,2023-04-06,14,3,4,14,False,False,50,2023-03-23 00:00:00,False
NAG,PAT,UK,HIST-000,Economy,5480,INR,2023-02-22,14,2,2,8,False,False,50,2023-02-08 00:00:00,False
NAG,COK,I5,HIST-000,Economy,9951,INR,2025-09-08,14,0,9,37,False,False,50,2025-08-25 00:00:00,False
PAT,HYD,S5,HIST-000,Economy,14646,INR,2025-01-02,14,3,1,1,False,False,50,2024-12-19 00:00:00,False
BBI,HYD,SG,HIST-000,Economy,11274,INR,2024-09-03,14,1,9,36,False,False,50,2024-08-20 00:00:00,False
STV,JAI,QP,HIST-000,Economy,5816,INR,2024-09-23,14,0,9,39,False,False,50,2024-09-09 00:00:00,False
MAA,PNQ,9I,HIST-000,Economy,3652,INR,2024-09-06,14,4,9,36,False,False,50,2024-08-23 00:00:00,False
JAI,GOI,S5,HIST-000,Economy,6539,INR,2023-02-09,14,3,2,6,False,False,50,2023-01-26 00:00:00,False
PAT,BOM,AI,HIST-000,Economy,7350,INR,2023-12-27,14,2,12,52,False,False,50,2023-12-13 00:00:00,False
LKO,HYD,QP,HIST-000,Economy,11629,INR,2024-06-11,14,1,6,24,False,False,50,2024-05-28 00:00:00,False
GAU,PNQ,G8,HIST-000,Economy,5727,INR,2023-09-27,14,2,9,39,False,False,50,2023-09-13 00:00:00,False
GOI,COK,9I,HIST-000,Economy,9349,INR,2024-09-08,14,6,9,36,False,True,50,2024-08-25 00:00:00,False
BLR,LKO,UK,HIST-000,Economy,13705,INR,2025-11-14,14,4,11,46,False,False,50,2025-10-31 00:00:00,False
AMD,JAI,SG,HIST-000,Economy,10203,INR,2023-04-06,14,3,4,14,False,False,50,2023-03-23 00:00:00,False
GAU,STV,AI,HIST-000,Economy,8421,INR,2024-02-24,14,5,2,8,False,True,50,2024-02-10 00:00:00,False
DEL,BBI,AI,HIST-000,Economy,9362,INR,2024-10-26,14,5,10,43,False,True,50,2024-10-12 00:00:00,False
GOI,DEL,2T,HIST-000,Economy,7215,INR,2023-07-17,14,0,7,29,False,False,50,2023-07-03 00:00:00,False
BLR,IDR,2T,HIST-000,Economy,17019,INR,2024-01-22,14,0,1,4,False,False,50,2024-01-08 00:00:00,False
BOM,BLR,AI,HIST-000,Economy,10599,INR,2024-08-09,14,4,8,32,False,False,50,2024-07-26 00:00:00,False
IDR,RPR,I5,HIST-000,Economy,3697,INR,2023-03-04,14,5,3,9,False,True,50,2023-02-18 00:00:00,False
DEL,BLR,G8,HIST-000,Economy,11103,INR,2023-10-16,14,0,10,42,False,False,50,2023-10-02 00:00:00,False
HYD,PAT,UK,HIST-000,Economy,10740,INR,2024-06-15,14,5,6,24,False,True,50,2024-06-01 00:00:00,False
GOI,LKO,2T,HIST-000,Economy,3737,INR,2023-11-15,14,2,11,46,False,False,50,2023-11-01 00:00:00,False
STV,IDR,6E,HIST-000,Economy,9716,INR,2024-11-11,14,0,11,46,False,False,50,2024-10-28 00:00:00,False
GAU,LKO,G8,HIST-000,Economy,7820,INR,2024-07-26,14,4,7,30,False,False,50,2024-07-12 00:00:00,False
BLR,COK,G8,HIST-000,Economy,6751,INR,2025-01-07,14,1,1,2,False,False,50,2024-12-24 00:00:00,False
GOI,BLR,SG,HIST-000,Economy,10330,INR,2023-12-02,14,5,12,48,False,True,50,2023-11-18 00:00:00,False
JAI,LKO,2T,HIST-000,Economy,8943,INR,2024-01-20,14,5,1,3,False,True,50,2024-01-06 00:00:00,False
JAI,COK,6E,HIST-000,Economy,11114,INR,2025-02-02,14,6,2,5,False,True,50,2025-01-19 00:00:00,False
STV,AMD,G8,HIST-000,Economy,10357,INR,2025-11-02,14,6,11,44,False,True,50,2025-10-19 00:00:00,False
CCU,VNS,S5,HIST-000,Economy,9346,INR,2023-07-19,14,2,7,29,False,False,50,2023-07-05 00:00:00,False
RPR,GAU,AI,HIST-000,Economy,9269,INR,2023-03-17,14,4,3,11,False,False,50,2023-03-03 00:00:00,False
IDR,LKO,SG,HIST-000,Economy,5662,INR,2025-09-07,14,6,9,36,False,True,50,2025-08-24 00:00:00,False
HYD,BBI,UK,HIST-000,Economy,11417,INR,2025-09-08,14,0,9,37,False,False,50,2025-08-25 00:00:00,False
VNS,DEL,SG,HIST-000,Economy,5780,INR,2023-06-06,14,1,6,23,False,False,50,2023-05-23 00:00:00,False
HYD,JAI,S5,HIST-000,Economy,10841,INR,2025-05-03,14,5,5,18,False,True,50,2025-04-19 00:00:00,False
PNQ,IDR,AI,HIST-000,Economy,7282,INR,2024-07-10,14,2,7,28,False,False,50,2024-06-26 00:00:00,False
LKO,GOI,UK,HIST-000,Economy,11680,INR,2025-09-16,14,1,9,38,False,False,50,2025-09-02 00:00:00,False
CCU,JAI,AI,HIST-000,Economy,9523,INR,2023-02-08,14,2,2,6,False,False,50,2023-01-25 00:00:00,False
COK,IDR,QP,HIST-000,Economy,11709,INR,2025-05-26,14,0,5,22,False,False,50,2025-05-12 00:00:00,False
BOM,GOI,6E,HIST-000,Economy,11544,INR,2024-08-11,14,6,8,32,False,True,50,2024-07-28 00:00:00,False
MAA,STV,2T,HIST-000,Economy,4429,INR,2023-09-12,14,1,9,37,False,False,50,2023-08-29 00:00:00,False
DEL,STV,2T,HIST-000,Economy,6228,INR,2023-06-01,14,3,6,22,False,False,50,2023-05-18 00:00:00,False
MAA,BLR,UK,HIST-000,Economy,11642,INR,2023-06-25,14,6,6,25,False,True,50,2023-06-11 00:00:00,False
BBI,STV,2T,HIST-000,Economy,7643,INR,2023-07-11,14,1,7,28,False,False,50,2023-06-27 00:00:00,False
STV,PNQ,QP,HIST-000,Economy,7337,INR,2025-05-18,14,6,5,20,False,True,50,2025-05-04 00:00:00,False
HYD,COK,QP,HIST-000,Economy,11041,INR,2024-12-16,14,0,12,51,False,False,50,2024-12-02 00:00:00,False
STV,DEL,S5,HIST-000,Economy,6968,INR,2024-07-13,14,5,7,28,False,True,50,2024-06-29 00:00:00,False
MAA,LKO,SG,HIST-000,Economy,4942,INR,2024-10-21,14,0,10,43,False,False,50,2024-10-07 00:00:00,False
STV,BOM,AI,HIST-000,Economy,8748,INR,2023-11-06,14,0,11,45,False,False,50,2023-10-23 00:00:00,False
IDR,BBI,G8,HIST-000,Economy,3654,INR,2024-02-23,14,4,2,8,False,False,50,2024-02-09 00:00:00,False
PAT,IDR,6E,HIST-000,Economy,4258,INR,2023-12-16,14,5,12,50,False,True,50,2023-12-02 00:00:00,False
STV,BBI,AI,HIST-000,Economy,11485,INR,2025-03-28,14,4,3,13,False,False,50,2025-03-14 00:00:00,False
STV,HYD,9I,HIST-000,Economy,15174,INR,2025-05-14,14,2,5,20,False,False,50,2025-04-30 00:00:00,False
IDR,BLR,I5,HIST-000,Economy,12647,INR,2023-09-16,14,5,9,37,False,True,50,2023-09-02 00:00:00,False
VNS,STV,S5,HIST-000,Economy,5396,INR,2023-04-14,14,4,4,15,False,False,50,2023-03-31 00:00:00,False
PAT,AMD,I5,HIST-000,Economy,4431,INR,2025-11-20,14,3,11,47,False,False,50,2025-11-06 00:00:00,False
BLR,STV,9I,HIST-000,Economy,7984,INR,2024-01-01,14,0,1,1,False,False,50,2023-12-18 00:00:00,False
HYD,AMD,9I,HIST-000,Economy,6185,INR,2024-03-22,14,4,3,12,False,False,50,2024-03-08 00:00:00,False
GAU,PAT,9I,HIST-000,Economy,6807,INR,2023-11-07,14,1,11,45,False,False,50,2023-10-24 00:00:00,False
MAA,IDR,SG,HIST-000,Economy,3677,INR,2023-06-27,14,1,6,26,False,False,50,2023-06-13 00:00:00,False
GOI,BLR,S5,HIST-000,Economy,11443,INR,2023-09-02,14,5,9,35,False,True,50,2023-08-19 00:00:00,False
BOM,RPR,SG,HIST-000,Economy,6578,INR,2023-05-05,14,4,5,18,False,False,50,2023-04-21 00:00:00,False
VNS,IDR,I5,HIST-000,Economy,12393,INR,2025-12-01,14,0,12,49,False,False,50,2025-11-17 00:00:00,False
BOM,RPR,G8,HIST-000,Economy,6628,INR,2023-11-09,14,3,11,45,False,False,50,2023-10-26 00:00:00,False
GOI,BBI,QP,HIST-000,Economy,2604,INR,2025-03-19,14,2,3,12,False,False,50,2025-03-05 00:00:00,False
MAA,BBI,QP,HIST-000,Economy,12758,INR,2023-11-16,14,3,11,46,False,False,50,2023-11-02 00:00:00,False
VNS,MAA,6E,HIST-000,Economy,14209,INR,2025-11-23,14,6,11,47,False,True,50,2025-11-09 00:00:00,False
PNQ,CCU,UK,HIST-000,Economy,9570,INR,2025-05-11,14,6,5,19,False,True,50,2025-04-27 00:00:00,False
BOM,VNS,AI,HIST-000,Economy,8248,INR,2023-09-16,14,5,9,37,False,True,50,2023-09-02 00:00:00,False
JAI,NAG,2T,HIST-000,Economy,4269,INR,2024-06-22,14,5,6,25,False,True,50,2024-06-08 00:00:00,False
IDR,COK,SG,HIST-000,Economy,6349,INR,2025-10-14,14,1,10,42,False,False,50,2025-09-30 00:00:00,False
IDR,JAI,SG,HIST-000,Economy,12149,INR,2023-09-20,14,2,9,38,False,False,50,2023-09-06 00:00:00,False
MAA,COK,QP,HIST-000,Economy,12172,INR,2024-11-10,14,6,11,45,False,True,50,2024-10-27 00:00:00,False
JAI,BOM,9I,HIST-000,Economy,8234,INR,2025-07-19,14,5,7,29,False,True,50,2025-07-05 00:00:00,False
IDR,BBI,SG,HIST-000,Economy,8325,INR,2023-10-28,14,5,10,43,False,True,50,2023-10-14 00:00:00,False
VNS,GAU,9I,HIST-000,Economy,11940,INR,2024-12-10,14,1,12,50,False,False,50,2024-11-26 00:00:00,False
BBI,GOI,9I,HIST-000,Economy,7599,INR,2024-12-11,14,2,12,50,False,False,50,2024-11-27 00:00:00,False
BBI,CCU,9I,HIST-000,Economy,11398,INR,2025-04-05,14,5,4,14,False,True,50,2025-03-22 00:00:00,False
HYD,RPR,QP,HIST-000,Economy,5703,INR,2024-08-25,14,6,8,34,False,True,50,2024-08-11 00:00:00,False
RPR,STV,UK,HIST-000,Economy,6679,INR,2025-09-20,14,5,9,38,False,True,50,2025-09-06 00:00:00,False
BLR,CCU,SG,HIST-000,Economy,11486,INR,2025-07-11,14,4,7,28,False,False,50,2025-06-27 00:00:00,False
GAU,GOI,I5,HIST-000,Economy,8165,INR,2025-09-04,14,3,9,36,False,False,50,2025-08-21 00:00:00,False
STV,DEL,6E,HIST-000,Economy,5429,INR,2023-06-21,14,2,6,25,False,False,50,2023-06-07 00:00:00,False
BBI,DEL,6E,HIST-000,Economy,13844,INR,2025-11-26,14,2,11,48,False,False,50,2025-11-12 00:00:00,False
GOI,COK,UK,HIST-000,Economy,12277,INR,2025-02-18,14,1,2,8,False,False,50,2025-02-04 00:00:00,False
STV,AMD,QP,HIST-000,Economy,6765,INR,2025-04-01,14,1,4,14,False,False,50,2025-03-18 00:00:00,False
BOM,DEL,AI,HIST-000,Economy,6434,INR,2024-11-28,14,3,11,48,False,False,50,2024-11-14 00:00:00,False
BLR,VNS,G8,HIST-000,Economy,10000,INR,2025-12-10,14,2,12,50,False,False,50,2025-11-26 00:00:00,False
MAA,COK,G8,HIST-000,Economy,10522,INR,2024-09-11,14,2,9,37,False,False,50,2024-08-28 00:00:00,False
HYD,JAI,9I,HIST-000,Economy,8452,INR,2024-07-21,14,6,7,29,False,True,50,2024-07-07 00:00:00,False
HYD,COK,2T,HIST-000,Economy,8192,INR,2025-09-13,14,5,9,37,False,True,50,2025-08-30 00:00:00,False
HYD,STV,UK,HIST-000,Economy,10760,INR,2025-04-19,14,5,4,16,False,True,50,2025-04-05 00:00:00,False
BBI,PAT,9I,HIST-000,Economy,4452,INR,2025-08-18,14,0,8,34,False,False,50,2025-08-04 00:00:00,False
PAT,BLR,S5,HIST-000,Economy,8980,INR,2024-01-23,14,1,1,4,False,False,50,2024-01-09 00:00:00,False
JAI,CCU,9I,HIST-000,Economy,5988,INR,2025-12-24,14,2,12,52,False,False,50,2025-12-10 00:00:00,False
GOI,GAU,G8,HIST-000,Economy,14432,INR,2025-05-20,14,1,5,21,False,False,50,2025-05-06 00:00:00,False
PAT,MAA,UK,HIST-000,Economy,11882,INR,2023-03-08,14,2,3,10,False,False,50,2023-02-22 00:00:00,False
BOM,BLR,9I,HIST-000,Economy,10486,INR,2023-08-11,14,4,8,32,False,False,50,2023-07-28 00:00:00,False
NAG,GOI,2T,HIST-000,Economy,3317,INR,2025-06-04,14,2,6,23,False,False,50,2025-05-21 00:00:00,False
BLR,DEL,9I,HIST-000,Economy,12087,INR,2024-07-25,14,3,7,30,False,False,50,2024-07-11 00:00:00,False
IDR,JAI,G8,HIST-000,Economy,16176,INR,2025-05-28,14,2,5,22,False,False,50,2025-05-14 00:00:00,False
GOI,PAT,QP,HIST-000,Economy,4272,INR,2024-03-14,14,3,3,11,False,False,50,2024-02-29 00:00:00,False
BOM,IDR,AI,HIST-000,Economy,11810,INR,2024-06-18,14,1,6,25,False,False,50,2024-06-04 00:00:00,False
DEL,GOI,UK,HIST-000,Economy,13393,INR,2024-12-23,14,0,12,52,False,False,50,2024-12-09 00:00:00,False
JAI,PAT,6E,HIST-000,Economy,13530,INR,2023-11-09,14,3,11,45,False,False,50,2023-10-26 00:00:00,False
RPR,IDR,S5,HIST-000,Economy,7609,INR,2025-02-04,14,1,2,6,False,False,50,2025-01-21 00:00:00,False
STV,IDR,6E,HIST-000,Economy,10443,INR,2025-05-10,14,5,5,19,False,True,50,2025-04-26 00:00:00,False
AMD,GAU,G8,HIST-000,Economy,6844,INR,2025-05-14,14,2,5,20,False,False,50,2025-04-30 00:00:00,False
IDR,GAU,2T,HIST-000,Economy,13160,INR,2025-09-21,14,6,9,38,False,True,50,2025-09-07 00:00:00,False
MAA,NAG,QP,HIST-000,Economy,8527,INR,2023-09-18,14,0,9,38,False,False,50,2023-09-04 00:00:00,False
DEL,BOM,S5,HIST-000,Economy,11130,INR,2023-07-21,14,4,7,29,False,False,50,2023-07-07 00:00:00,False
LKO,CCU,G8,HIST-000,Economy,12562,INR,2023-01-12,14,3,1,2,False,False,50,2022-12-29 00:00:00,False
HYD,BOM,2T,HIST-000,Economy,3617,INR,2025-04-27,14,6,4,17,False,True,50,2025-04-13 00:00:00,False
BLR,COK,AI,HIST-000,Economy,17331,INR,2025-12-04,14,3,12,49,False,False,50,2025-11-20 00:00:00,False
DEL,LKO,G8,HIST-000,Economy,15907,INR,2024-03-06,14,2,3,10,False,False,50,2024-02-21 00:00:00,False
BOM,GAU,6E,HIST-000,Economy,5387,INR,2024-10-09,14,2,10,41,False,False,50,2024-09-25 00:00:00,False
DEL,NAG,SG,HIST-000,Economy,4581,INR,2023-08-05,14,5,8,31,False,True,50,2023-07-22 00:00:00,False
JAI,BOM,G8,HIST-000,Economy,4283,INR,2025-06-14,14,5,6,24,False,True,50,2025-05-31 00:00:00,False
LKO,CCU,G8,HIST-000,Economy,15837,INR,2023-07-15,14,5,7,28,False,True,50,2023-07-01 00:00:00,False
STV,VNS,I5,HIST-000,Economy,15529,INR,2024-01-13,14,5,1,2,False,True,50,2023-12-30 00:00:00,False
COK,VNS,S5,HIST-000,Economy,9109,INR,2025-09-01,14,0,9,36,False,False,50,2025-08-18 00:00:00,False
AMD,BBI,QP,HIST-000,Economy,9002,INR,2024-08-04,14,6,8,31,False,True,50,2024-07-21 00:00:00,False
BOM,RPR,QP,HIST-000,Economy,11437,INR,2025-03-14,14,4,3,11,False,False,50,2025-02-28 00:00:00,False
MAA,BBI,QP,HIST-000,Economy,11508,INR,2025-06-11,14,2,6,24,False,False,50,2025-05-28 00:00:00,False
JAI,VNS,SG,HIST-000,Economy,8928,INR,2024-05-14,14,1,5,20,False,False,50,2024-04-30 00:00:00,False
RPR,JAI,QP,HIST-000,Economy,8614,INR,2023-08-12,14,5,8,32,False,True,50,2023-07-29 00:00:00,False
BOM,CCU,S5,HIST-000,Economy,6462,INR,2025-08-15,14,4,8,33,False,False,50,2025-08-01 00:00:00,False
JAI,MAA,2T,HIST-000,Economy,10637,INR,2023-10-03,14,1,10,40,False,False,50,2023-09-19 00:00:00,False
GAU,RPR,I5,HIST-000,Economy,7567,INR,2023-04-10,14,0,4,15,False,False,50,2023-03-27 00:00:00,False
HYD,LKO,G8,HIST-000,Economy,10871,INR,2023-04-18,14,1,4,16,False,False,50,2023-04-04 00:00:00,False
IDR,CCU,G8,HIST-000,Economy,3066,INR,2024-08-19,14,0,8,34,False,False,50,2024-08-05 00:00:00,False
JAI,HYD,S5,HIST-000,Economy,9764,INR,2025-08-16,14,5,8,33,False,True,50,2025-08-02 00:00:00,False
PNQ,AMD,2T,HIST-000,Economy,10581,INR,2025-08-11,14,0,8,33,False,False,50,2025-07-28 00:00:00,False
DEL,AMD,2T,HIST-000,Economy,12026,INR,2024-11-10,14,6,11,45,False,True,50,2024-10-27 00:00:00,False
NAG,LKO,QP,HIST-000,Economy,6786,INR,2024-09-23,14,0,9,39,False,False,50,2024-09-09 00:00:00,False
BOM,LKO,QP,HIST-000,Economy,6755,INR,2023-10-28,14,5,10,43,False,True,50,2023-10-14 00:00:00,False
AMD,BBI,QP,HIST-000,Economy,3800,INR,2025-05-09,14,4,5,19,False,False,50,2025-04-25 00:00:00,False
BBI,MAA,S5,HIST-000,Economy,8572,INR,2024-04-15,14,0,4,16,False,False,50,2024-04-01 00:00:00,False
DEL,COK,S5,HIST-000,Economy,5294,INR,2023-01-17,14,1,1,3,False,False,50,2023-01-03 00:00:00,False
CCU,BLR,S5,HIST-000,Economy,11932,INR,2024-07-17,14,2,7,29,False,False,50,2024-07-03 00:00:00,False
JAI,GAU,G8,HIST-000,Economy,8469,INR,2023-10-25,14,2,10,43,False,False,50,2023-10-11 00:00:00,False
BOM,JAI,SG,HIST-000,Economy,6751,INR,2024-02-24,14,5,2,8,False,True,50,2024-02-10 00:00:00,False
IDR,CCU,2T,HIST-000,Economy,17016,INR,2025-11-20,14,3,11,47,False,False,50,2025-11-06 00:00:00,False
BLR,CCU,SG,HIST-000,Economy,9602,INR,2023-01-10,14,1,1,2,False,False,50,2022-12-27 00:00:00,False
NAG,PAT,QP,HIST-000,Economy,15075,INR,2025-10-05,14,6,10,40,False,True,50,2025-09-21 00:00:00,False
BBI,STV,I5,HIST-000,Economy,13496,INR,2023-09-14,14,3,9,37,False,False,50,2023-08-31 00:00:00,False
VNS,GOI,9I,HIST-000,Economy,3315,INR,2023-07-08,14,5,7,27,False,True,50,2023-06-24 00:00:00,False
NAG,COK,AI,HIST-000,Economy,15799,INR,2023-07-04,14,1,7,27,False,False,50,2023-06-20 00:00:00,False
CCU,GOI,2T,HIST-000,Economy,7966,INR,2023-04-13,14,3,4,15,False,False,50,2023-03-30 00:00:00,False
IDR,CCU,G8,HIST-000,Economy,11109,INR,2023-01-21,14,5,1,3,False,True,50,2023-01-07 00:00:00,False
DEL,HYD,S5,HIST-000,Economy,11962,INR,2023-02-26,14,6,2,8,False,True,50,2023-02-12 00:00:00,False
COK,GAU,I5,HIST-000,Economy,10083,INR,2023-07-17,14,0,7,29,False,False,50,2023-07-03 00:00:00,False
CCU,STV,6E,HIST-000,Economy,7232,INR,2024-01-22,14,0,1,4,False,False,50,2024-01-08 00:00:00,False
DEL,JAI,9I,HIST-000,Economy,3959,INR,2025-12-25,14,3,12,52,False,False,50,2025-12-11 00:00:00,False
CCU,IDR,9I,HIST-000,Economy,10645,INR,2025-11-26,14,2,11,48,False,False,50,2025-11-12 00:00:00,False
BOM,BBI,6E,HIST-000,Economy,10525,INR,2025-01-17,14,4,1,3,False,False,50,2025-01-03 00:00:00,False
RPR,COK,QP,HIST-000,Economy,6282,INR,2023-10-14,14,5,10,41,False,True,50,2023-09-30 00:00:00,False
DEL,HYD,6E,HIST-000,Economy,11269,INR,2025-12-14,14,6,12,50,False,True,50,2025-11-30 00:00:00,False
GOI,MAA,6E,HIST-000,Economy,4063,INR,2024-09-20,14,4,9,38,False,False,50,2024-09-06 00:00:00,False
VNS,NAG,AI,HIST-000,Economy,16457,INR,2025-08-21,14,3,8,34,False,False,50,2025-08-07 00:00:00,False
NAG,STV,SG,HIST-000,Economy,9875,INR,2025-11-05,14,2,11,45,False,False,50,2025-10-22 00:00:00,False
GOI,CCU,QP,HIST-000,Economy,5237,INR,2025-08-14,14,3,8,33,False,False,50,2025-07-31 00:00:00,False
IDR,AMD,2T,HIST-000,Economy,11158,INR,2025-05-16,14,4,5,20,False,False,50,2025-05-02 00:00:00,False
DEL,MAA,SG,HIST-000,Economy,5116,INR,2025-11-18,14,1,11,47,False,False,50,2025-11-04 00:00:00,False
HYD,CCU,SG,HIST-000,Economy,6701,INR,2023-04-02,14,6,4,13,False,True,50,2023-03-19 00:00:00,False
BLR,COK,9I,HIST-000,Economy,7736,INR,2023-06-20,14,1,6,25,False,False,50,2023-06-06 00:00:00,False
BBI,RPR,QP,HIST-000,Economy,4798,INR,2025-11-08,14,5,11,45,False,True,50,2025-10-25 00:00:00,False
STV,IDR,S5,HIST-000,Economy,15083,INR,2023-09-27,14,2,9,39,False,False,50,2023-09-13 00:00:00,False
BOM,CCU,AI,HIST-000,Economy,9097,INR,2025-12-16,14,1,12,51,False,False,50,2025-12-02 00:00:00,False
DEL,RPR,2T,HIST-000,Economy,3091,INR,2023-01-03,14,1,1,1,False,False,50,2022-12-20 00:00:00,False
PAT,JAI,9I,HIST-000,Economy,7502,INR,2023-11-15,14,2,11,46,False,False,50,2023-11-01 00:00:00,False
IDR,BOM,AI,HIST-000,Economy,5364,INR,2023-01-26,14,3,1,4,False,False,50,2023-01-12 00:00:00,False
CCU,GOI,I5,HIST-000,Economy,6546,INR,2023-02-02,14,3,2,5,False,False,50,2023-01-19 00:00:00,False
CCU,IDR,UK,HIST-000,Economy,9310,INR,2023-01-22,14,6,1,3,False,True,50,2023-01-08 00:00:00,False
JAI,DEL,G8,HIST-000,Economy,8054,INR,2025-03-04,14,1,3,10,False,False,50,2025-02-18 00:00:00,False
AMD,BLR,SG,HIST-000,Economy,15241,INR,2024-04-14,14,6,4,15,False,True,50,2024-03-31 00:00:00,False
HYD,JAI,9I,HIST-000,Economy,16253,INR,2025-05-05,14,0,5,19,False,False,50,2025-04-21 00:00:00,False
IDR,BBI,2T,HIST-000,Economy,3489,INR,2023-07-24,14,0,7,30,False,False,50,2023-07-10 00:00:00,False
HYD,LKO,6E,HIST-000,Economy,4892,INR,2024-03-02,14,5,3,9,False,True,50,2024-02-17 00:00:00,False
CCU,VNS,6E,HIST-000,Economy,12553,INR,2024-06-21,14,4,6,25,False,False,50,2024-06-07 00:00:00,False
COK,NAG,UK,HIST-000,Economy,5614,INR,2023-07-03,14,0,7,27,False,False,50,2023-06-19 00:00:00,False
LKO,PNQ,S5,HIST-000,Economy,8025,INR,2024-08-26,14,0,8,35,False,False,50,2024-08-12 00:00:00,False
AMD,HYD,I5,HIST-000,Economy,5395,INR,2024-08-13,14,1,8,33,False,False,50,2024-07-30 00:00:00,False
DEL,BLR,9I,HIST-000,Economy,11315,INR,2025-10-22,14,2,10,43,False,False,50,2025-10-08 00:00:00,False
VNS,NAG,9I,HIST-000,Economy,7950,INR,2024-09-07,14,5,9,36,False,True,50,2024-08-24 00:00:00,False
AMD,GAU,G8,HIST-000,Economy,10445,INR,2023-01-07,14,5,1,1,False,True,50,2022-12-24 00:00:00,False
CCU,LKO,I5,HIST-000,Economy,5963,INR,2023-09-05,14,1,9,36,False,False,50,2023-08-22 00:00:00,False
GOI,STV,2T,HIST-000,Economy,8652,INR,2023-09-26,14,1,9,39,False,False,50,2023-09-12 00:00:00,False
DEL,AMD,UK,HIST-000,Economy,16207,INR,2025-09-22,14,0,9,39,False,False,50,2025-09-08 00:00:00,False
GAU,MAA,SG,HIST-000,Economy,10019,INR,2024-08-05,14,0,8,32,False,False,50,2024-07-22 00:00:00,False
AMD,BLR,S5,HIST-000,Economy,7594,INR,2024-01-13,14,5,1,2,False,True,50,2023-12-30 00:00:00,False
NAG,IDR,2T,HIST-000,Economy,14637,INR,2024-07-18,14,3,7,29,False,False,50,2024-07-04 00:00:00,False
PAT,MAA,QP,HIST-000,Economy,9243,INR,2025-02-06,14,3,2,6,False,False,50,2025-01-23 00:00:00,False
AMD,IDR,AI,HIST-000,Economy,6041,INR,2023-07-19,14,2,7,29,False,False,50,2023-07-05 00:00:00,False
IDR,BOM,I5,HIST-000,Economy,4285,INR,2024-03-08,14,4,3,10,False,False,50,2024-02-23 00:00:00,False
CCU,PAT,S5,HIST-000,Economy,6384,INR,2023-07-03,14,0,7,27,False,False,50,2023-06-19 00:00:00,False
DEL,BBI,S5,HIST-000,Economy,11992,INR,2024-10-05,14,5,10,40,False,True,50,2024-09-21 00:00:00,False
COK,BBI,6E,HIST-000,Economy,10923,INR,2023-11-09,14,3,11,45,False,False,50,2023-10-26 00:00:00,False
MAA,GOI,I5,HIST-000,Economy,5823,INR,2024-10-11,14,4,10,41,False,False,50,2024-09-27 00:00:00,False
CCU,JAI,I5,HIST-000,Economy,7106,INR,2024-07-20,14,5,7,29,False,True,50,2024-07-06 00:00:00,False
BLR,BBI,AI,HIST-000,Economy,10007,INR,2025-09-01,14,0,9,36,False,False,50,2025-08-18 00:00:00,False
BBI,CCU,G8,HIST-000,Economy,9057,INR,2025-08-11,14,0,8,33,False,False,50,2025-07-28 00:00:00,False
CCU,VNS,UK,HIST-000,Economy,13128,INR,2025-01-04,14,5,1,1,False,True,50,2024-12-21 00:00:00,False
LKO,CCU,I5,HIST-000,Economy,5199,INR,2023-02-24,14,4,2,8,False,False,50,2023-02-10 00:00:00,False
CCU,GOI,AI,HIST-000,Economy,5906,INR,2024-01-16,14,1,1,3,False,False,50,2024-01-02 00:00:00,False
COK,GOI,S5,HIST-000,Economy,10421,INR,2023-10-17,14,1,10,42,False,False,50,2023-10-03 00:00:00,False
JAI,LKO,9I,HIST-000,Economy,3763,INR,2025-10-09,14,3,10,41,False,False,50,2025-09-25 00:00:00,False
CCU,MAA,G8,HIST-000,Economy,9460,INR,2023-07-18,14,1,7,29,False,False,50,2023-07-04 00:00:00,False
LKO,GAU,9I,HIST-000,Economy,12820,INR,2024-12-25,14,2,12,52,False,False,50,2024-12-11 00:00:00,False
NAG,GAU,SG,HIST-000,Economy,7793,INR,2023-07-15,14,5,7,28,False,True,50,2023-07-01 00:00:00,False
HYD,VNS,9I,HIST-000,Economy,6186,INR,2025-01-26,14,6,1,4,False,True,50,2025-01-12 00:00:00,False
COK,GAU,2T,HIST-000,Economy,8379,INR,2023-02-12,14,6,2,6,False,True,50,2023-01-29 00:00:00,False
DEL,STV,QP,HIST-000,Economy,6563,INR,2023-08-23,14,2,8,34,False,False,50,2023-08-09 00:00:00,False
PNQ,CCU,AI,HIST-000,Economy,11383,INR,2024-07-14,14,6,7,28,False,True,50,2024-06-30 00:00:00,False
IDR,JAI,6E,HIST-000,Economy,11882,INR,2024-05-07,14,1,5,19,False,False,50,2024-04-23 00:00:00,False
BBI,CCU,G8,HIST-000,Economy,11735,INR,2023-02-13,14,0,2,7,False,False,50,2023-01-30 00:00:00,False
DEL,STV,SG,HIST-000,Economy,9744,INR,2023-06-24,14,5,6,25,False,True,50,2023-06-10 00:00:00,False
MAA,VNS,2T,HIST-000,Economy,13873,INR,2024-02-25,14,6,2,8,False,True,50,2024-02-11 00:00:00,False
PNQ,MAA,6E,HIST-000,Economy,5429,INR,2023-05-04,14,3,5,18,False,False,50,2023-04-20 00:00:00,False
MAA,CCU,SG,HIST-000,Economy,4775,INR,2024-10-16,14,2,10,42,False,False,50,2024-10-02 00:00:00,False
HYD,IDR,I5,HIST-000,Economy,12637,INR,2023-02-05,14,6,2,5,False,True,50,2023-01-22 00:00:00,False
COK,GOI,9I,HIST-000,Economy,4089,INR,2024-02-14,14,2,2,7,False,False,50,2024-01-31 00:00:00,False
HYD,GOI,I5,HIST-000,Economy,7037,INR,2024-03-07,14,3,3,10,False,False,50,2024-02-22 00:00:00,False
VNS,COK,S5,HIST-000,Economy,7498,INR,2023-10-19,14,3,10,42,False,False,50,2023-10-05 00:00:00,False
PNQ,DEL,2T,HIST-000,Economy,13842,INR,2024-11-09,14,5,11,45,False,True,50,2024-10-26 00:00:00,False
BOM,DEL,9I,HIST-000,Economy,8548,INR,2025-07-11,14,4,7,28,False,False,50,2025-06-27 00:00:00,False
GAU,VNS,AI,HIST-000,Economy,10690,INR,2024-01-23,14,1,1,4,False,False,50,2024-01-09 00:00:00,False
VNS,PAT,S5,HIST-000,Economy,6979,INR,2023-02-14,14,1,2,7,False,False,50,2023-01-31 00:00:00,False
PNQ,VNS,9I,HIST-000,Economy,9114,INR,2024-04-21,14,6,4,16,False,True,50,2024-04-07 00:00:00,False
STV,GOI,S5,HIST-000,Economy,6777,INR,2023-08-10,14,3,8,32,False,False,50,2023-07-27 00:00:00,False
BLR,CCU,SG,HIST-000,Economy,10752,INR,2023-06-05,14,0,6,23,False,False,50,2023-05-22 00:00:00,False
PNQ,MAA,2T,HIST-000,Economy,13834,INR,2024-06-12,14,2,6,24,False,False,50,2024-05-29 00:00:00,False
CCU,LKO,QP,HIST-000,Economy,10531,INR,2025-11-06,14,3,11,45,False,False,50,2025-10-23 00:00:00,False
MAA,HYD,QP,HIST-000,Economy,16061,INR,2024-08-02,14,4,8,31,False,False,50,2024-07-19 00:00:00,False
RPR,BBI,9I,HIST-000,Economy,7641,INR,2024-08-16,14,4,8,33,False,False,50,2024-08-02 00:00:00,False
AMD,VNS,AI,HIST-000,Economy,4626,INR,2025-07-08,14,1,7,28,False,False,50,2025-06-24 00:00:00,False
BBI,BLR,G8,HIST-000,Economy,7938,INR,2025-01-12,14,6,1,2,False,True,50,2024-12-29 00:00:00,False
DEL,COK,AI,HIST-000,Economy,14910,INR,2024-04-13,14,5,4,15,False,True,50,2024-03-30 00:00:00,False
LKO,BLR,SG,HIST-000,Economy,11194,INR,2024-01-22,14,0,1,4,False,False,50,2024-01-08 00:00:00,False
BLR,VNS,G8,HIST-000,Economy,2870,INR,2025-04-03,14,3,4,14,False,False,50,2025-03-20 00:00:00,False
IDR,PNQ,AI,HIST-000,Economy,15998,INR,2024-11-16,14,5,11,46,False,True,50,2024-11-02 00:00:00,False
RPR,CCU,AI,HIST-000,Economy,11639,INR,2024-04-07,14,6,4,14,False,True,50,2024-03-24 00:00:00,False
COK,DEL,2T,HIST-000,Economy,9831,INR,2023-03-19,14,6,3,11,False,True,50,2023-03-05 00:00:00,False
COK,LKO,I5,HIST-000,Economy,3642,INR,2025-09-01,14,0,9,36,False,False,50,2025-08-18 00:00:00,False
IDR,HYD,6E,HIST-000,Economy,6440,INR,2025-05-05,14,0,5,19,False,False,50,2025-04-21 00:00:00,False
DEL,PAT,QP,HIST-000,Economy,5911,INR,2025-10-12,14,6,10,41,False,True,50,2025-09-28 00:00:00,False
BBI,CCU,S5,HIST-000,Economy,12520,INR,2023-06-15,14,3,6,24,False,False,50,2023-06-01 00:00:00,False
AMD,BOM,S5,HIST-000,Economy,6019,INR,2025-07-03,14,3,7,27,False,False,50,2025-06-19 00:00:00,False
JAI,CCU,SG,HIST-000,Economy,11701,INR,2024-04-16,14,1,4,16,False,False,50,2024-04-02 00:00:00,False
BOM,COK,AI,HIST-000,Economy,2651,INR,2023-05-15,14,0,5,20,False,False,50,2023-05-01 00:00:00,False
JAI,LKO,6E,HIST-000,Economy,12657,INR,2024-01-18,14,3,1,3,False,False,50,2024-01-04 00:00:00,False
CCU,IDR,SG,HIST-000,Economy,6590,INR,2023-08-02,14,2,8,31,False,False,50,2023-07-19 00:00:00,False
BLR,IDR,2T,HIST-000,Economy,12631,INR,2023-01-21,14,5,1,3,False,True,50,2023-01-07 00:00:00,False
STV,PAT,6E,HIST-000,Economy,6490,INR,2023-11-21,14,1,11,47,False,False,50,2023-11-07 00:00:00,False
MAA,AMD,9I,HIST-000,Economy,3907,INR,2024-02-18,14,6,2,7,False,True,50,2024-02-04 00:00:00,False
AMD,PNQ,6E,HIST-000,Economy,9812,INR,2025-07-06,14,6,7,27,False,True,50,2025-06-22 00:00:00,False
IDR,JAI,SG,HIST-000,Economy,12243,INR,2023-08-25,14,4,8,34,False,False,50,2023-08-11 00:00:00,False
STV,BOM,AI,HIST-000,Economy,12046,INR,2024-03-23,14,5,3,12,False,True,50,2024-03-09 00:00:00,False
PAT,DEL,AI,HIST-000,Economy,8460,INR,2024-02-26,14,0,2,9,False,False,50,2024-02-12 00:00:00,False
AMD,GOI,SG,HIST-000,Economy,7815,INR,2024-10-16,14,2,10,42,False,False,50,2024-10-02 00:00:00,False
PNQ,IDR,QP,HIST-000,Economy,9198,INR,2025-09-27,14,5,9,39,False,True,50,2025-09-13 00:00:00,False
DEL,PAT,SG,HIST-000,Economy,11451,INR,2025-11-21,14,4,11,47,False,False,50,2025-11-07 00:00:00,False
PNQ,RPR,QP,HIST-000,Economy,5104,INR,2025-11-16,14,6,11,46,False,True,50,2025-11-02 00:00:00,False
MAA,VNS,AI,HIST-000,Economy,13195,INR,2024-02-11,14,6,2,6,False,True,50,2024-01-28 00:00:00,False
GAU,CCU,9I,HIST-000,Economy,13699,INR,2024-06-05,14,2,6,23,False,False,50,2024-05-22 00:00:00,False
AMD,LKO,QP,HIST-000,Economy,14600,INR,2025-06-25,14,2,6,26,False,False,50,2025-06-11 00:00:00,False
COK,CCU,6E,HIST-000,Economy,6452,INR,2024-07-18,14,3,7,29,False,False,50,2024-07-04 00:00:00,False
HYD,NAG,SG,HIST-000,Economy,4494,INR,2025-08-02,14,5,8,31,False,True,50,2025-07-19 00:00:00,False
BBI,CCU,G8,HIST-000,Economy,9548,INR,2025-10-15,14,2,10,42,False,False,50,2025-10-01 00:00:00,False
GOI,JAI,I5,HIST-000,Economy,4656,INR,2025-01-09,14,3,1,2,False,False,50,2024-12-26 00:00:00,False
JAI,PNQ,QP,HIST-000,Economy,6263,INR,2025-12-22,14,0,12,52,False,False,50,2025-12-08 00:00:00,False
VNS,COK,9I,HIST-000,Economy,7649,INR,2025-06-10,14,1,6,24,False,False,50,2025-05-27 00:00:00,False
HYD,RPR,AI,HIST-000,Economy,11321,INR,2024-02-20,14,1,2,8,False,False,50,2024-02-06 00:00:00,False
COK,HYD,QP,HIST-000,Economy,5299,INR,2024-01-16,14,1,1,3,False,False,50,2024-01-02 00:00:00,False
HYD,NAG,G8,HIST-000,Economy,6349,INR,2024-04-11,14,3,4,15,False,False,50,2024-03-28 00:00:00,False
DEL,BOM,G8,HIST-000,Economy,16133,INR,2024-05-16,14,3,5,20,False,False,50,2024-05-02 00:00:00,False
CCU,MAA,2T,HIST-000,Economy,4930,INR,2023-06-02,14,4,6,22,False,False,50,2023-05-19 00:00:00,False
STV,DEL,S5,HIST-000,Economy,6528,INR,2023-08-26,14,5,8,34,False,True,50,2023-08-12 00:00:00,False
NAG,COK,9I,HIST-000,Economy,8761,INR,2023-11-10,14,4,11,45,False,False,50,2023-10-27 00:00:00,False
GAU,BLR,I5,HIST-000,Economy,13995,INR,2025-10-14,14,1,10,42,False,False,50,2025-09-30 00:00:00,False
DEL,GOI,9I,HIST-000,Economy,10320,INR,2025-04-01,14,1,4,14,False,False,50,2025-03-18 00:00:00,False
GOI,GAU,9I,HIST-000,Economy,6503,INR,2023-10-27,14,4,10,43,False,False,50,2023-10-13 00:00:00,False
LKO,STV,2T,HIST-000,Economy,10320,INR,2023-12-07,14,3,12,49,False,False,50,2023-11-23 00:00:00,False
PAT,MAA,G8,HIST-000,Economy,6146,INR,2023-10-14,14,5,10,41,False,True,50,2023-09-30 00:00:00,False
BLR,VNS,9I,HIST-000,Economy,9697,INR,2025-04-19,14,5,4,16,False,True,50,2025-04-05 00:00:00,False
COK,JAI,SG,HIST-000,Economy,14663,INR,2023-03-07,14,1,3,10,False,False,50,2023-02-21 00:00:00,False
BOM,AMD,2T,HIST-000,Economy,6187,INR,2024-09-01,14,6,9,35,False,True,50,2024-08-18 00:00:00,False
IDR,JAI,QP,HIST-000,Economy,8072,INR,2023-03-04,14,5,3,9,False,True,50,2023-02-18 00:00:00,False
LKO,GAU,2T,HIST-000,Economy,13777,INR,2023-06-24,14,5,6,25,False,True,50,2023-06-10 00:00:00,False
GOI,DEL,I5,HIST-000,Economy,9459,INR,2025-09-16,14,1,9,38,False,False,50,2025-09-02 00:00:00,False
IDR,HYD,2T,HIST-000,Economy,14394,INR,2025-06-08,14,6,6,23,False,True,50,2025-05-25 00:00:00,False
IDR,PNQ,9I,HIST-000,Economy,13739,INR,2024-07-03,14,2,7,27,False,False,50,2024-06-19 00:00:00,False
BBI,BOM,I5,HIST-000,Economy,5151,INR,2025-11-02,14,6,11,44,False,True,50,2025-10-19 00:00:00,False
BLR,COK,S5,HIST-000,Economy,5015,INR,2024-10-28,14,0,10,44,False,False,50,2024-10-14 00:00:00,False
STV,DEL,SG,HIST-000,Economy,10218,INR,2024-08-05,14,0,8,32,False,False,50,2024-07-22 00:00:00,False
IDR,NAG,S5,HIST-000,Economy,15177,INR,2024-01-07,14,6,1,1,False,True,50,2023-12-24 00:00:00,False
PNQ,BLR,G8,HIST-000,Economy,9690,INR,2025-02-06,14,3,2,6,False,False,50,2025-01-23 00:00:00,False
HYD,CCU,G8,HIST-000,Economy,6705,INR,2024-01-03,14,2,1,1,False,False,50,2023-12-20 00:00:00,False
HYD,VNS,2T,HIST-000,Economy,11547,INR,2023-10-11,14,2,10,41,False,False,50,2023-09-27 00:00:00,False
IDR,RPR,6E,HIST-000,Economy,10989,INR,2024-01-26,14,4,1,4,False,False,50,2024-01-12 00:00:00,False
MAA,NAG,G8,HIST-000,Economy,10052,INR,2023-07-02,14,6,7,26,False,True,50,2023-06-18 00:00:00,False
CCU,GOI,AI,HIST-000,Economy,4215,INR,2025-07-05,14,5,7,27,False,True,50,2025-06-21 00:00:00,False
GOI,NAG,UK,HIST-000,Economy,10600,INR,2024-10-02,14,2,10,40,False,False,50,2024-09-18 00:00:00,False
GOI,MAA,I5,HIST-000,Economy,6993,INR,2025-04-08,14,1,4,15,False,False,50,2025-03-25 00:00:00,False
AMD,STV,I5,HIST-000,Economy,11650,INR,2024-05-07,14,1,5,19,False,False,50,2024-04-23 00:00:00,False
VNS,GAU,QP,HIST-000,Economy,3360,INR,2024-08-15,14,3,8,33,False,False,50,2024-08-01 00:00:00,False
PNQ,GOI,2T,HIST-000,Economy,12381,INR,2023-10-28,14,5,10,43,False,True,50,2023-10-14 00:00:00,False
BOM,STV,S5,HIST-000,Economy,8638,INR,2025-11-08,14,5,11,45,False,True,50,2025-10-25 00:00:00,False
JAI,BOM,2T,HIST-000,Economy,6250,INR,2023-10-22,14,6,10,42,False,True,50,2023-10-08 00:00:00,False
BLR,STV,QP,HIST-000,Economy,13423,INR,2025-05-20,14,1,5,21,False,False,50,2025-05-06 00:00:00,False
GOI,AMD,6E,HIST-000,Economy,7508,INR,2024-10-05,14,5,10,40,False,True,50,2024-09-21 00:00:00,False
CCU,STV,I5,HIST-000,Economy,12509,INR,2024-09-21,14,5,9,38,False,True,50,2024-09-07 00:00:00,False
BBI,GOI,9I,HIST-000,Economy,8749,INR,2025-06-05,14,3,6,23,False,False,50,2025-05-22 00:00:00,False
PAT,BBI,9I,HIST-000,Economy,14508,INR,2023-10-20,14,4,10,42,False,False,50,2023-10-06 00:00:00,False
BOM,STV,S5,HIST-000,Economy,8830,INR,2025-03-11,14,1,3,11,False,False,50,2025-02-25 00:00:00,False
BBI,NAG,I5,HIST-000,Economy,12829,INR,2023-07-28,14,4,7,30,False,False,50,2023-07-14 00:00:00,False
CCU,PAT,SG,HIST-000,Economy,9075,INR,2024-03-25,14,0,3,13,False,False,50,2024-03-11 00:00:00,False
VNS,STV,UK,HIST-000,Economy,12955,INR,2024-05-18,14,5,5,20,False,True,50,2024-05-04 00:00:00,False
BLR,BOM,SG,HIST-000,Economy,2715,INR,2023-08-16,14,2,8,33,False,False,50,2023-08-02 00:00:00,False
COK,BOM,UK,HIST-000,Economy,6915,INR,2024-06-09,14,6,6,23,False,True,50,2024-05-26 00:00:00,False
GAU,GOI,6E,HIST-000,Economy,11490,INR,2025-11-01,14,5,11,44,False,True,50,2025-10-18 00:00:00,False
IDR,JAI,S5,HIST-000,Economy,12947,INR,2025-08-15,14,4,8,33,False,False,50,2025-08-01 00:00:00,False
JAI,DEL,UK,HIST-000,Economy,5704,INR,2023-01-28,14,5,1,4,False,True,50,2023-01-14 00:00:00,False
BLR,JAI,AI,HIST-000,Economy,5995,INR,2024-01-14,14,6,1,2,False,True,50,2023-12-31 00:00:00,False
IDR,RPR,QP,HIST-000,Economy,8148,INR,2023-03-16,14,3,3,11,False,False,50,2023-03-02 00:00:00,False
CCU,AMD,S5,HIST-000,Economy,12843,INR,2025-04-18,14,4,4,16,False,False,50,2025-04-04 00:00:00,False
COK,PNQ,AI,HIST-000,Economy,9775,INR,2023-06-25,14,6,6,25,False,True,50,2023-06-11 00:00:00,False
LKO,MAA,S5,HIST-000,Economy,7834,INR,2024-04-19,14,4,4,16,False,False,50,2024-04-05 00:00:00,False
COK,HYD,G8,HIST-000,Economy,7359,INR,2025-03-03,14,0,3,10,False,False,50,2025-02-17 00:00:00,False
GOI,VNS,QP,HIST-000,Economy,11633,INR,2024-05-07,14,1,5,19,False,False,50,2024-04-23 00:00:00,False
HYD,CCU,SG,HIST-000,Economy,7425,INR,2025-10-11,14,5,10,41,False,True,50,2025-09-27 00:00:00,False
PNQ,JAI,I5,HIST-000,Economy,8925,INR,2023-12-17,14,6,12,50,False,True,50,2023-12-03 00:00:00,False
HYD,BBI,I5,HIST-000,Economy,10133,INR,2023-10-08,14,6,10,40,False,True,50,2023-09-24 00:00:00,False
BBI,VNS,AI,HIST-000,Economy,10035,INR,2025-04-23,14,2,4,17,False,False,50,2025-04-09 00:00:00,False
BBI,BLR,SG,HIST-000,Economy,7120,INR,2023-12-11,14,0,12,50,False,False,50,2023-11-27 00:00:00,False
VNS,CCU,S5,HIST-000,Economy,12727,INR,2023-08-28,14,0,8,35,False,False,50,2023-08-14 00:00:00,False
PAT,GOI,6E,HIST-000,Economy,8664,INR,2025-08-17,14,6,8,33,False,True,50,2025-08-03 00:00:00,False
JAI,GOI,S5,HIST-000,Economy,4489,INR,2023-11-06,14,0,11,45,False,False,50,2023-10-23 00:00:00,False
HYD,JAI,SG,HIST-000,Economy,7462,INR,2023-02-10,14,4,2,6,False,False,50,2023-01-27 00:00:00,False
AMD,NAG,I5,HIST-000,Economy,13056,INR,2023-04-24,14,0,4,17,False,False,50,2023-04-10 00:00:00,False
GAU,BBI,S5,HIST-000,Economy,11398,INR,2024-04-18,14,3,4,16,False,False,50,2024-04-04 00:00:00,False
NAG,RPR,SG,HIST-000,Economy,7328,INR,2023-11-11,14,5,11,45,False,True,50,2023-10-28 00:00:00,False
GAU,AMD,2T,HIST-000,Economy,10640,INR,2023-10-08,14,6,10,40,False,True,50,2023-09-24 00:00:00,False
BLR,PNQ,AI,HIST-000,Economy,13123,INR,2025-12-16,14,1,12,51,False,False,50,2025-12-02 00:00:00,False
VNS,PNQ,SG,HIST-000,Economy,10662,INR,2024-03-15,14,4,3,11,False,False,50,2024-03-01 00:00:00,False
STV,VNS,SG,HIST-000,Economy,9709,INR,2023-08-05,14,5,8,31,False,True,50,2023-07-22 00:00:00,False
VNS,COK,2T,HIST-000,Economy,9006,INR,2025-12-26,14,4,12,52,False,False,50,2025-12-12 00:00:00,False
GOI,VNS,S5,HIST-000,Economy,14467,INR,2024-11-11,14,0,11,46,False,False,50,2024-10-28 00:00:00,False
RPR,MAA,G8,HIST-000,Economy,17104,INR,2023-11-08,14,2,11,45,False,False,50,2023-10-25 00:00:00,False
VNS,NAG,6E,HIST-000,Economy,17519,INR,2024-06-22,14,5,6,25,False,True,50,2024-06-08 00:00:00,False
BOM,AMD,AI,HIST-000,Economy,7043,INR,2023-09-06,14,2,9,36,False,False,50,2023-08-23 00:00:00,False
BLR,MAA,SG,HIST-000,Economy,7441,INR,2025-03-05,14,2,3,10,False,False,50,2025-02-19 00:00:00,False
PAT,JAI,G8,HIST-000,Economy,13635,INR,2023-10-21,14,5,10,42,False,True,50,2023-10-07 00:00:00,False
JAI,STV,9I,HIST-000,Economy,12331,INR,2023-04-19,14,2,4,16,False,False,50,2023-04-05 00:00:00,False
PAT,COK,S5,HIST-000,Economy,11519,INR,2025-12-06,14,5,12,49,False,True,50,2025-11-22 00:00:00,False
GOI,DEL,9I,HIST-000,Economy,6795,INR,2024-02-08,14,3,2,6,False,False,50,2024-01-25 00:00:00,False
PNQ,COK,S5,HIST-000,Economy,4448,INR,2023-08-08,14,1,8,32,False,False,50,2023-07-25 00:00:00,False
RPR,GAU,G8,HIST-000,Economy,10361,INR,2025-12-28,14,6,12,52,False,True,50,2025-12-14 00:00:00,False
JAI,BBI,G8,HIST-000,Economy,8162,INR,2023-03-05,14,6,3,9,False,True,50,2023-02-19 00:00:00,False
IDR,BBI,AI,HIST-000,Economy,10939,INR,2024-10-07,14,0,10,41,False,False,50,2024-09-23 00:00:00,False
RPR,PAT,2T,HIST-000,Economy,15506,INR,2024-10-20,14,6,10,42,False,True,50,2024-10-06 00:00:00,False
NAG,JAI,I5,HIST-000,Economy,9814,INR,2025-07-21,14,0,7,30,False,False,50,2025-07-07 00:00:00,False
GOI,PNQ,UK,HIST-000,Economy,13228,INR,2025-09-11,14,3,9,37,False,False,50,2025-08-28 00:00:00,False
PAT,PNQ,S5,HIST-000,Economy,10041,INR,2023-10-02,14,0,10,40,False,False,50,2023-09-18 00:00:00,False
DEL,PAT,G8,HIST-000,Economy,6752,INR,2023-03-02,14,3,3,9,False,False,50,2023-02-16 00:00:00,False
BBI,STV,I5,HIST-000,Economy,8396,INR,2024-09-01,14,6,9,35,False,True,50,2024-08-18 00:00:00,False
COK,NAG,UK,HIST-000,Economy,8447,INR,2024-07-07,14,6,7,27,False,True,50,2024-06-23 00:00:00,False
COK,GAU,2T,HIST-000,Economy,8130,INR,2023-04-25,14,1,4,17,False,False,50,2023-04-11 00:00:00,False
HYD,PNQ,AI,HIST-000,Economy,12965,INR,2023-02-06,14,0,2,6,False,False,50,2023-01-23 00:00:00,False
PNQ,LKO,S5,HIST-000,Economy,13061,INR,2023-09-09,14,5,9,36,False,True,50,2023-08-26 00:00:00,False
HYD,COK,6E,HIST-000,Economy,8051,INR,2023-07-27,14,3,7,30,False,False,50,2023-07-13 00:00:00,False
NAG,AMD,SG,HIST-000,Economy,11191,INR,2025-12-15,14,0,12,51,False,False,50,2025-12-01 00:00:00,False
BOM,DEL,AI,HIST-000,Economy,7224,INR,2024-09-12,14,3,9,37,False,False,50,2024-08-29 00:00:00,False
HYD,GOI,9I,HIST-000,Economy,11346,INR,2023-02-11,14,5,2,6,False,True,50,2023-01-28 00:00:00,False
BLR,AMD,S5,HIST-000,Economy,12164,INR,2023-09-06,14,2,9,36,False,False,50,2023-08-23 00:00:00,False
JAI,LKO,I5,HIST-000,Economy,8413,INR,2025-05-03,14,5,5,18,False,True,50,2025-04-19 00:00:00,False
LKO,GAU,2T,HIST-000,Economy,8411,INR,2023-11-06,14,0,11,45,False,False,50,2023-10-23 00:00:00,False
GOI,VNS,G8,HIST-000,Economy,17110,INR,2025-02-27,14,3,2,9,False,False,50,2025-02-13 00:00:00,False
PAT,JAI,S5,HIST-000,Economy,11416,INR,2024-10-19,14,5,10,42,False,True,50,2024-10-05 00:00:00,False
GOI,DEL,AI,HIST-000,Economy,13540,INR,2025-12-10,14,2,12,50,False,False,50,2025-11-26 00:00:00,False
MAA,BLR,2T,HIST-000,Economy,12167,INR,2023-09-06,14,2,9,36,False,False,50,2023-08-23 00:00:00,False
PNQ,NAG,SG,HIST-000,Economy,7698,INR,2024-03-25,14,0,3,13,False,False,50,2024-03-11 00:00:00,False
BOM,VNS,UK,HIST-000,Economy,9479,INR,2025-03-24,14,0,3,13,False,False,50,2025-03-10 00:00:00,False
GAU,JAI,AI,HIST-000,Economy,15508,INR,2024-03-05,14,1,3,10,False,False,50,2024-02-20 00:00:00,False
GOI,BOM,2T,HIST-000,Economy,9732,INR,2024-09-22,14,6,9,38,False,True,50,2024-09-08 00:00:00,False
PNQ,BOM,9I,HIST-000,Economy,10557,INR,2025-10-27,14,0,10,44,False,False,50,2025-10-13 00:00:00,False
RPR,GAU,S5,HIST-000,Economy,11839,INR,2023-10-27,14,4,10,43,False,False,50,2023-10-13 00:00:00,False
LKO,AMD,I5,HIST-000,Economy,15230,INR,2024-02-17,14,5,2,7,False,True,50,2024-02-03 00:00:00,False
LKO,STV,SG,HIST-000,Economy,8509,INR,2025-05-27,14,1,5,22,False,False,50,2025-05-13 00:00:00,False
BBI,GOI,QP,HIST-000,Economy,6927,INR,2024-10-28,14,0,10,44,False,False,50,2024-10-14 00:00:00,False
PAT,GAU,SG,HIST-000,Economy,14681,INR,2024-01-16,14,1,1,3,False,False,50,2024-01-02 00:00:00,False
JAI,PNQ,6E,HIST-000,Economy,10304,INR,2025-01-01,14,2,1,1,False,False,50,2024-12-18 00:00:00,False
HYD,GAU,SG,HIST-000,Economy,5008,INR,2023-09-13,14,2,9,37,False,False,50,2023-08-30 00:00:00,False
GAU,CCU,AI,HIST-000,Economy,9898,INR,2024-06-28,14,4,6,26,False,False,50,2024-06-14 00:00:00,False
MAA,PNQ,2T,HIST-000,Economy,7342,INR,2023-02-13,14,0,2,7,False,False,50,2023-01-30 00:00:00,False
COK,GAU,2T,HIST-000,Economy,9485,INR,2025-02-05,14,2,2,6,False,False,50,2025-01-22 00:00:00,False
GOI,LKO,6E,HIST-000,Economy,9783,INR,2023-01-18,14,2,1,3,False,False,50,2023-01-04 00:00:00,False
BOM,COK,9I,HIST-000,Economy,11807,INR,2023-08-14,14,0,8,33,False,False,50,2023-07-31 00:00:00,False
AMD,CCU,QP,HIST-000,Economy,7039,INR,2023-12-04,14,0,12,49,False,False,50,2023-11-20 00:00:00,False
PNQ,CCU,I5,HIST-000,Economy,8061,INR,2024-10-14,14,0,10,42,False,False,50,2024-09-30 00:00:00,False
BBI,AMD,6E,HIST-000,Economy,11889,INR,2025-04-08,14,1,4,15,False,False,50,2025-03-25 00:00:00,False
DEL,JAI,S5,HIST-000,Economy,16559,INR,2024-02-28,14,2,2,9,False,False,50,2024-02-14 00:00:00,False
BOM,NAG,G8,HIST-000,Economy,8284,INR,2023-08-25,14,4,8,34,False,False,50,2023-08-11 00:00:00,False
AMD,COK,UK,HIST-000,Economy,8499,INR,2024-01-12,14,4,1,2,False,False,50,2023-12-29 00:00:00,False
DEL,GAU,QP,HIST-000,Economy,11010,INR,2024-05-20,14,0,5,21,False,False,50,2024-05-06 00:00:00,False
NAG,DEL,S5,HIST-000,Economy,5764,INR,2024-07-08,14,0,7,28,False,False,50,2024-06-24 00:00:00,False
CCU,VNS,I5,HIST-000,Economy,8621,INR,2023-10-08,14,6,10,40,False,True,50,2023-09-24 00:00:00,False
BLR,HYD,2T,HIST-000,Economy,9070,INR,2023-02-04,14,5,2,5,False,True,50,2023-01-21 00:00:00,False
PAT,MAA,2T,HIST-000,Economy,10305,INR,2023-11-09,14,3,11,45,False,False,50,2023-10-26 00:00:00,False
BOM,AMD,AI,HIST-000,Economy,5506,INR,2023-11-01,14,2,11,44,False,False,50,2023-10-18 00:00:00,False
PAT,BLR,6E,HIST-000,Economy,11649,INR,2023-10-16,14,0,10,42,False,False,50,2023-10-02 00:00:00,False
DEL,CCU,I5,HIST-000,Economy,5712,INR,2024-02-08,14,3,2,6,False,False,50,2024-01-25 00:00:00,False
PAT,GAU,9I,HIST-000,Economy,7957,INR,2025-02-05,14,2,2,6,False,False,50,2025-01-22 00:00:00,False
RPR,BOM,6E,HIST-000,Economy,11738,INR,2023-01-13,14,4,1,2,False,False,50,2022-12-30 00:00:00,False
STV,DEL,AI,HIST-000,Economy,11770,INR,2024-11-17,14,6,11,46,False,True,50,2024-11-03 00:00:00,False
COK,HYD,UK,HIST-000,Economy,7228,INR,2025-08-12,14,1,8,33,False,False,50,2025-07-29 00:00:00,False
JAI,CCU,I5,HIST-000,Economy,12155,INR,2023-06-04,14,6,6,22,False,True,50,2023-05-21 00:00:00,False
COK,AMD,QP,HIST-000,Economy,12248,INR,2025-01-09,14,3,1,2,False,False,50,2024-12-26 00:00:00,False
BBI,MAA,9I,HIST-000,Economy,12368,INR,2025-12-17,14,2,12,51,False,False,50,2025-12-03 00:00:00,False
GAU,VNS,2T,HIST-000,Economy,16923,INR,2025-05-21,14,2,5,21,False,False,50,2025-05-07 00:00:00,False
BBI,NAG,QP,HIST-000,Economy,11452,INR,2025-10-19,14,6,10,42,False,True,50,2025-10-05 00:00:00,False
IDR,JAI,QP,HIST-000,Economy,8995,INR,2024-03-19,14,1,3,12,False,False,50,2024-03-05 00:00:00,False
LKO,IDR,AI,HIST-000,Economy,6423,INR,2024-01-13,14,5,1,2,False,True,50,2023-12-30 00:00:00,False
DEL,CCU,UK,HIST-000,Economy,5046,INR,2024-06-24,14,0,6,26,False,False,50,2024-06-10 00:00:00,False
GAU,NAG,6E,HIST-000,Economy,9595,INR,2023-05-05,14,4,5,18,False,False,50,2023-04-21 00:00:00,False
NAG,AMD,S5,HIST-000,Economy,10569,INR,2025-03-05,14,2,3,10,False,False,50,2025-02-19 00:00:00,False
MAA,PNQ,I5,HIST-000,Economy,8863,INR,2024-09-07,14,5,9,36,False,True,50,2024-08-24 00:00:00,False
LKO,GAU,G8,HIST-000,Economy,10727,INR,2025-02-10,14,0,2,7,False,False,50,2025-01-27 00:00:00,False
NAG,BLR,I5,HIST-000,Economy,10222,INR,2025-08-10,14,6,8,32,False,True,50,2025-07-27 00:00:00,False
BLR,MAA,UK,HIST-000,Economy,15239,INR,2025-08-11,14,0,8,33,False,False,50,2025-07-28 00:00:00,False
CCU,VNS,QP,HIST-000,Economy,10504,INR,2025-05-14,14,2,5,20,False,False,50,2025-04-30 00:00:00,False
VNS,BLR,UK,HIST-000,Economy,6841,INR,2024-07-07,14,6,7,27,False,True,50,2024-06-23 00:00:00,False
CCU,GAU,I5,HIST-000,Economy,5385,INR,2025-09-28,14,6,9,39,False,True,50,2025-09-14 00:00:00,False
VNS,AMD,G8,HIST-000,Economy,5380,INR,2024-10-11,14,4,10,41,False,False,50,2024-09-27 00:00:00,False
JAI,IDR,AI,HIST-000,Economy,12501,INR,2024-01-18,14,3,1,3,False,False,50,2024-01-04 00:00:00,False
STV,BOM,2T,HIST-000,Economy,6850,INR,2024-09-15,14,6,9,37,False,True,50,2024-09-01 00:00:00,False
LKO,STV,AI,HIST-000,Economy,12463,INR,2024-09-11,14,2,9,37,False,False,50,2024-08-28 00:00:00,False
NAG,AMD,9I,HIST-000,Economy,7445,INR,2024-09-24,14,1,9,39,False,False,50,2024-09-10 00:00:00,False
NAG,BBI,SG,HIST-000,Economy,7308,INR,2024-11-12,14,1,11,46,False,False,50,2024-10-29 00:00:00,False
BBI,MAA,2T,HIST-000,Economy,7171,INR,2024-07-08,14,0,7,28,False,False,50,2024-06-24 00:00:00,False
LKO,MAA,2T,HIST-000,Economy,6486,INR,2023-02-06,14,0,2,6,False,False,50,2023-01-23 00:00:00,False
RPR,GOI,6E,HIST-000,Economy,7788,INR,2023-11-25,14,5,11,47,False,True,50,2023-11-11 00:00:00,False
VNS,PAT,UK,HIST-000,Economy,12687,INR,2023-04-13,14,3,4,15,False,False,50,2023-03-30 00:00:00,False
PAT,IDR,9I,HIST-000,Economy,11403,INR,2025-07-01,14,1,7,27,False,False,50,2025-06-17 00:00:00,False
JAI,AMD,2T,HIST-000,Economy,7540,INR,2024-08-11,14,6,8,32,False,True,50,2024-07-28 00:00:00,False
PAT,RPR,I5,HIST-000,Economy,13762,INR,2023-06-16,14,4,6,24,False,False,50,2023-06-02 00:00:00,False
COK,DEL,QP,HIST-000,Economy,6852,INR,2024-06-28,14,4,6,26,False,False,50,2024-06-14 00:00:00,False
AMD,COK,AI,HIST-000,Economy,15220,INR,2024-09-04,14,2,9,36,False,False,50,2024-08-21 00:00:00,False
BBI,DEL,6E,HIST-000,Economy,10803,INR,2025-12-04,14,3,12,49,False,False,50,2025-11-20 00:00:00,False
RPR,MAA,QP,HIST-000,Economy,9765,INR,2025-01-22,14,2,1,4,False,False,50,2025-01-08 00:00:00,False
BLR,GAU,SG,HIST-000,Economy,8636,INR,2023-09-11,14,0,9,37,False,False,50,2023-08-28 00:00:00,False
VNS,COK,6E,HIST-000,Economy,11926,INR,2023-05-16,14,1,5,20,False,False,50,2023-05-02 00:00:00,False
BBI,MAA,UK,HIST-000,Economy,13586,INR,2023-02-03,14,4,2,5,False,False,50,2023-01-20 00:00:00,False
GAU,BBI,2T,HIST-000,Economy,12485,INR,2023-06-12,14,0,6,24,False,False,50,2023-05-29 00:00:00,False
IDR,GOI,S5,HIST-000,Economy,8836,INR,2023-02-15,14,2,2,7,False,False,50,2023-02-01 00:00:00,False
IDR,CCU,UK,HIST-000,Economy,14012,INR,2024-06-11,14,1,6,24,False,False,50,2024-05-28 00:00:00,False
COK,RPR,S5,HIST-000,Economy,6882,INR,2025-05-04,14,6,5,18,False,True,50,2025-04-20 00:00:00,False
BLR,AMD,QP,HIST-000,Economy,13225,INR,2024-05-23,14,3,5,21,False,False,50,2024-05-09 00:00:00,False
GOI,VNS,2T,HIST-000,Economy,6707,INR,2023-05-09,14,1,5,19,False,False,50,2023-04-25 00:00:00,False
GOI,STV,I5,HIST-000,Economy,7789,INR,2024-05-21,14,1,5,21,False,False,50,2024-05-07 00:00:00,False
BBI,BOM,I5,HIST-000,Economy,6662,INR,2024-09-23,14,0,9,39,False,False,50,2024-09-09 00:00:00,False
MAA,STV,6E,HIST-000,Economy,6628,INR,2023-09-11,14,0,9,37,False,False,50,2023-08-28 00:00:00,False
VNS,CCU,UK,HIST-000,Economy,11290,INR,2024-11-22,14,4,11,47,False,False,50,2024-11-08 00:00:00,False
VNS,DEL,S5,HIST-000,Economy,16442,INR,2023-08-26,14,5,8,34,False,True,50,2023-08-12 00:00:00,False
IDR,NAG,UK,HIST-000,Economy,3107,INR,2024-08-03,14,5,8,31,False,True,50,2024-07-20 00:00:00,False
BOM,AMD,6E,HIST-000,Economy,8820,INR,2023-10-22,14,6,10,42,False,True,50,2023-10-08 00:00:00,False
GOI,JAI,S5,HIST-000,Economy,12805,INR,2025-05-01,14,3,5,18,False,False,50,2025-04-17 00:00:00,False
PNQ,LKO,UK,HIST-000,Economy,7028,INR,2025-03-14,14,4,3,11,False,False,50,2025-02-28 00:00:00,False
BBI,VNS,9I,HIST-000,Economy,12057,INR,2023-07-15,14,5,7,28,False,True,50,2023-07-01 00:00:00,False
DEL,NAG,S5,HIST-000,Economy,4509,INR,2024-04-17,14,2,4,16,False,False,50,2024-04-03 00:00:00,False
GAU,HYD,UK,HIST-000,Economy,10462,INR,2024-01-15,14,0,1,3,False,False,50,2024-01-01 00:00:00,False
RPR,BLR,2T,HIST-000,Economy,8284,INR,2024-02-16,14,4,2,7,False,False,50,2024-02-02 00:00:00,False
IDR,BOM,9I,HIST-000,Economy,11618,INR,2023-08-20,14,6,8,33,False,True,50,2023-08-06 00:00:00,False
VNS,GAU,I5,HIST-000,Economy,12692,INR,2023-03-19,14,6,3,11,False,True,50,2023-03-05 00:00:00,False
MAA,JAI,2T,HIST-000,Economy,11814,INR,2023-07-27,14,3,7,30,False,False,50,2023-07-13 00:00:00,False
CCU,VNS,6E,HIST-000,Economy,11051,INR,2025-12-05,14,4,12,49,False,False,50,2025-11-21 00:00:00,False
COK,IDR,S5,HIST-000,Economy,10656,INR,2023-07-16,14,6,7,28,False,True,50,2023-07-02 00:00:00,False
HYD,STV,SG,HIST-000,Economy,6492,INR,2023-01-02,14,0,1,1,False,False,50,2022-12-19 00:00:00,False
CCU,STV,G8,HIST-000,Economy,13155,INR,2023-05-04,14,3,5,18,False,False,50,2023-04-20 00:00:00,False
PAT,MAA,I5,HIST-000,Economy,13470,INR,2023-04-01,14,5,4,13,False,True,50,2023-03-18 00:00:00,False
COK,CCU,2T,HIST-000,Economy,8866,INR,2025-06-09,14,0,6,24,False,False,50,2025-05-26 00:00:00,False
BBI,DEL,I5,HIST-000,Economy,4940,INR,2025-10-24,14,4,10,43,False,False,50,2025-10-10 00:00:00,False
JAI,RPR,G8,HIST-000,Economy,6205,INR,2024-05-16,14,3,5,20,False,False,50,2024-05-02 00:00:00,False
JAI,GOI,I5,HIST-000,Economy,10097,INR,2024-09-20,14,4,9,38,False,False,50,2024-09-06 00:00:00,False
STV,COK,I5,HIST-000,Economy,10898,INR,2025-12-19,14,4,12,51,False,False,50,2025-12-05 00:00:00,False
JAI,PNQ,G8,HIST-000,Economy,11705,INR,2024-10-01,14,1,10,40,False,False,50,2024-09-17 00:00:00,False
JAI,RPR,QP,HIST-000,Economy,9554,INR,2025-07-05,14,5,7,27,False,True,50,2025-06-21 00:00:00,False
RPR,DEL,AI,HIST-000,Economy,14189,INR,2025-07-12,14,5,7,28,False,True,50,2025-06-28 00:00:00,False
STV,BOM,9I,HIST-000,Economy,13330,INR,2023-08-21,14,0,8,34,False,False,50,2023-08-07 00:00:00,False
BBI,PNQ,SG,HIST-000,Economy,10397,INR,2024-09-26,14,3,9,39,False,False,50,2024-09-12 00:00:00,False
BBI,IDR,QP,HIST-000,Economy,13269,INR,2023-11-26,14,6,11,47,False,True,50,2023-11-12 00:00:00,False
IDR,BBI,S5,HIST-000,Economy,9646,INR,2024-12-11,14,2,12,50,False,False,50,2024-11-27 00:00:00,False
CCU,DEL,UK,HIST-000,Economy,6600,INR,2023-02-16,14,3,2,7,False,False,50,2023-02-02 00:00:00,False
GOI,BOM,UK,HIST-000,Economy,15713,INR,2025-06-03,14,1,6,23,False,False,50,2025-05-20 00:00:00,False
BBI,NAG,G8,HIST-000,Economy,5414,INR,2024-06-25,14,1,6,26,False,False,50,2024-06-11 00:00:00,False
BBI,PNQ,2T,HIST-000,Economy,7368,INR,2024-05-28,14,1,5,22,False,False,50,2024-05-14 00:00:00,False
BOM,DEL,G8,HIST-000,Economy,6350,INR,2023-09-16,14,5,9,37,False,True,50,2023-09-02 00:00:00,False
GAU,GOI,9I,HIST-000,Economy,8123,INR,2023-05-06,14,5,5,18,False,True,50,2023-04-22 00:00:00,False
PNQ,STV,6E,HIST-000,Economy,16503,INR,2023-06-05,14,0,6,23,False,False,50,2023-05-22 00:00:00,False
CCU,PAT,AI,HIST-000,Economy,5897,INR,2023-08-01,14,1,8,31,False,False,50,2023-07-18 00:00:00,False
MAA,IDR,G8,HIST-000,Economy,11051,INR,2024-08-05,14,0,8,32,False,False,50,2024-07-22 00:00:00,False
BLR,COK,9I,HIST-000,Economy,4882,INR,2025-09-03,14,2,9,36,False,False,50,2025-08-20 00:00:00,False
GAU,HYD,6E,HIST-000,Economy,8921,INR,2025-05-04,14,6,5,18,False,True,50,2025-04-20 00:00:00,False
MAA,GAU,2T,HIST-000,Economy,11023,INR,2023-09-21,14,3,9,38,False,False,50,2023-09-07 00:00:00,False
PNQ,CCU,9I,HIST-000,Economy,10181,INR,2024-05-24,14,4,5,21,False,False,50,2024-05-10 00:00:00,False
AMD,HYD,SG,HIST-000,Economy,8933,INR,2023-08-03,14,3,8,31,False,False,50,2023-07-20 00:00:00,False
COK,PNQ,UK,HIST-000,Economy,4680,INR,2023-07-18,14,1,7,29,False,False,50,2023-07-04 00:00:00,False
NAG,VNS,I5,HIST-000,Economy,5997,INR,2025-05-04,14,6,5,18,False,True,50,2025-04-20 00:00:00,False
VNS,PAT,9I,HIST-000,Economy,10151,INR,2023-11-19,14,6,11,46,False,True,50,2023-11-05 00:00:00,False
NAG,DEL,QP,HIST-000,Economy,9623,INR,2024-05-09,14,3,5,19,False,False,50,2024-04-25 00:00:00,False
BOM,AMD,S5,HIST-000,Economy,7952,INR,2025-12-06,14,5,12,49,False,True,50,2025-11-22 00:00:00,False
PNQ,STV,I5,HIST-000,Economy,6501,INR,2024-08-10,14,5,8,32,False,True,50,2024-07-27 00:00:00,False
VNS,GOI,S5,HIST-000,Economy,3064,INR,2025-05-27,14,1,5,22,False,False,50,2025-05-13 00:00:00,False
GAU,MAA,2T,HIST-000,Economy,3527,INR,2023-06-08,14,3,6,23,False,False,50,2023-05-25 00:00:00,False
NAG,CCU,2T,HIST-000,Economy,11431,INR,2023-03-11,14,5,3,10,False,True,50,2023-02-25 00:00:00,False
BOM,CCU,AI,HIST-000,Economy,4007,INR,2023-11-10,14,4,11,45,False,False,50,2023-10-27 00:00:00,False
VNS,BBI,6E,HIST-000,Economy,11336,INR,2025-04-18,14,4,4,16,False,False,50,2025-04-04 00:00:00,False
HYD,PNQ,SG,HIST-000,Economy,8013,INR,2024-08-22,14,3,8,34,False,False,50,2024-08-08 00:00:00,False
BLR,MAA,I5,HIST-000,Economy,4299,INR,2025-09-20,14,5,9,38,False,True,50,2025-09-06 00:00:00,False
COK,JAI,AI,HIST-000,Economy,6205,INR,2023-08-18,14,4,8,33,False,False,50,2023-08-04 00:00:00,False
BOM,COK,S5,HIST-000,Economy,7540,INR,2025-09-28,14,6,9,39,False,True,50,2025-09-14 00:00:00,False
STV,HYD,UK,HIST-000,Economy,6037,INR,2023-04-17,14,0,4,16,False,False,50,2023-04-03 00:00:00,False
HYD,COK,G8,HIST-000,Economy,11341,INR,2025-03-24,14,0,3,13,False,False,50,2025-03-10 00:00:00,False
NAG,AMD,S5,HIST-000,Economy,9680,INR,2025-08-08,14,4,8,32,False,False,50,2025-07-25 00:00:00,False
LKO,JAI,SG,HIST-000,Economy,2900,INR,2025-09-09,14,1,9,37,False,False,50,2025-08-26 00:00:00,False
COK,BBI,G8,HIST-000,Economy,8468,INR,2025-12-12,14,4,12,50,False,False,50,2025-11-28 00:00:00,False
PNQ,HYD,9I,HIST-000,Economy,9398,INR,2023-07-09,14,6,7,27,False,True,50,2023-06-25 00:00:00,False
MAA,STV,I5,HIST-000,Economy,4820,INR,2025-08-03,14,6,8,31,False,True,50,2025-07-20 00:00:00,False
STV,IDR,S5,HIST-000,Economy,13728,INR,2025-11-17,14,0,11,47,False,False,50,2025-11-03 00:00:00,False
PAT,STV,S5,HIST-000,Economy,15149,INR,2024-11-19,14,1,11,47,False,False,50,2024-11-05 00:00:00,False
DEL,RPR,SG,HIST-000,Economy,6050,INR,2024-11-27,14,2,11,48,False,False,50,2024-11-13 00:00:00,False
PAT,GAU,G8,HIST-000,Economy,13986,INR,2025-06-28,14,5,6,26,False,True,50,2025-06-14 00:00:00,False
PNQ,HYD,I5,HIST-000,Economy,7696,INR,2023-05-20,14,5,5,20,False,True,50,2023-05-06 00:00:00,False
STV,COK,9I,HIST-000,Economy,7392,INR,2023-10-24,14,1,10,43,False,False,50,2023-10-10 00:00:00,False
BLR,JAI,UK,HIST-000,Economy,9631,INR,2023-09-22,14,4,9,38,False,False,50,2023-09-08 00:00:00,False
NAG,BLR,UK,HIST-000,Economy,7260,INR,2025-05-18,14,6,5,20,False,True,50,2025-05-04 00:00:00,False
JAI,NAG,QP,HIST-000,Economy,10467,INR,2024-04-12,14,4,4,15,False,False,50,2024-03-29 00:00:00,False
VNS,HYD,SG,HIST-000,Economy,5342,INR,2024-12-27,14,4,12,52,False,False,50,2024-12-13 00:00:00,False
DEL,VNS,6E,HIST-000,Economy,11854,INR,2024-11-25,14,0,11,48,False,False,50,2024-11-11 00:00:00,False
STV,AMD,UK,HIST-000,Economy,14531,INR,2023-09-27,14,2,9,39,False,False,50,2023-09-13 00:00:00,False
STV,MAA,I5,HIST-000,Economy,10606,INR,2023-08-28,14,0,8,35,False,False,50,2023-08-14 00:00:00,False
DEL,BBI,9I,HIST-000,Economy,7151,INR,2025-12-15,14,0,12,51,False,False,50,2025-12-01 00:00:00,False
PNQ,IDR,G8,HIST-000,Economy,9225,INR,2025-10-19,14,6,10,42,False,True,50,2025-10-05 00:00:00,False
RPR,AMD,2T,HIST-000,Economy,5162,INR,2024-06-03,14,0,6,23,False,False,50,2024-05-20 00:00:00,False
PAT,COK,I5,HIST-000,Economy,7260,INR,2023-02-26,14,6,2,8,False,True,50,2023-02-12 00:00:00,False
LKO,DEL,QP,HIST-000,Economy,6018,INR,2025-03-20,14,3,3,12,False,False,50,2025-03-06 00:00:00,False
DEL,HYD,9I,HIST-000,Economy,11398,INR,2023-05-20,14,5,5,20,False,True,50,2023-05-06 00:00:00,False
BOM,PNQ,AI,HIST-000,Economy,6021,INR,2023-01-25,14,2,1,4,False,False,50,2023-01-11 00:00:00,False
JAI,MAA,AI,HIST-000,Economy,6975,INR,2025-05-19,14,0,5,21,False,False,50,2025-05-05 00:00:00,False
COK,MAA,QP,HIST-000,Economy,13176,INR,2024-04-19,14,4,4,16,False,False,50,2024-04-05 00:00:00,False
LKO,DEL,2T,HIST-000,Economy,8393,INR,2024-09-15,14,6,9,37,False,True,50,2024-09-01 00:00:00,False
GOI,LKO,6E,HIST-000,Economy,7705,INR,2024-05-23,14,3,5,21,False,False,50,2024-05-09 00:00:00,False
PAT,JAI,SG,HIST-000,Economy,9135,INR,2023-07-20,14,3,7,29,False,False,50,2023-07-06 00:00:00,False
NAG,DEL,QP,HIST-000,Economy,11062,INR,2025-08-07,14,3,8,32,False,False,50,2025-07-24 00:00:00,False
PNQ,BBI,QP,HIST-000,Economy,6388,INR,2023-12-21,14,3,12,51,False,False,50,2023-12-07 00:00:00,False
GAU,IDR,QP,HIST-000,Economy,6414,INR,2024-04-14,14,6,4,15,False,True,50,2024-03-31 00:00:00,False
PNQ,NAG,G8,HIST-000,Economy,7457,INR,2024-11-09,14,5,11,45,False,True,50,2024-10-26 00:00:00,False
AMD,LKO,G8,HIST-000,Economy,4547,INR,2025-06-15,14,6,6,24,False,True,50,2025-06-01 00:00:00,False
AMD,GOI,S5,HIST-000,Economy,10752,INR,2024-06-23,14,6,6,25,False,True,50,2024-06-09 00:00:00,False
BLR,VNS,QP,HIST-000,Economy,3188,INR,2024-10-06,14,6,10,40,False,True,50,2024-09-22 00:00:00,False
CCU,PNQ,UK,HIST-000,Economy,4506,INR,2024-05-10,14,4,5,19,False,False,50,2024-04-26 00:00:00,False
GOI,RPR,6E,HIST-000,Economy,9702,INR,2025-03-26,14,2,3,13,False,False,50,2025-03-12 00:00:00,False
GAU,BBI,9I,HIST-000,Economy,9007,INR,2023-03-27,14,0,3,13,False,False,50,2023-03-13 00:00:00,False
LKO,RPR,6E,HIST-000,Economy,4401,INR,2024-07-20,14,5,7,29,False,True,50,2024-07-06 00:00:00,False
BBI,STV,6E,HIST-000,Economy,4659,INR,2023-10-18,14,2,10,42,False,False,50,2023-10-04 00:00:00,False
VNS,PAT,AI,HIST-000,Economy,13228,INR,2025-06-06,14,4,6,23,False,False,50,2025-05-23 00:00:00,False
AMD,BLR,6E,HIST-000,Economy,12026,INR,2023-05-13,14,5,5,19,False,True,50,2023-04-29 00:00:00,False
CCU,PNQ,9I,HIST-000,Economy,12053,INR,2025-12-07,14,6,12,49,False,True,50,2025-11-23 00:00:00,False
RPR,NAG,AI,HIST-000,Economy,14441,INR,2025-03-16,14,6,3,11,False,True,50,2025-03-02 00:00:00,False
NAG,IDR,AI,HIST-000,Economy,14106,INR,2025-05-23,14,4,5,21,False,False,50,2025-05-09 00:00:00,False
BLR,RPR,S5,HIST-000,Economy,7355,INR,2025-01-15,14,2,1,3,False,False,50,2025-01-01 00:00:00,False
PNQ,HYD,UK,HIST-000,Economy,4506,INR,2025-11-27,14,3,11,48,False,False,50,2025-11-13 00:00:00,False
GOI,PAT,SG,HIST-000,Economy,11992,INR,2023-02-18,14,5,2,7,False,True,50,2023-02-04 00:00:00,False
RPR,BOM,S5,HIST-000,Economy,12386,INR,2023-02-02,14,3,2,5,False,False,50,2023-01-19 00:00:00,False
RPR,GAU,6E,HIST-000,Economy,10203,INR,2023-08-09,14,2,8,32,False,False,50,2023-07-26 00:00:00,False
PNQ,HYD,UK,HIST-000,Economy,10943,INR,2025-02-18,14,1,2,8,False,False,50,2025-02-04 00:00:00,False
DEL,NAG,6E,HIST-000,Economy,11398,INR,2023-09-16,14,5,9,37,False,True,50,2023-09-02 00:00:00,False
BLR,COK,2T,HIST-000,Economy,13033,INR,2023-02-03,14,4,2,5,False,False,50,2023-01-20 00:00:00,False
DEL,LKO,2T,HIST-000,Economy,13433,INR,2024-07-28,14,6,7,30,False,True,50,2024-07-14 00:00:00,False
GAU,COK,QP,HIST-000,Economy,3797,INR,2024-10-17,14,3,10,42,False,False,50,2024-10-03 00:00:00,False
COK,PAT,6E,HIST-000,Economy,10178,INR,2024-02-17,14,5,2,7,False,True,50,2024-02-03 00:00:00,False
BBI,BOM,2T,HIST-000,Economy,14279,INR,2025-01-22,14,2,1,4,False,False,50,2025-01-08 00:00:00,False
COK,MAA,S5,HIST-000,Economy,10049,INR,2025-01-06,14,0,1,2,False,False,50,2024-12-23 00:00:00,False
BOM,CCU,AI,HIST-000,Economy,10199,INR,2023-09-05,14,1,9,36,False,False,50,2023-08-22 00:00:00,False
BBI,COK,I5,HIST-000,Economy,4753,INR,2025-01-15,14,2,1,3,False,False,50,2025-01-01 00:00:00,False
BOM,NAG,9I,HIST-000,Economy,11210,INR,2024-03-05,14,1,3,10,False,False,50,2024-02-20 00:00:00,False
HYD,BBI,I5,HIST-000,Economy,12041,INR,2023-11-01,14,2,11,44,False,False,50,2023-10-18 00:00:00,False
MAA,PNQ,2T,HIST-000,Economy,9354,INR,2025-11-23,14,6,11,47,False,True,50,2025-11-09 00:00:00,False
GOI,COK,AI,HIST-000,Economy,7282,INR,2024-05-27,14,0,5,22,False,False,50,2024-05-13 00:00:00,False
NAG,PNQ,9I,HIST-000,Economy,4104,INR,2023-02-20,14,0,2,8,False,False,50,2023-02-06 00:00:00,False
BOM,DEL,I5,HIST-000,Economy,13238,INR,2023-07-22,14,5,7,29,False,True,50,2023-07-08 00:00:00,False
PAT,BBI,2T,HIST-000,Economy,9392,INR,2025-01-01,14,2,1,1,False,False,50,2024-12-18 00:00:00,False
PNQ,HYD,6E,HIST-000,Economy,8839,INR,2023-09-10,14,6,9,36,False,True,50,2023-08-27 00:00:00,False
STV,LKO,9I,HIST-000,Economy,14799,INR,2025-04-25,14,4,4,17,False,False,50,2025-04-11 00:00:00,False
VNS,HYD,6E,HIST-000,Economy,11659,INR,2025-11-01,14,5,11,44,False,True,50,2025-10-18 00:00:00,False
MAA,IDR,I5,HIST-000,Economy,5523,INR,2023-08-11,14,4,8,32,False,False,50,2023-07-28 00:00:00,False
BLR,RPR,UK,HIST-000,Economy,4128,INR,2023-06-17,14,5,6,24,False,True,50,2023-06-03 00:00:00,False
CCU,PAT,UK,HIST-000,Economy,6111,INR,2025-12-02,14,1,12,49,False,False,50,2025-11-18 00:00:00,False
LKO,GAU,AI,HIST-000,Economy,3414,INR,2025-03-16,14,6,3,11,False,True,50,2025-03-02 00:00:00,False
BLR,CCU,QP,HIST-000,Economy,12716,INR,2023-12-14,14,3,12,50,False,False,50,2023-11-30 00:00:00,False
GOI,PAT,2T,HIST-000,Economy,8917,INR,2024-04-13,14,5,4,15,False,True,50,2024-03-30 00:00:00,False
CCU,HYD,UK,HIST-000,Economy,13521,INR,2023-02-04,14,5,2,5,False,True,50,2023-01-21 00:00:00,False
AMD,STV,QP,HIST-000,Economy,2532,INR,2024-07-01,14,0,7,27,False,False,50,2024-06-17 00:00:00,False
GAU,DEL,UK,HIST-000,Economy,12303,INR,2024-01-24,14,2,1,4,False,False,50,2024-01-10 00:00:00,False
LKO,AMD,9I,HIST-000,Economy,8727,INR,2023-10-17,14,1,10,42,False,False,50,2023-10-03 00:00:00,False
LKO,VNS,AI,HIST-000,Economy,8240,INR,2023-07-15,14,5,7,28,False,True,50,2023-07-01 00:00:00,False
IDR,RPR,SG,HIST-000,Economy,9214,INR,2025-11-25,14,1,11,48,False,False,50,2025-11-11 00:00:00,False
COK,STV,S5,HIST-000,Economy,4497,INR,2024-05-23,14,3,5,21,False,False,50,2024-05-09 00:00:00,False
HYD,BOM,I5,HIST-000,Economy,7734,INR,2023-07-28,14,4,7,30,False,False,50,2023-07-14 00:00:00,False
PAT,PNQ,SG,HIST-000,Economy,9382,INR,2023-12-13,14,2,12,50,False,False,50,2023-11-29 00:00:00,False
JAI,AMD,I5,HIST-000,Economy,10431,INR,2025-07-03,14,3,7,27,False,False,50,2025-06-19 00:00:00,False
CCU,STV,6E,HIST-000,Economy,2693,INR,2023-12-05,14,1,12,49,False,False,50,2023-11-21 00:00:00,False
GAU,MAA,SG,HIST-000,Economy,2566,INR,2023-10-08,14,6,10,40,False,True,50,2023-09-24 00:00:00,False
AMD,RPR,6E,HIST-000,Economy,13418,INR,2025-11-22,14,5,11,47,False,True,50,2025-11-08 00:00:00,False
HYD,PAT,I5,HIST-000,Economy,9286,INR,2025-07-12,14,5,7,28,False,True,50,2025-06-28 00:00:00,False
BOM,CCU,G8,HIST-000,Economy,6998,INR,2025-05-01,14,3,5,18,False,False,50,2025-04-17 00:00:00,False
NAG,PAT,9I,HIST-000,Economy,11454,INR,2025-01-21,14,1,1,4,False,False,50,2025-01-07 00:00:00,False
NAG,BLR,S5,HIST-000,Economy,13221,INR,2023-12-25,14,0,12,52,False,False,50,2023-12-11 00:00:00,False
GOI,COK,G8,HIST-000,Economy,9020,INR,2023-11-03,14,4,11,44,False,False,50,2023-10-20 00:00:00,False
HYD,COK,2T,HIST-000,Economy,5270,INR,2023-04-04,14,1,4,14,False,False,50,2023-03-21 00:00:00,False
AMD,LKO,G8,HIST-000,Economy,6671,INR,2025-10-01,14,2,10,40,False,False,50,2025-09-17 00:00:00,False
PNQ,STV,G8,HIST-000,Economy,11136,INR,2023-01-22,14,6,1,3,False,True,50,2023-01-08 00:00:00,False
HYD,IDR,G8,HIST-000,Economy,6252,INR,2024-11-13,14,2,11,46,False,False,50,2024-10-30 00:00:00,False
JAI,MAA,SG,HIST-000,Economy,13654,INR,2023-09-20,14,2,9,38,False,False,50,2023-09-06 00:00:00,False
NAG,RPR,9I,HIST-000,Economy,8330,INR,2023-02-25,14,5,2,8,False,True,50,2023-02-11 00:00:00,False
HYD,BOM,SG,HIST-000,Economy,11379,INR,2023-04-21,14,4,4,16,False,False,50,2023-04-07 00:00:00,False
IDR,CCU,AI,HIST-000,Economy,9034,INR,2023-02-18,14,5,2,7,False,True,50,2023-02-04 00:00:00,False
GOI,PAT,G8,HIST-000,Economy,12104,INR,2024-08-11,14,6,8,32,False,True,50,2024-07-28 00:00:00,False
PNQ,BBI,9I,HIST-000,Economy,7613,INR,2024-06-17,14,0,6,25,False,False,50,2024-06-03 00:00:00,False
DEL,BLR,SG,HIST-000,Economy,10594,INR,2023-04-28,14,4,4,17,False,False,50,2023-04-14 00:00:00,False
STV,PNQ,SG,HIST-000,Economy,2895,INR,2023-11-16,14,3,11,46,False,False,50,2023-11-02 00:00:00,False
VNS,BLR,S5,HIST-000,Economy,6077,INR,2024-10-08,14,1,10,41,False,False,50,2024-09-24 00:00:00,False
STV,LKO,G8,HIST-000,Economy,11052,INR,2023-10-20,14,4,10,42,False,False,50,2023-10-06 00:00:00,False
BLR,JAI,I5,HIST-000,Economy,2738,INR,2023-06-21,14,2,6,25,False,False,50,2023-06-07 00:00:00,False
STV,DEL,G8,HIST-000,Economy,13284,INR,2023-08-18,14,4,8,33,False,False,50,2023-08-04 00:00:00,False
COK,LKO,QP,HIST-000,Economy,13532,INR,2025-01-17,14,4,1,3,False,False,50,2025-01-03 00:00:00,False
STV,CCU,6E,HIST-000,Economy,7880,INR,2024-01-26,14,4,1,4,False,False,50,2024-01-12 00:00:00,False
GAU,GOI,S5,HIST-000,Economy,13650,INR,2023-10-13,14,4,10,41,False,False,50,2023-09-29 00:00:00,False
BLR,HYD,9I,HIST-000,Economy,11740,INR,2023-03-12,14,6,3,10,False,True,50,2023-02-26 00:00:00,False
GAU,NAG,I5,HIST-000,Economy,10392,INR,2025-03-18,14,1,3,12,False,False,50,2025-03-04 00:00:00,False
LKO,GAU,I5,HIST-000,Economy,13184,INR,2024-07-02,14,1,7,27,False,False,50,2024-06-18 00:00:00,False
LKO,MAA,G8,HIST-000,Economy,8974,INR,2023-07-19,14,2,7,29,False,False,50,2023-07-05 00:00:00,False
VNS,BLR,S5,HIST-000,Economy,8355,INR,2024-03-16,14,5,3,11,False,True,50,2024-03-02 00:00:00,False
CCU,GAU,QP,HIST-000,Economy,17539,INR,2025-06-22,14,6,6,25,False,True,50,2025-06-08 00:00:00,False
IDR,GOI,QP,HIST-000,Economy,15376,INR,2024-06-26,14,2,6,26,False,False,50,2024-06-12 00:00:00,False
GOI,AMD,AI,HIST-000,Economy,4689,INR,2025-08-18,14,0,8,34,False,False,50,2025-08-04 00:00:00,False
MAA,NAG,2T,HIST-000,Economy,8226,INR,2023-11-04,14,5,11,44,False,True,50,2023-10-21 00:00:00,False
STV,IDR,2T,HIST-000,Economy,15805,INR,2024-12-21,14,5,12,51,False,True,50,2024-12-07 00:00:00,False
IDR,GOI,UK,HIST-000,Economy,8972,INR,2025-07-25,14,4,7,30,False,False,50,2025-07-11 00:00:00,False
GAU,NAG,QP,HIST-000,Economy,8269,INR,2023-01-27,14,4,1,4,False,False,50,2023-01-13 00:00:00,False
AMD,VNS,2T,HIST-000,Economy,10724,INR,2025-12-28,14,6,12,52,False,True,50,2025-12-14 00:00:00,False
GAU,AMD,2T,HIST-000,Economy,6500,INR,2025-08-07,14,3,8,32,False,False,50,2025-07-24 00:00:00,False
BBI,CCU,AI,HIST-000,Economy,13364,INR,2023-06-17,14,5,6,24,False,True,50,2023-06-03 00:00:00,False
MAA,GOI,AI,HIST-000,Economy,2615,INR,2025-01-28,14,1,1,5,False,False,50,2025-01-14 00:00:00,False
COK,GOI,9I,HIST-000,Economy,9347,INR,2025-11-18,14,1,11,47,False,False,50,2025-11-04 00:00:00,False
MAA,GOI,6E,HIST-000,Economy,3304,INR,2025-08-19,14,1,8,34,False,False,50,2025-08-05 00:00:00,False
HYD,DEL,UK,HIST-000,Economy,13021,INR,2024-04-24,14,2,4,17,False,False,50,2024-04-10 00:00:00,False
HYD,AMD,G8,HIST-000,Economy,12426,INR,2024-11-14,14,3,11,46,False,False,50,2024-10-31 00:00:00,False
IDR,CCU,S5,HIST-000,Economy,3724,INR,2023-08-13,14,6,8,32,False,True,50,2023-07-30 00:00:00,False
STV,LKO,S5,HIST-000,Economy,8918,INR,2024-10-06,14,6,10,40,False,True,50,2024-09-22 00:00:00,False
PAT,PNQ,QP,HIST-000,Economy,7912,INR,2023-02-25,14,5,2,8,False,True,50,2023-02-11 00:00:00,False
JAI,GAU,AI,HIST-000,Economy,8643,INR,2025-02-20,14,3,2,8,False,False,50,2025-02-06 00:00:00,False
HYD,IDR,SG,HIST-000,Economy,3117,INR,2024-11-11,14,0,11,46,False,False,50,2024-10-28 00:00:00,False
BBI,BLR,S5,HIST-000,Economy,2982,INR,2025-10-17,14,4,10,42,False,False,50,2025-10-03 00:00:00,False
BOM,DEL,I5,HIST-000,Economy,10244,INR,2025-11-19,14,2,11,47,False,False,50,2025-11-05 00:00:00,False
CCU,JAI,2T,HIST-000,Economy,9062,INR,2025-01-10,14,4,1,2,False,False,50,2024-12-27 00:00:00,False
AMD,GOI,SG,HIST-000,Economy,8460,INR,2024-01-18,14,3,1,3,False,False,50,2024-01-04 00:00:00,False
HYD,DEL,S5,HIST-000,Economy,10907,INR,2023-01-27,14,4,1,4,False,False,50,2023-01-13 00:00:00,False
AMD,NAG,SG,HIST-000,Economy,4454,INR,2025-02-14,14,4,2,7,False,False,50,2025-01-31 00:00:00,False
HYD,AMD,6E,HIST-000,Economy,10754,INR,2023-12-23,14,5,12,51,False,True,50,2023-12-09 00:00:00,False
NAG,LKO,2T,HIST-000,Economy,10379,INR,2025-06-20,14,4,6,25,False,False,50,2025-06-06 00:00:00,False
AMD,STV,2T,HIST-000,Economy,11210,INR,2023-08-14,14,0,8,33,False,False,50,2023-07-31 00:00:00,False
GOI,STV,G8,HIST-000,Economy,11857,INR,2023-07-23,14,6,7,29,False,True,50,2023-07-09 00:00:00,False
BBI,BOM,UK,HIST-000,Economy,9184,INR,2024-03-10,14,6,3,10,False,True,50,2024-02-25 00:00:00,False
COK,BLR,SG,HIST-000,Economy,10121,INR,2025-03-09,14,6,3,10,False,True,50,2025-02-23 00:00:00,False
COK,BOM,QP,HIST-000,Economy,12540,INR,2025-07-19,14,5,7,29,False,True,50,2025-07-05 00:00:00,False
STV,PNQ,S5,HIST-000,Economy,9197,INR,2023-08-02,14,2,8,31,False,False,50,2023-07-19 00:00:00,False
IDR,NAG,SG,HIST-000,Economy,13048,INR,2025-01-21,14,1,1,4,False,False,50,2025-01-07 00:00:00,False
NAG,BLR,G8,HIST-000,Economy,12414,INR,2023-04-07,14,4,4,14,False,False,50,2023-03-24 00:00:00,False
GAU,JAI,I5,HIST-000,Economy,13826,INR,2024-12-03,14,1,12,49,False,False,50,2024-11-19 00:00:00,False
NAG,STV,6E,HIST-000,Economy,4123,INR,2023-06-25,14,6,6,25,False,True,50,2023-06-11 00:00:00,False
GAU,RPR,2T,HIST-000,Economy,6519,INR,2023-12-24,14,6,12,51,False,True,50,2023-12-10 00:00:00,False
PNQ,COK,AI,HIST-000,Economy,3444,INR,2024-07-18,14,3,7,29,False,False,50,2024-07-04 00:00:00,False
PAT,COK,UK,HIST-000,Economy,16849,INR,2025-02-26,14,2,2,9,False,False,50,2025-02-12 00:00:00,False
HYD,BLR,SG,HIST-000,Economy,9498,INR,2023-03-24,14,4,3,12,False,False,50,2023-03-10 00:00:00,False
GOI,STV,6E,HIST-000,Economy,13754,INR,2024-06-18,14,1,6,25,False,False,50,2024-06-04 00:00:00,False
IDR,MAA,2T,HIST-000,Economy,5435,INR,2024-02-12,14,0,2,7,False,False,50,2024-01-29 00:00:00,False
AMD,VNS,2T,HIST-000,Economy,11025,INR,2024-09-27,14,4,9,39,False,False,50,2024-09-13 00:00:00,False
PNQ,GOI,AI,HIST-000,Economy,9222,INR,2023-07-11,14,1,7,28,False,False,50,2023-06-27 00:00:00,False
GOI,PAT,2T,HIST-000,Economy,11534,INR,2024-03-17,14,6,3,11,False,True,50,2024-03-03 00:00:00,False
JAI,GOI,6E,HIST-000,Economy,3969,INR,2023-04-12,14,2,4,15,False,False,50,2023-03-29 00:00:00,False
AMD,DEL,AI,HIST-000,Economy,9172,INR,2024-07-08,14,0,7,28,False,False,50,2024-06-24 00:00:00,False
COK,IDR,2T,HIST-000,Economy,11125,INR,2025-12-23,14,1,12,52,False,False,50,2025-12-09 00:00:00,False
COK,HYD,UK,HIST-000,Economy,14859,INR,2024-03-19,14,1,3,12,False,False,50,2024-03-05 00:00:00,False
JAI,CCU,QP,HIST-000,Economy,9535,INR,2024-10-02,14,2,10,40,False,False,50,2024-09-18 00:00:00,False
BOM,HYD,S5,HIST-000,Economy,8673,INR,2024-05-21,14,1,5,21,False,False,50,2024-05-07 00:00:00,False
IDR,HYD,6E,HIST-000,Economy,8431,INR,2023-10-12,14,3,10,41,False,False,50,2023-09-28 00:00:00,False
VNS,STV,S5,HIST-000,Economy,6387,INR,2023-04-17,14,0,4,16,False,False,50,2023-04-03 00:00:00,False
MAA,BLR,UK,HIST-000,Economy,6818,INR,2025-09-21,14,6,9,38,False,True,50,2025-09-07 00:00:00,False
JAI,COK,G8,HIST-000,Economy,6456,INR,2025-10-09,14,3,10,41,False,False,50,2025-09-25 00:00:00,False
LKO,HYD,I5,HIST-000,Economy,13942,INR,2024-05-27,14,0,5,22,False,False,50,2024-05-13 00:00:00,False
BLR,AMD,9I,HIST-000,Economy,9878,INR,2024-11-13,14,2,11,46,False,False,50,2024-10-30 00:00:00,False
MAA,VNS,G8,HIST-000,Economy,7959,INR,2025-02-22,14,5,2,8,False,True,50,2025-02-08 00:00:00,False
PAT,GAU,S5,HIST-000,Economy,10319,INR,2023-06-10,14,5,6,23,False,True,50,2023-05-27 00:00:00,False
IDR,GOI,UK,HIST-000,Economy,9046,INR,2025-03-17,14,0,3,12,False,False,50,2025-03-03 00:00:00,False
CCU,MAA,SG,HIST-000,Economy,6774,INR,2025-01-05,14,6,1,1,False,True,50,2024-12-22 00:00:00,False
GOI,COK,S5,HIST-000,Economy,4030,INR,2023-07-08,14,5,7,27,False,True,50,2023-06-24 00:00:00,False
MAA,PAT,S5,HIST-000,Economy,8397,INR,2024-01-12,14,4,1,2,False,False,50,2023-12-29 00:00:00,False
GOI,BLR,9I,HIST-000,Economy,11644,INR,2024-06-24,14,0,6,26,False,False,50,2024-06-10 00:00:00,False
BBI,RPR,S5,HIST-000,Economy,10188,INR,2023-02-11,14,5,2,6,False,True,50,2023-01-28 00:00:00,False
VNS,NAG,6E,HIST-000,Economy,8782,INR,2023-07-07,14,4,7,27,False,False,50,2023-06-23 00:00:00,False
BBI,PAT,6E,HIST-000,Economy,7524,INR,2023-06-12,14,0,6,24,False,False,50,2023-05-29 00:00:00,False
PNQ,DEL,6E,HIST-000,Economy,6779,INR,2025-02-13,14,3,2,7,False,False,50,2025-01-30 00:00:00,False
LKO,DEL,SG,HIST-000,Economy,10304,INR,2023-02-21,14,1,2,8,False,False,50,2023-02-07 00:00:00,False
HYD,CCU,2T,HIST-000,Economy,5196,INR,2025-04-22,14,1,4,17,False,False,50,2025-04-08 00:00:00,False
DEL,HYD,I5,HIST-000,Economy,10542,INR,2025-10-11,14,5,10,41,False,True,50,2025-09-27 00:00:00,False
NAG,HYD,SG,HIST-000,Economy,7773,INR,2024-06-25,14,1,6,26,False,False,50,2024-06-11 00:00:00,False
BOM,COK,QP,HIST-000,Economy,13281,INR,2025-04-21,14,0,4,17,False,False,50,2025-04-07 00:00:00,False
PAT,BBI,S5,HIST-000,Economy,7180,INR,2025-07-16,14,2,7,29,False,False,50,2025-07-02 00:00:00,False
BOM,DEL,AI,HIST-000,Economy,10420,INR,2023-06-13,14,1,6,24,False,False,50,2023-05-30 00:00:00,False
COK,BBI,G8,HIST-000,Economy,6108,INR,2024-02-02,14,4,2,5,False,False,50,2024-01-19 00:00:00,False
JAI,PAT,QP,HIST-000,Economy,9159,INR,2025-10-24,14,4,10,43,False,False,50,2025-10-10 00:00:00,False
RPR,NAG,9I,HIST-000,Economy,8951,INR,2023-01-11,14,2,1,2,False,False,50,2022-12-28 00:00:00,False
GAU,AMD,S5,HIST-000,Economy,11615,INR,2024-12-06,14,4,12,49,False,False,50,2024-11-22 00:00:00,False
BBI,JAI,6E,HIST-000,Economy,7769,INR,2023-08-25,14,4,8,34,False,False,50,2023-08-11 00:00:00,False
NAG,GOI,QP,HIST-000,Economy,4981,INR,2025-11-21,14,4,11,47,False,False,50,2025-11-07 00:00:00,False
MAA,RPR,SG,HIST-000,Economy,9078,INR,2025-08-14,14,3,8,33,False,False,50,2025-07-31 00:00:00,False
MAA,DEL,2T,HIST-000,Economy,8197,INR,2023-06-19,14,0,6,25,False,False,50,2023-06-05 00:00:00,False
BLR,BBI,SG,HIST-000,Economy,15586,INR,2025-10-07,14,1,10,41,False,False,50,2025-09-23 00:00:00,False
CCU,BLR,S5,HIST-000,Economy,14036,INR,2024-09-14,14,5,9,37,False,True,50,2024-08-31 00:00:00,False
JAI,CCU,S5,HIST-000,Economy,9415,INR,2023-02-06,14,0,2,6,False,False,50,2023-01-23 00:00:00,False
VNS,IDR,QP,HIST-000,Economy,14178,INR,2024-02-08,14,3,2,6,False,False,50,2024-01-25 00:00:00,False
CCU,PAT,QP,HIST-000,Economy,10961,INR,2023-11-05,14,6,11,44,False,True,50,2023-10-22 00:00:00,False
AMD,LKO,QP,HIST-000,Economy,4787,INR,2025-01-22,14,2,1,4,False,False,50,2025-01-08 00:00:00,False
STV,PAT,S5,HIST-000,Economy,6484,INR,2025-07-25,14,4,7,30,False,False,50,2025-07-11 00:00:00,False
IDR,BBI,S5,HIST-000,Economy,3109,INR,2023-12-23,14,5,12,51,False,True,50,2023-12-09 00:00:00,False
VNS,IDR,I5,HIST-000,Economy,11964,INR,2023-03-25,14,5,3,12,False,True,50,2023-03-11 00:00:00,False
COK,AMD,9I,HIST-000,Economy,5109,INR,2023-09-22,14,4,9,38,False,False,50,2023-09-08 00:00:00,False
RPR,AMD,S5,HIST-000,Economy,6068,INR,2025-11-27,14,3,11,48,False,False,50,2025-11-13 00:00:00,False
STV,GAU,SG,HIST-000,Economy,7117,INR,2025-01-08,14,2,1,2,False,False,50,2024-12-25 00:00:00,False
BOM,DEL,6E,HIST-000,Economy,8453,INR,2023-02-07,14,1,2,6,False,False,50,2023-01-24 00:00:00,False
CCU,BLR,G8,HIST-000,Economy,7875,INR,2024-11-04,14,0,11,45,False,False,50,2024-10-21 00:00:00,False
GAU,CCU,SG,HIST-000,Economy,6971,INR,2023-04-01,14,5,4,13,False,True,50,2023-03-18 00:00:00,False
RPR,NAG,2T,HIST-000,Economy,14702,INR,2024-04-16,14,1,4,16,False,False,50,2024-04-02 00:00:00,False
GOI,CCU,QP,HIST-000,Economy,11449,INR,2024-11-22,14,4,11,47,False,False,50,2024-11-08 00:00:00,False
GOI,NAG,G8,HIST-000,Economy,6888,INR,2024-03-23,14,5,3,12,False,True,50,2024-03-09 00:00:00,False
DEL,COK,2T,HIST-000,Economy,10793,INR,2023-12-27,14,2,12,52,False,False,50,2023-12-13 00:00:00,False
VNS,CCU,QP,HIST-000,Economy,13628,INR,2023-01-27,14,4,1,4,False,False,50,2023-01-13 00:00:00,False
CCU,HYD,9I,HIST-000,Economy,8944,INR,2024-07-25,14,3,7,30,False,False,50,2024-07-11 00:00:00,False
LKO,MAA,AI,HIST-000,Economy,10971,INR,2024-11-21,14,3,11,47,False,False,50,2024-11-07 00:00:00,False
BLR,PAT,6E,HIST-000,Economy,10426,INR,2024-07-22,14,0,7,30,False,False,50,2024-07-08 00:00:00,False
JAI,DEL,AI,HIST-000,Economy,11626,INR,2024-03-16,14,5,3,11,False,True,50,2024-03-02 00:00:00,False
BOM,STV,9I,HIST-000,Economy,7184,INR,2024-03-04,14,0,3,10,False,False,50,2024-02-19 00:00:00,False
STV,CCU,9I,HIST-000,Economy,11215,INR,2025-07-04,14,4,7,27,False,False,50,2025-06-20 00:00:00,False
AMD,HYD,AI,HIST-000,Economy,13838,INR,2023-06-28,14,2,6,26,False,False,50,2023-06-14 00:00:00,False
GOI,HYD,SG,HIST-000,Economy,7705,INR,2024-04-04,14,3,4,14,False,False,50,2024-03-21 00:00:00,False
BBI,GOI,6E,HIST-000,Economy,5725,INR,2024-06-01,14,5,6,22,False,True,50,2024-05-18 00:00:00,False
PNQ,NAG,QP,HIST-000,Economy,4246,INR,2023-01-13,14,4,1,2,False,False,50,2022-12-30 00:00:00,False
COK,PNQ,UK,HIST-000,Economy,3111,INR,2025-10-16,14,3,10,42,False,False,50,2025-10-02 00:00:00,False
BLR,PNQ,S5,HIST-000,Economy,10624,INR,2025-07-20,14,6,7,29,False,True,50,2025-07-06 00:00:00,False
RPR,CCU,QP,HIST-000,Economy,13118,INR,2025-05-17,14,5,5,20,False,True,50,2025-05-03 00:00:00,False
PAT,BBI,SG,HIST-000,Economy,6940,INR,2025-11-26,14,2,11,48,False,False,50,2025-11-12 00:00:00,False
BOM,AMD,QP,HIST-000,Economy,8958,INR,2023-12-04,14,0,12,49,False,False,50,2023-11-20 00:00:00,False
NAG,BOM,I5,HIST-000,Economy,10301,INR,2023-06-01,14,3,6,22,False,False,50,2023-05-18 00:00:00,False
MAA,AMD,6E,HIST-000,Economy,9254,INR,2023-06-21,14,2,6,25,False,False,50,2023-06-07 00:00:00,False
GAU,PNQ,QP,HIST-000,Economy,8972,INR,2023-07-17,14,0,7,29,False,False,50,2023-07-03 00:00:00,False
COK,CCU,S5,HIST-000,Economy,10088,INR,2023-06-02,14,4,6,22,False,False,50,2023-05-19 00:00:00,False
IDR,MAA,9I,HIST-000,Economy,5925,INR,2025-03-05,14,2,3,10,False,False,50,2025-02-19 00:00:00,False
IDR,AMD,I5,HIST-000,Economy,14787,INR,2025-07-04,14,4,7,27,False,False,50,2025-06-20 00:00:00,False
DEL,PNQ,6E,HIST-000,Economy,6330,INR,2023-09-18,14,0,9,38,False,False,50,2023-09-04 00:00:00,False
MAA,GOI,2T,HIST-000,Economy,2729,INR,2024-12-20,14,4,12,51,False,False,50,2024-12-06 00:00:00,False
GAU,HYD,AI,HIST-000,Economy,11796,INR,2023-03-12,14,6,3,10,False,True,50,2023-02-26 00:00:00,False
STV,IDR,G8,HIST-000,Economy,8533,INR,2023-10-03,14,1,10,40,False,False,50,2023-09-19 00:00:00,False
VNS,PAT,AI,HIST-000,Economy,12201,INR,2025-10-02,14,3,10,40,False,False,50,2025-09-18 00:00:00,False
VNS,COK,SG,HIST-000,Economy,10501,INR,2023-07-03,14,0,7,27,False,False,50,2023-06-19 00:00:00,False
GAU,STV,QP,HIST-000,Economy,10868,INR,2023-08-02,14,2,8,31,False,False,50,2023-07-19 00:00:00,False
COK,BOM,AI,HIST-000,Economy,6611,INR,2025-12-10,14,2,12,50,False,False,50,2025-11-26 00:00:00,False
IDR,VNS,I5,HIST-000,Economy,9605,INR,2024-04-17,14,2,4,16,False,False,50,2024-04-03 00:00:00,False
CCU,IDR,I5,HIST-000,Economy,8246,INR,2024-09-20,14,4,9,38,False,False,50,2024-09-06 00:00:00,False
BLR,LKO,UK,HIST-000,Economy,12700,INR,2023-10-16,14,0,10,42,False,False,50,2023-10-02 00:00:00,False
CCU,JAI,SG,HIST-000,Economy,12232,INR,2024-01-07,14,6,1,1,False,True,50,2023-12-24 00:00:00,False
AMD,BOM,I5,HIST-000,Economy,8160,INR,2025-07-13,14,6,7,28,False,True,50,2025-06-29 00:00:00,False
IDR,LKO,9I,HIST-000,Economy,4937,INR,2025-01-13,14,0,1,3,False,False,50,2024-12-30 00:00:00,False
HYD,BLR,G8,HIST-000,Economy,7678,INR,2025-04-26,14,5,4,17,False,True,50,2025-04-12 00:00:00,False
STV,PAT,2T,HIST-000,Economy,7496,INR,2025-08-09,14,5,8,32,False,True,50,2025-07-26 00:00:00,False
LKO,CCU,6E,HIST-000,Economy,16177,INR,2023-03-17,14,4,3,11,False,False,50,2023-03-03 00:00:00,False
AMD,COK,QP,HIST-000,Economy,13780,INR,2024-06-04,14,1,6,23,False,False,50,2024-05-21 00:00:00,False
MAA,VNS,G8,HIST-000,Economy,10565,INR,2025-07-22,14,1,7,30,False,False,50,2025-07-08 00:00:00,False
VNS,GOI,QP,HIST-000,Economy,12110,INR,2025-07-17,14,3,7,29,False,False,50,2025-07-03 00:00:00,False
HYD,VNS,9I,HIST-000,Economy,8299,INR,2025-02-13,14,3,2,7,False,False,50,2025-01-30 00:00:00,False
JAI,NAG,I5,HIST-000,Economy,5541,INR,2025-11-10,14,0,11,46,False,False,50,2025-10-27 00:00:00,False
IDR,GAU,S5,HIST-000,Economy,6978,INR,2024-10-18,14,4,10,42,False,False,50,2024-10-04 00:00:00,False
DEL,CCU,S5,HIST-000,Economy,13462,INR,2024-12-01,14,6,12,48,False,True,50,2024-11-17 00:00:00,False
LKO,BOM,S5,HIST-000,Economy,14834,INR,2024-05-07,14,1,5,19,False,False,50,2024-04-23 00:00:00,False
RPR,BBI,9I,HIST-000,Economy,12514,INR,2023-02-10,14,4,2,6,False,False,50,2023-01-27 00:00:00,False
GOI,MAA,SG,HIST-000,Economy,4341,INR,2024-07-14,14,6,7,28,False,True,50,2024-06-30 00:00:00,False
PAT,AMD,6E,HIST-000,Economy,6259,INR,2023-10-09,14,0,10,41,False,False,50,2023-09-25 00:00:00,False
DEL,COK,SG,HIST-000,Economy,12843,INR,2025-08-09,14,5,8,32,False,True,50,2025-07-26 00:00:00,False
GAU,IDR,S5,HIST-000,Economy,8189,INR,2025-09-21,14,6,9,38,False,True,50,2025-09-07 00:00:00,False
GOI,STV,9I,HIST-000,Economy,10159,INR,2024-03-22,14,4,3,12,False,False,50,2024-03-08 00:00:00,False
JAI,GAU,QP,HIST-000,Economy,6186,INR,2023-05-17,14,2,5,20,False,False,50,2023-05-03 00:00:00,False
BLR,AMD,UK,HIST-000,Economy,14967,INR,2024-02-15,14,3,2,7,False,False,50,2024-02-01 00:00:00,False
LKO,VNS,QP,HIST-000,Economy,5896,INR,2023-11-07,14,1,11,45,False,False,50,2023-10-24 00:00:00,False
PAT,DEL,SG,HIST-000,Economy,16720,INR,2025-05-24,14,5,5,21,False,True,50,2025-05-10 00:00:00,False
GOI,GAU,9I,HIST-000,Economy,3371,INR,2023-06-11,14,6,6,23,False,True,50,2023-05-28 00:00:00,False
MAA,AMD,AI,HIST-000,Economy,12996,INR,2025-07-09,14,2,7,28,False,False,50,2025-06-25 00:00:00,False
BLR,PAT,S5,HIST-000,Economy,11611,INR,2025-05-19,14,0,5,21,False,False,50,2025-05-05 00:00:00,False
JAI,DEL,UK,HIST-000,Economy,14618,INR,2025-11-07,14,4,11,45,False,False,50,2025-10-24 00:00:00,False
CCU,JAI,S5,HIST-000,Economy,4018,INR,2024-11-14,14,3,11,46,False,False,50,2024-10-31 00:00:00,False
AMD,LKO,G8,HIST-000,Economy,11420,INR,2024-10-08,14,1,10,41,False,False,50,2024-09-24 00:00:00,False
BLR,IDR,UK,HIST-000,Economy,8104,INR,2023-03-08,14,2,3,10,False,False,50,2023-02-22 00:00:00,False
COK,RPR,6E,HIST-000,Economy,9643,INR,2023-07-22,14,5,7,29,False,True,50,2023-07-08 00:00:00,False
COK,HYD,9I,HIST-000,Economy,7985,INR,2025-01-14,14,1,1,3,False,False,50,2024-12-31 00:00:00,False
JAI,PAT,UK,HIST-000,Economy,9638,INR,2025-03-05,14,2,3,10,False,False,50,2025-02-19 00:00:00,False
MAA,DEL,9I,HIST-000,Economy,8623,INR,2024-02-28,14,2,2,9,False,False,50,2024-02-14 00:00:00,False
AMD,IDR,9I,HIST-000,Economy,6980,INR,2025-10-25,14,5,10,43,False,True,50,2025-10-11 00:00:00,False
DEL,IDR,I5,HIST-000,Economy,11530,INR,2024-10-27,14,6,10,43,False,True,50,2024-10-13 00:00:00,False
NAG,AMD,S5,HIST-000,Economy,10186,INR,2023-03-10,14,4,3,10,False,False,50,2023-02-24 00:00:00,False
DEL,STV,6E,HIST-000,Economy,6695,INR,2025-08-18,14,0,8,34,False,False,50,2025-08-04 00:00:00,False
PAT,AMD,QP,HIST-000,Economy,7022,INR,2025-03-18,14,1,3,12,False,False,50,2025-03-04 00:00:00,False
PNQ,GAU,QP,HIST-000,Economy,7183,INR,2023-05-03,14,2,5,18,False,False,50,2023-04-19 00:00:00,False
AMD,PAT,S5,HIST-000,Economy,5365,INR,2023-05-18,14,3,5,20,False,False,50,2023-05-04 00:00:00,False
PNQ,GAU,UK,HIST-000,Economy,6084,INR,2024-02-15,14,3,2,7,False,False,50,2024-02-01 00:00:00,False
GAU,NAG,6E,HIST-000,Economy,8516,INR,2023-09-06,14,2,9,36,False,False,50,2023-08-23 00:00:00,False
DEL,GAU,SG,HIST-000,Economy,8935,INR,2023-04-27,14,3,4,17,False,False,50,2023-04-13 00:00:00,False
LKO,VNS,AI,HIST-000,Economy,15338,INR,2024-09-05,14,3,9,36,False,False,50,2024-08-22 00:00:00,False
GAU,DEL,6E,HIST-000,Economy,4389,INR,2024-01-13,14,5,1,2,False,True,50,2023-12-30 00:00:00,False
BOM,MAA,G8,HIST-000,Economy,16031,INR,2024-10-03,14,3,10,40,False,False,50,2024-09-19 00:00:00,False
NAG,STV,I5,HIST-000,Economy,9883,INR,2025-03-09,14,6,3,10,False,True,50,2025-02-23 00:00:00,False
LKO,PAT,SG,HIST-000,Economy,8040,INR,2024-08-03,14,5,8,31,False,True,50,2024-07-20 00:00:00,False
NAG,PAT,S5,HIST-000,Economy,7388,INR,2024-03-14,14,3,3,11,False,False,50,2024-02-29 00:00:00,False
DEL,GOI,UK,HIST-000,Economy,14529,INR,2024-08-09,14,4,8,32,False,False,50,2024-07-26 00:00:00,False
PAT,MAA,AI,HIST-000,Economy,14175,INR,2025-06-09,14,0,6,24,False,False,50,2025-05-26 00:00:00,False
PAT,IDR,QP,HIST-000,Economy,14554,INR,2024-03-12,14,1,3,11,False,False,50,2024-02-27 00:00:00,False
JAI,HYD,2T,HIST-000,Economy,7941,INR,2024-04-07,14,6,4,14,False,True,50,2024-03-24 00:00:00,False
DEL,CCU,S5,HIST-000,Economy,14408,INR,2025-11-21,14,4,11,47,False,False,50,2025-11-07 00:00:00,False
HYD,VNS,AI,HIST-000,Economy,8905,INR,2024-08-21,14,2,8,34,False,False,50,2024-08-07 00:00:00,False
IDR,BOM,SG,HIST-000,Economy,6683,INR,2024-12-14,14,5,12,50,False,True,50,2024-11-30 00:00:00,False
RPR,AMD,2T,HIST-000,Economy,13847,INR,2023-09-16,14,5,9,37,False,True,50,2023-09-02 00:00:00,False
LKO,BOM,S5,HIST-000,Economy,2664,INR,2024-12-19,14,3,12,51,False,False,50,2024-12-05 00:00:00,False
AMD,JAI,UK,HIST-000,Economy,6733,INR,2025-07-28,14,0,7,31,False,False,50,2025-07-14 00:00:00,False
BLR,CCU,S5,HIST-000,Economy,4164,INR,2024-11-17,14,6,11,46,False,True,50,2024-11-03 00:00:00,False
STV,AMD,G8,HIST-000,Economy,6355,INR,2025-05-22,14,3,5,21,False,False,50,2025-05-08 00:00:00,False
COK,HYD,AI,HIST-000,Economy,7128,INR,2024-08-24,14,5,8,34,False,True,50,2024-08-10 00:00:00,False
JAI,BOM,I5,HIST-000,Economy,10970,INR,2025-08-10,14,6,8,32,False,True,50,2025-07-27 00:00:00,False
JAI,NAG,S5,HIST-000,Economy,8376,INR,2024-04-12,14,4,4,15,False,False,50,2024-03-29 00:00:00,False
IDR,RPR,AI,HIST-000,Economy,12892,INR,2025-02-09,14,6,2,6,False,True,50,2025-01-26 00:00:00,False
VNS,IDR,G8,HIST-000,Economy,14694,INR,2024-04-28,14,6,4,17,False,True,50,2024-04-14 00:00:00,False
HYD,PAT,2T,HIST-000,Economy,3551,INR,2024-11-19,14,1,11,47,False,False,50,2024-11-05 00:00:00,False
STV,PAT,AI,HIST-000,Economy,6621,INR,2023-12-07,14,3,12,49,False,False,50,2023-11-23 00:00:00,False
BLR,HYD,9I,HIST-000,Economy,14771,INR,2024-05-09,14,3,5,19,False,False,50,2024-04-25 00:00:00,False
COK,STV,I5,HIST-000,Economy,5521,INR,2023-11-16,14,3,11,46,False,False,50,2023-11-02 00:00:00,False
RPR,STV,G8,HIST-000,Economy,8175,INR,2025-07-01,14,1,7,27,False,False,50,2025-06-17 00:00:00,False
IDR,AMD,G8,HIST-000,Economy,9096,INR,2023-03-04,14,5,3,9,False,True,50,2023-02-18 00:00:00,False
HYD,VNS,S5,HIST-000,Economy,11921,INR,2025-05-28,14,2,5,22,False,False,50,2025-05-14 00:00:00,False
RPR,JAI,S5,HIST-000,Economy,8410,INR,2023-08-25,14,4,8,34,False,False,50,2023-08-11 00:00:00,False
LKO,AMD,UK,HIST-000,Economy,16720,INR,2023-08-26,14,5,8,34,False,True,50,2023-08-12 00:00:00,False
PNQ,STV,2T,HIST-000,Economy,11339,INR,2025-01-12,14,6,1,2,False,True,50,2024-12-29 00:00:00,False
CCU,IDR,I5,HIST-000,Economy,7368,INR,2024-06-09,14,6,6,23,False,True,50,2024-05-26 00:00:00,False
BOM,COK,QP,HIST-000,Economy,7654,INR,2025-10-16,14,3,10,42,False,False,50,2025-10-02 00:00:00,False
BOM,CCU,QP,HIST-000,Economy,10078,INR,2024-04-14,14,6,4,15,False,True,50,2024-03-31 00:00:00,False
PNQ,BOM,QP,HIST-000,Economy,8932,INR,2023-01-21,14,5,1,3,False,True,50,2023-01-07 00:00:00,False
NAG,RPR,6E,HIST-000,Economy,7717,INR,2025-03-16,14,6,3,11,False,True,50,2025-03-02 00:00:00,False
PAT,HYD,G8,HIST-000,Economy,15334,INR,2023-08-18,14,4,8,33,False,False,50,2023-08-04 00:00:00,False
JAI,HYD,6E,HIST-000,Economy,10339,INR,2024-05-22,14,2,5,21,False,False,50,2024-05-08 00:00:00,False
AMD,IDR,G8,HIST-000,Economy,9624,INR,2025-06-16,14,0,6,25,False,False,50,2025-06-02 00:00:00,False
GOI,IDR,S5,HIST-000,Economy,6310,INR,2025-08-17,14,6,8,33,False,True,50,2025-08-03 00:00:00,False
RPR,GAU,9I,HIST-000,Economy,9080,INR,2023-12-12,14,1,12,50,False,False,50,2023-11-28 00:00:00,False
DEL,NAG,I5,HIST-000,Economy,5744,INR,2024-04-09,14,1,4,15,False,False,50,2024-03-26 00:00:00,False
GAU,NAG,9I,HIST-000,Economy,7715,INR,2024-01-21,14,6,1,3,False,True,50,2024-01-07 00:00:00,False
MAA,BLR,AI,HIST-000,Economy,12551,INR,2025-08-12,14,1,8,33,False,False,50,2025-07-29 00:00:00,False
PAT,PNQ,AI,HIST-000,Economy,8996,INR,2025-10-20,14,0,10,43,False,False,50,2025-10-06 00:00:00,False
AMD,STV,2T,HIST-000,Economy,8828,INR,2024-12-13,14,4,12,50,False,False,50,2024-11-29 00:00:00,False
RPR,PAT,2T,HIST-000,Economy,11829,INR,2025-12-10,14,2,12,50,False,False,50,2025-11-26 00:00:00,False
STV,LKO,SG,HIST-000,Economy,15997,INR,2023-08-02,14,2,8,31,False,False,50,2023-07-19 00:00:00,False
BLR,VNS,S5,HIST-000,Economy,4976,INR,2023-09-23,14,5,9,38,False,True,50,2023-09-09 00:00:00,False
BOM,NAG,AI,HIST-000,Economy,16751,INR,2024-02-01,14,3,2,5,False,False,50,2024-01-18 00:00:00,False
JAI,PAT,6E,HIST-000,Economy,10816,INR,2024-08-20,14,1,8,34,False,False,50,2024-08-06 00:00:00,False
VNS,DEL,AI,HIST-000,Economy,5453,INR,2023-02-21,14,1,2,8,False,False,50,2023-02-07 00:00:00,False
GAU,MAA,UK,HIST-000,Economy,12523,INR,2025-04-01,14,1,4,14,False,False,50,2025-03-18 00:00:00,False
DEL,MAA,AI,HIST-000,Economy,11929,INR,2023-09-01,14,4,9,35,False,False,50,2023-08-18 00:00:00,False
CCU,STV,9I,HIST-000,Economy,6855,INR,2025-04-23,14,2,4,17,False,False,50,2025-04-09 00:00:00,False
NAG,VNS,2T,HIST-000,Economy,2889,INR,2025-02-28,14,4,2,9,False,False,50,2025-02-14 00:00:00,False
BBI,MAA,QP,HIST-000,Economy,11463,INR,2025-01-28,14,1,1,5,False,False,50,2025-01-14 00:00:00,False
NAG,PNQ,AI,HIST-000,Economy,7475,INR,2025-09-18,14,3,9,38,False,False,50,2025-09-04 00:00:00,False
GOI,BOM,G8,HIST-000,Economy,8447,INR,2024-07-06,14,5,7,27,False,True,50,2024-06-22 00:00:00,False
RPR,BLR,I5,HIST-000,Economy,7341,INR,2025-11-05,14,2,11,45,False,False,50,2025-10-22 00:00:00,False
LKO,CCU,UK,HIST-000,Economy,9271,INR,2025-01-15,14,2,1,3,False,False,50,2025-01-01 00:00:00,False
COK,BOM,UK,HIST-000,Economy,5458,INR,2023-03-22,14,2,3,12,False,False,50,2023-03-08 00:00:00,False
COK,VNS,SG,HIST-000,Economy,9228,INR,2023-05-01,14,0,5,18,False,False,50,2023-04-17 00:00:00,False
STV,MAA,S5,HIST-000,Economy,9675,INR,2025-06-16,14,0,6,25,False,False,50,2025-06-02 00:00:00,False
RPR,HYD,QP,HIST-000,Economy,7792,INR,2025-05-13,14,1,5,20,False,False,50,2025-04-29 00:00:00,False
GAU,COK,QP,HIST-000,Economy,4764,INR,2024-12-04,14,2,12,49,False,False,50,2024-11-20 00:00:00,False
HYD,NAG,6E,HIST-000,Economy,8176,INR,2025-02-07,14,4,2,6,False,False,50,2025-01-24 00:00:00,False
JAI,HYD,G8,HIST-000,Economy,12151,INR,2025-04-08,14,1,4,15,False,False,50,2025-03-25 00:00:00,False
GOI,LKO,SG,HIST-000,Economy,9332,INR,2025-05-16,14,4,5,20,False,False,50,2025-05-02 00:00:00,False
BLR,HYD,6E,HIST-000,Economy,13239,INR,2023-02-22,14,2,2,8,False,False,50,2023-02-08 00:00:00,False
COK,MAA,SG,HIST-000,Economy,15333,INR,2025-06-14,14,5,6,24,False,True,50,2025-05-31 00:00:00,False
IDR,COK,2T,HIST-000,Economy,6620,INR,2025-05-04,14,6,5,18,False,True,50,2025-04-20 00:00:00,False
HYD,MAA,G8,HIST-000,Economy,8724,INR,2024-09-08,14,6,9,36,False,True,50,2024-08-25 00:00:00,False
JAI,LKO,2T,HIST-000,Economy,4826,INR,2024-08-11,14,6,8,32,False,True,50,2024-07-28 00:00:00,False
RPR,PAT,9I,HIST-000,Economy,16593,INR,2025-08-06,14,2,8,32,False,False,50,2025-07-23 00:00:00,False
IDR,NAG,2T,HIST-000,Economy,11417,INR,2024-06-28,14,4,6,26,False,False,50,2024-06-14 00:00:00,False
BLR,PNQ,S5,HIST-000,Economy,14843,INR,2025-09-03,14,2,9,36,False,False,50,2025-08-20 00:00:00,False
COK,LKO,2T,HIST-000,Economy,6416,INR,2025-01-25,14,5,1,4,False,True,50,2025-01-11 00:00:00,False
AMD,COK,2T,HIST-000,Economy,9388,INR,2023-05-21,14,6,5,20,False,True,50,2023-05-07 00:00:00,False
COK,PNQ,I5,HIST-000,Economy,6174,INR,2023-11-07,14,1,11,45,False,False,50,2023-10-24 00:00:00,False
BBI,IDR,SG,HIST-000,Economy,13830,INR,2024-04-18,14,3,4,16,False,False,50,2024-04-04 00:00:00,False
JAI,PAT,6E,HIST-000,Economy,6588,INR,2023-08-15,14,1,8,33,False,False,50,2023-08-01 00:00:00,False
GOI,NAG,AI,HIST-000,Economy,13639,INR,2024-12-27,14,4,12,52,False,False,50,2024-12-13 00:00:00,False
BOM,AMD,9I,HIST-000,Economy,7732,INR,2023-12-01,14,4,12,48,False,False,50,2023-11-17 00:00:00,False
PAT,DEL,2T,HIST-000,Economy,6306,INR,2024-03-26,14,1,3,13,False,False,50,2024-03-12 00:00:00,False
BOM,VNS,G8,HIST-000,Economy,11884,INR,2023-12-09,14,5,12,49,False,True,50,2023-11-25 00:00:00,False
JAI,RPR,G8,HIST-000,Economy,11826,INR,2025-04-27,14,6,4,17,False,True,50,2025-04-13 00:00:00,False
VNS,MAA,I5,HIST-000,Economy,15861,INR,2025-09-23,14,1,9,39,False,False,50,2025-09-09 00:00:00,False
PAT,CCU,I5,HIST-000,Economy,14246,INR,2023-06-08,14,3,6,23,False,False,50,2023-05-25 00:00:00,False
RPR,PAT,2T,HIST-000,Economy,15200,INR,2024-08-24,14,5,8,34,False,True,50,2024-08-10 00:00:00,False
JAI,STV,9I,HIST-000,Economy,8842,INR,2024-04-16,14,1,4,16,False,False,50,2024-04-02 00:00:00,False
HYD,BOM,QP,HIST-000,Economy,9069,INR,2025-04-06,14,6,4,14,False,True,50,2025-03-23 00:00:00,False
PAT,COK,6E,HIST-000,Economy,5423,INR,2025-03-02,14,6,3,9,False,True,50,2025-02-16 00:00:00,False
LKO,BBI,QP,HIST-000,Economy,14899,INR,2024-02-11,14,6,2,6,False,True,50,2024-01-28 00:00:00,False
DEL,BOM,I5,HIST-000,Economy,11023,INR,2025-05-28,14,2,5,22,False,False,50,2025-05-14 00:00:00,False
PNQ,LKO,QP,HIST-000,Economy,10856,INR,2025-07-12,14,5,7,28,False,True,50,2025-06-28 00:00:00,False
DEL,IDR,UK,HIST-000,Economy,6397,INR,2025-09-24,14,2,9,39,False,False,50,2025-09-10 00:00:00,False
HYD,AMD,I5,HIST-000,Economy,6955,INR,2025-03-05,14,2,3,10,False,False,50,2025-02-19 00:00:00,False
MAA,GOI,AI,HIST-000,Economy,3139,INR,2023-03-28,14,1,3,13,False,False,50,2023-03-14 00:00:00,False
RPR,BOM,AI,HIST-000,Economy,8258,INR,2025-05-09,14,4,5,19,False,False,50,2025-04-25 00:00:00,False
BLR,BOM,QP,HIST-000,Economy,2913,INR,2024-09-08,14,6,9,36,False,True,50,2024-08-25 00:00:00,False
JAI,GOI,G8,HIST-000,Economy,7270,INR,2025-09-14,14,6,9,37,False,True,50,2025-08-31 00:00:00,False
PNQ,HYD,UK,HIST-000,Economy,7628,INR,2025-12-01,14,0,12,49,False,False,50,2025-11-17 00:00:00,False
NAG,STV,I5,HIST-000,Economy,11010,INR,2024-11-22,14,4,11,47,False,False,50,2024-11-08 00:00:00,False
DEL,IDR,QP,HIST-000,Economy,8521,INR,2025-05-22,14,3,5,21,False,False,50,2025-05-08 00:00:00,False
AMD,LKO,I5,HIST-000,Economy,6230,INR,2023-04-25,14,1,4,17,False,False,50,2023-04-11 00:00:00,False
BBI,LKO,G8,HIST-000,Economy,3413,INR,2025-07-09,14,2,7,28,False,False,50,2025-06-25 00:00:00,False
COK,IDR,QP,HIST-000,Economy,6075,INR,2024-06-01,14,5,6,22,False,True,50,2024-05-18 00:00:00,False
LKO,RPR,G8,HIST-000,Economy,12037,INR,2023-02-13,14,0,2,7,False,False,50,2023-01-30 00:00:00,False
BOM,BLR,6E,HIST-000,Economy,10427,INR,2023-05-28,14,6,5,21,False,True,50,2023-05-14 00:00:00,False
RPR,BOM,QP,HIST-000,Economy,12335,INR,2023-11-28,14,1,11,48,False,False,50,2023-11-14 00:00:00,False
GOI,LKO,9I,HIST-000,Economy,3358,INR,2025-09-11,14,3,9,37,False,False,50,2025-08-28 00:00:00,False
IDR,PNQ,S5,HIST-000,Economy,2588,INR,2024-04-26,14,4,4,17,False,False,50,2024-04-12 00:00:00,False
BBI,BOM,I5,HIST-000,Economy,6566,INR,2025-01-05,14,6,1,1,False,True,50,2024-12-22 00:00:00,False
BLR,GAU,AI,HIST-000,Economy,11162,INR,2023-01-27,14,4,1,4,False,False,50,2023-01-13 00:00:00,False
BBI,MAA,S5,HIST-000,Economy,9785,INR,2023-10-09,14,0,10,41,False,False,50,2023-09-25 00:00:00,False
PAT,AMD,S5,HIST-000,Economy,6696,INR,2025-06-18,14,2,6,25,False,False,50,2025-06-04 00:00:00,False
LKO,AMD,G8,HIST-000,Economy,6589,INR,2025-03-03,14,0,3,10,False,False,50,2025-02-17 00:00:00,False
VNS,PAT,I5,HIST-000,Economy,11841,INR,2023-01-01,14,6,1,52,False,True,50,2022-12-18 00:00:00,False
BOM,BBI,2T,HIST-000,Economy,7262,INR,2023-05-22,14,0,5,21,False,False,50,2023-05-08 00:00:00,False
MAA,JAI,6E,HIST-000,Economy,2888,INR,2024-04-12,14,4,4,15,False,False,50,2024-03-29 00:00:00,False
PAT,CCU,G8,HIST-000,Economy,8913,INR,2023-04-26,14,2,4,17,False,False,50,2023-04-12 00:00:00,False
RPR,PNQ,AI,HIST-000,Economy,12399,INR,2024-04-16,14,1,4,16,False,False,50,2024-04-02 00:00:00,False
STV,IDR,2T,HIST-000,Economy,7112,INR,2025-10-21,14,1,10,43,False,False,50,2025-10-07 00:00:00,False
BLR,PAT,AI,HIST-000,Economy,8745,INR,2024-08-07,14,2,8,32,False,False,50,2024-07-24 00:00:00,False
AMD,NAG,9I,HIST-000,Economy,12491,INR,2023-08-04,14,4,8,31,False,False,50,2023-07-21 00:00:00,False
GAU,HYD,SG,HIST-000,Economy,11636,INR,2025-01-01,14,2,1,1,False,False,50,2024-12-18 00:00:00,False
JAI,BLR,SG,HIST-000,Economy,8155,INR,2024-04-18,14,3,4,16,False,False,50,2024-04-04 00:00:00,False
GAU,HYD,AI,HIST-000,Economy,8932,INR,2024-02-11,14,6,2,6,False,True,50,2024-01-28 00:00:00,False
VNS,COK,QP,HIST-000,Economy,6648,INR,2025-10-01,14,2,10,40,False,False,50,2025-09-17 00:00:00,False
HYD,BOM,QP,HIST-000,Economy,3600,INR,2024-11-21,14,3,11,47,False,False,50,2024-11-07 00:00:00,False
RPR,STV,G8,HIST-000,Economy,9335,INR,2023-07-05,14,2,7,27,False,False,50,2023-06-21 00:00:00,False
IDR,HYD,G8,HIST-000,Economy,6336,INR,2024-02-14,14,2,2,7,False,False,50,2024-01-31 00:00:00,False
GOI,BBI,UK,HIST-000,Economy,8147,INR,2024-09-12,14,3,9,37,False,False,50,2024-08-29 00:00:00,False
HYD,RPR,S5,HIST-000,Economy,13775,INR,2023-09-12,14,1,9,37,False,False,50,2023-08-29 00:00:00,False
VNS,GAU,S5,HIST-000,Economy,13348,INR,2025-12-12,14,4,12,50,False,False,50,2025-11-28 00:00:00,False
GAU,LKO,I5,HIST-000,Economy,9756,INR,2025-03-26,14,2,3,13,False,False,50,2025-03-12 00:00:00,False
BLR,PNQ,AI,HIST-000,Economy,8771,INR,2025-05-16,14,4,5,20,False,False,50,2025-05-02 00:00:00,False
PNQ,AMD,2T,HIST-000,Economy,11523,INR,2023-02-27,14,0,2,9,False,False,50,2023-02-13 00:00:00,False
RPR,AMD,SG,HIST-000,Economy,12223,INR,2025-06-13,14,4,6,24,False,False,50,2025-05-30 00:00:00,False
MAA,AMD,UK,HIST-000,Economy,4469,INR,2025-07-27,14,6,7,30,False,True,50,2025-07-13 00:00:00,False
RPR,PNQ,AI,HIST-000,Economy,8179,INR,2024-11-21,14,3,11,47,False,False,50,2024-11-07 00:00:00,False
LKO,STV,2T,HIST-000,Economy,10679,INR,2023-12-02,14,5,12,48,False,True,50,2023-11-18 00:00:00,False
BOM,PAT,AI,HIST-000,Economy,7869,INR,2024-03-24,14,6,3,12,False,True,50,2024-03-10 00:00:00,False
VNS,COK,S5,HIST-000,Economy,16428,INR,2024-04-18,14,3,4,16,False,False,50,2024-04-04 00:00:00,False
GOI,PNQ,G8,HIST-000,Economy,15005,INR,2025-12-10,14,2,12,50,False,False,50,2025-11-26 00:00:00,False
MAA,CCU,2T,HIST-000,Economy,5324,INR,2024-12-19,14,3,12,51,False,False,50,2024-12-05 00:00:00,False
STV,PAT,AI,HIST-000,Economy,5278,INR,2024-08-28,14,2,8,35,False,False,50,2024-08-14 00:00:00,False
AMD,BBI,G8,HIST-000,Economy,7881,INR,2024-10-27,14,6,10,43,False,True,50,2024-10-13 00:00:00,False
STV,PNQ,AI,HIST-000,Economy,11738,INR,2024-03-21,14,3,3,12,False,False,50,2024-03-07 00:00:00,False
JAI,DEL,UK,HIST-000,Economy,13993,INR,2023-02-19,14,6,2,7,False,True,50,2023-02-05 00:00:00,False
GAU,PNQ,AI,HIST-000,Economy,4330,INR,2025-09-08,14,0,9,37,False,False,50,2025-08-25 00:00:00,False
BLR,GOI,I5,HIST-000,Economy,8679,INR,2023-06-10,14,5,6,23,False,True,50,2023-05-27 00:00:00,False
IDR,NAG,SG,HIST-000,Economy,10416,INR,2025-10-06,14,0,10,41,False,False,50,2025-09-22 00:00:00,False
IDR,HYD,S5,HIST-000,Economy,3625,INR,2025-02-05,14,2,2,6,False,False,50,2025-01-22 00:00:00,False
IDR,BBI,9I,HIST-000,Economy,9878,INR,2023-08-09,14,2,8,32,False,False,50,2023-07-26 00:00:00,False
JAI,AMD,I5,HIST-000,Economy,14648,INR,2024-03-19,14,1,3,12,False,False,50,2024-03-05 00:00:00,False
BBI,IDR,I5,HIST-000,Economy,10171,INR,2024-09-15,14,6,9,37,False,True,50,2024-09-01 00:00:00,False
BOM,PAT,6E,HIST-000,Economy,13246,INR,2025-09-05,14,4,9,36,False,False,50,2025-08-22 00:00:00,False
RPR,STV,SG,HIST-000,Economy,8783,INR,2023-03-08,14,2,3,10,False,False,50,2023-02-22 00:00:00,False
NAG,STV,S5,HIST-000,Economy,7903,INR,2025-07-05,14,5,7,27,False,True,50,2025-06-21 00:00:00,False
BBI,PAT,9I,HIST-000,Economy,7686,INR,2025-12-24,14,2,12,52,False,False,50,2025-12-10 00:00:00,False
LKO,PAT,2T,HIST-000,Economy,10385,INR,2024-02-03,14,5,2,5,False,True,50,2024-01-20 00:00:00,False
STV,AMD,6E,HIST-000,Economy,3909,INR,2024-04-26,14,4,4,17,False,False,50,2024-04-12 00:00:00,False
VNS,LKO,2T,HIST-000,Economy,6700,INR,2023-10-13,14,4,10,41,False,False,50,2023-09-29 00:00:00,False
RPR,JAI,UK,HIST-000,Economy,4541,INR,2025-12-15,14,0,12,51,False,False,50,2025-12-01 00:00:00,False
CCU,MAA,QP,HIST-000,Economy,4657,INR,2025-05-12,14,0,5,20,False,False,50,2025-04-28 00:00:00,False
IDR,BOM,G8,HIST-000,Economy,7932,INR,2025-09-07,14,6,9,36,False,True,50,2025-08-24 00:00:00,False
STV,BBI,G8,HIST-000,Economy,9892,INR,2024-12-09,14,0,12,50,False,False,50,2024-11-25 00:00:00,False
STV,PNQ,G8,HIST-000,Economy,11836,INR,2023-02-06,14,0,2,6,False,False,50,2023-01-23 00:00:00,False
MAA,VNS,9I,HIST-000,Economy,5165,INR,2023-07-03,14,0,7,27,False,False,50,2023-06-19 00:00:00,False
LKO,GOI,SG,HIST-000,Economy,10148,INR,2023-10-12,14,3,10,41,False,False,50,2023-09-28 00:00:00,False
LKO,VNS,6E,HIST-000,Economy,6499,INR,2025-10-25,14,5,10,43,False,True,50,2025-10-11 00:00:00,False
CCU,GOI,G8,HIST-000,Economy,6240,INR,2023-06-06,14,1,6,23,False,False,50,2023-05-23 00:00:00,False
VNS,IDR,S5,HIST-000,Economy,5373,INR,2023-10-03,14,1,10,40,False,False,50,2023-09-19 00:00:00,False
RPR,IDR,SG,HIST-000,Economy,9394,INR,2024-11-26,14,1,11,48,False,False,50,2024-11-12 00:00:00,False
JAI,PAT,9I,HIST-000,Economy,5414,INR,2024-07-16,14,1,7,29,False,False,50,2024-07-02 00:00:00,False
RPR,BOM,AI,HIST-000,Economy,11540,INR,2025-01-13,14,0,1,3,False,False,50,2024-12-30 00:00:00,False
BLR,AMD,9I,HIST-000,Economy,3739,INR,2024-12-06,14,4,12,49,False,False,50,2024-11-22 00:00:00,False
JAI,PNQ,UK,HIST-000,Economy,7817,INR,2024-11-19,14,1,11,47,False,False,50,2024-11-05 00:00:00,False
VNS,CCU,G8,HIST-000,Economy,4998,INR,2024-08-13,14,1,8,33,False,False,50,2024-07-30 00:00:00,False
HYD,CCU,G8,HIST-000,Economy,5478,INR,2024-09-09,14,0,9,37,False,False,50,2024-08-26 00:00:00,False
BOM,MAA,9I,HIST-000,Economy,13290,INR,2025-09-03,14,2,9,36,False,False,50,2025-08-20 00:00:00,False
GAU,HYD,AI,HIST-000,Economy,7647,INR,2025-02-16,14,6,2,7,False,True,50,2025-02-02 00:00:00,False
HYD,RPR,UK,HIST-000,Economy,5138,INR,2024-09-25,14,2,9,39,False,False,50,2024-09-11 00:00:00,False
IDR,DEL,I5,HIST-000,Economy,9744,INR,2023-05-10,14,2,5,19,False,False,50,2023-04-26 00:00:00,False
LKO,NAG,SG,HIST-000,Economy,7846,INR,2023-06-08,14,3,6,23,False,False,50,2023-05-25 00:00:00,False
CCU,BLR,AI,HIST-000,Economy,11381,INR,2025-12-19,14,4,12,51,False,False,50,2025-12-05 00:00:00,False
AMD,PAT,AI,HIST-000,Economy,7533,INR,2024-03-27,14,2,3,13,False,False,50,2024-03-13 00:00:00,False
JAI,LKO,S5,HIST-000,Economy,3481,INR,2024-01-05,14,4,1,1,False,False,50,2023-12-22 00:00:00,False
IDR,STV,S5,HIST-000,Economy,4239,INR,2025-05-04,14,6,5,18,False,True,50,2025-04-20 00:00:00,False
VNS,JAI,G8,HIST-000,Economy,12074,INR,2023-01-26,14,3,1,4,False,False,50,2023-01-12 00:00:00,False
PAT,LKO,QP,HIST-000,Economy,9102,INR,2025-07-09,14,2,7,28,False,False,50,2025-06-25 00:00:00,False
GOI,HYD,S5,HIST-000,Economy,5743,INR,2024-11-26,14,1,11,48,False,False,50,2024-11-12 00:00:00,False
NAG,VNS,SG,HIST-000,Economy,9725,INR,2025-06-13,14,4,6,24,False,False,50,2025-05-30 00:00:00,False
HYD,RPR,QP,HIST-000,Economy,7115,INR,2023-06-06,14,1,6,23,False,False,50,2023-05-23 00:00:00,False
HYD,GAU,S5,HIST-000,Economy,11761,INR,2023-06-23,14,4,6,25,False,False,50,2023-06-09 00:00:00,False
LKO,PNQ,6E,HIST-000,Economy,7344,INR,2024-06-01,14,5,6,22,False,True,50,2024-05-18 00:00:00,False
AMD,VNS,UK,HIST-000,Economy,6905,INR,2023-07-10,14,0,7,28,False,False,50,2023-06-26 00:00:00,False
VNS,GAU,6E,HIST-000,Economy,13193,INR,2023-04-01,14,5,4,13,False,True,50,2023-03-18 00:00:00,False
GAU,BLR,9I,HIST-000,Economy,6791,INR,2025-01-03,14,4,1,1,False,False,50,2024-12-20 00:00:00,False
PAT,RPR,SG,HIST-000,Economy,14942,INR,2024-04-27,14,5,4,17,False,True,50,2024-04-13 00:00:00,False
BBI,STV,SG,HIST-000,Economy,12281,INR,2023-03-05,14,6,3,9,False,True,50,2023-02-19 00:00:00,False
RPR,COK,I5,HIST-000,Economy,15029,INR,2024-10-18,14,4,10,42,False,False,50,2024-10-04 00:00:00,False
STV,LKO,QP,HIST-000,Economy,11191,INR,2025-07-22,14,1,7,30,False,False,50,2025-07-08 00:00:00,False
HYD,CCU,QP,HIST-000,Economy,8198,INR,2025-05-15,14,3,5,20,False,False,50,2025-05-01 00:00:00,False
IDR,BLR,S5,HIST-000,Economy,10195,INR,2025-11-25,14,1,11,48,False,False,50,2025-11-11 00:00:00,False
AMD,HYD,9I,HIST-000,Economy,3612,INR,2023-10-21,14,5,10,42,False,True,50,2023-10-07 00:00:00,False
STV,RPR,SG,HIST-000,Economy,8412,INR,2025-08-24,14,6,8,34,False,True,50,2025-08-10 00:00:00,False
GAU,BOM,2T,HIST-000,Economy,11157,INR,2023-09-19,14,1,9,38,False,False,50,2023-09-05 00:00:00,False
HYD,JAI,SG,HIST-000,Economy,10928,INR,2025-03-23,14,6,3,12,False,True,50,2025-03-09 00:00:00,False
JAI,CCU,6E,HIST-000,Economy,4666,INR,2025-12-13,14,5,12,50,False,True,50,2025-11-29 00:00:00,False
HYD,GAU,6E,HIST-000,Economy,13915,INR,2023-09-15,14,4,9,37,False,False,50,2023-09-01 00:00:00,False
NAG,RPR,S5,HIST-000,Economy,10216,INR,2023-12-28,14,3,12,52,False,False,50,2023-12-14 00:00:00,False
BLR,COK,SG,HIST-000,Economy,11791,INR,2025-01-14,14,1,1,3,False,False,50,2024-12-31 00:00:00,False
GOI,RPR,6E,HIST-000,Economy,4108,INR,2023-10-09,14,0,10,41,False,False,50,2023-09-25 00:00:00,False
VNS,DEL,QP,HIST-000,Economy,13051,INR,2024-03-24,14,6,3,12,False,True,50,2024-03-10 00:00:00,False
COK,IDR,2T,HIST-000,Economy,14504,INR,2023-10-09,14,0,10,41,False,False,50,2023-09-25 00:00:00,False
DEL,NAG,QP,HIST-000,Economy,14660,INR,2025-05-22,14,3,5,21,False,False,50,2025-05-08 00:00:00,False
BBI,GOI,I5,HIST-000,Economy,11215,INR,2023-06-05,14,0,6,23,False,False,50,2023-05-22 00:00:00,False
GOI,CCU,9I,HIST-000,Economy,10327,INR,2023-07-22,14,5,7,29,False,True,50,2023-07-08 00:00:00,False
NAG,COK,6E,HIST-000,Economy,12624,INR,2025-06-09,14,0,6,24,False,False,50,2025-05-26 00:00:00,False
COK,PNQ,AI,HIST-000,Economy,8409,INR,2023-09-03,14,6,9,35,False,True,50,2023-08-20 00:00:00,False
STV,COK,SG,HIST-000,Economy,17591,INR,2025-07-26,14,5,7,30,False,True,50,2025-07-12 00:00:00,False
LKO,GOI,G8,HIST-000,Economy,5997,INR,2024-08-16,14,4,8,33,False,False,50,2024-08-02 00:00:00,False
GOI,VNS,I5,HIST-000,Economy,17485,INR,2024-10-08,14,1,10,41,False,False,50,2024-09-24 00:00:00,False
COK,IDR,G8,HIST-000,Economy,11975,INR,2023-08-01,14,1,8,31,False,False,50,2023-07-18 00:00:00,False
COK,BLR,6E,HIST-000,Economy,6719,INR,2024-06-24,14,0,6,26,False,False,50,2024-06-10 00:00:00,False
VNS,DEL,2T,HIST-000,Economy,7242,INR,2024-04-20,14,5,4,16,False,True,50,2024-04-06 00:00:00,False
COK,JAI,6E,HIST-000,Economy,3800,INR,2025-05-24,14,5,5,21,False,True,50,2025-05-10 00:00:00,False
JAI,NAG,SG,HIST-000,Economy,3280,INR,2025-02-27,14,3,2,9,False,False,50,2025-02-13 00:00:00,False
AMD,COK,6E,HIST-000,Economy,11901,INR,2025-06-02,14,0,6,23,False,False,50,2025-05-19 00:00:00,False
DEL,VNS,I5,HIST-000,Economy,7237,INR,2024-06-27,14,3,6,26,False,False,50,2024-06-13 00:00:00,False
RPR,VNS,G8,HIST-000,Economy,11154,INR,2025-05-11,14,6,5,19,False,True,50,2025-04-27 00:00:00,False
NAG,JAI,QP,HIST-000,Economy,6011,INR,2024-05-16,14,3,5,20,False,False,50,2024-05-02 00:00:00,False
GAU,STV,2T,HIST-000,Economy,13755,INR,2024-04-21,14,6,4,16,False,True,50,2024-04-07 00:00:00,False
JAI,VNS,9I,HIST-000,Economy,13690,INR,2024-01-26,14,4,1,4,False,False,50,2024-01-12 00:00:00,False
RPR,DEL,I5,HIST-000,Economy,6455,INR,2024-07-14,14,6,7,28,False,True,50,2024-06-30 00:00:00,False
BOM,PNQ,9I,HIST-000,Economy,16605,INR,2023-01-04,14,2,1,1,False,False,50,2022-12-21 00:00:00,False
LKO,COK,SG,HIST-000,Economy,11925,INR,2023-09-23,14,5,9,38,False,True,50,2023-09-09 00:00:00,False
DEL,LKO,AI,HIST-000,Economy,5993,INR,2025-02-13,14,3,2,7,False,False,50,2025-01-30 00:00:00,False
PNQ,LKO,UK,HIST-000,Economy,6281,INR,2025-10-28,14,1,10,44,False,False,50,2025-10-14 00:00:00,False
JAI,MAA,6E,HIST-000,Economy,8833,INR,2023-09-15,14,4,9,37,False,False,50,2023-09-01 00:00:00,False
PNQ,PAT,QP,HIST-000,Economy,10069,INR,2025-01-08,14,2,1,2,False,False,50,2024-12-25 00:00:00,False
CCU,COK,AI,HIST-000,Economy,4304,INR,2023-06-27,14,1,6,26,False,False,50,2023-06-13 00:00:00,False
RPR,AMD,9I,HIST-000,Economy,7245,INR,2023-08-05,14,5,8,31,False,True,50,2023-07-22 00:00:00,False
DEL,BBI,AI,HIST-000,Economy,6182,INR,2023-02-02,14,3,2,5,False,False,50,2023-01-19 00:00:00,False
RPR,PNQ,I5,HIST-000,Economy,11178,INR,2024-12-22,14,6,12,51,False,True,50,2024-12-08 00:00:00,False
BLR,CCU,I5,HIST-000,Economy,8251,INR,2024-09-12,14,3,9,37,False,False,50,2024-08-29 00:00:00,False
VNS,GAU,I5,HIST-000,Economy,15121,INR,2024-07-05,14,4,7,27,False,False,50,2024-06-21 00:00:00,False
PNQ,STV,I5,HIST-000,Economy,13516,INR,2024-04-04,14,3,4,14,False,False,50,2024-03-21 00:00:00,False
RPR,COK,6E,HIST-000,Economy,5529,INR,2025-06-10,14,1,6,24,False,False,50,2025-05-27 00:00:00,False
IDR,COK,S5,HIST-000,Economy,4623,INR,2023-10-26,14,3,10,43,False,False,50,2023-10-12 00:00:00,False
COK,GOI,UK,HIST-000,Economy,10698,INR,2025-02-14,14,4,2,7,False,False,50,2025-01-31 00:00:00,False
BLR,STV,2T,HIST-000,Economy,4988,INR,2025-05-08,14,3,5,19,False,False,50,2025-04-24 00:00:00,False
CCU,GAU,S5,HIST-000,Economy,4893,INR,2023-05-08,14,0,5,19,False,False,50,2023-04-24 00:00:00,False
GAU,VNS,AI,HIST-000,Economy,3442,INR,2023-08-04,14,4,8,31,False,False,50,2023-07-21 00:00:00,False
BOM,PNQ,9I,HIST-000,Economy,14939,INR,2023-09-21,14,3,9,38,False,False,50,2023-09-07 00:00:00,False
RPR,GAU,2T,HIST-000,Economy,12615,INR,2023-10-12,14,3,10,41,False,False,50,2023-09-28 00:00:00,False
VNS,PAT,QP,HIST-000,Economy,10312,INR,2025-12-16,14,1,12,51,False,False,50,2025-12-02 00:00:00,False
CCU,BBI,I5,HIST-000,Economy,8425,INR,2025-01-09,14,3,1,2,False,False,50,2024-12-26 00:00:00,False
BOM,CCU,AI,HIST-000,Economy,7082,INR,2024-04-04,14,3,4,14,False,False,50,2024-03-21 00:00:00,False
LKO,AMD,I5,HIST-000,Economy,4385,INR,2024-02-10,14,5,2,6,False,True,50,2024-01-27 00:00:00,False
PNQ,NAG,2T,HIST-000,Economy,7551,INR,2025-05-05,14,0,5,19,False,False,50,2025-04-21 00:00:00,False
STV,GOI,6E,HIST-000,Economy,9128,INR,2023-05-09,14,1,5,19,False,False,50,2023-04-25 00:00:00,False
PNQ,COK,AI,HIST-000,Economy,2665,INR,2024-08-12,14,0,8,33,False,False,50,2024-07-29 00:00:00,False
GOI,COK,AI,HIST-000,Economy,11471,INR,2024-09-03,14,1,9,36,False,False,50,2024-08-20 00:00:00,False
BBI,JAI,I5,HIST-000,Economy,11993,INR,2024-10-27,14,6,10,43,False,True,50,2024-10-13 00:00:00,False
HYD,DEL,UK,HIST-000,Economy,11703,INR,2023-09-14,14,3,9,37,False,False,50,2023-08-31 00:00:00,False
STV,LKO,6E,HIST-000,Economy,7245,INR,2023-04-13,14,3,4,15,False,False,50,2023-03-30 00:00:00,False
BBI,NAG,SG,HIST-000,Economy,12638,INR,2023-02-18,14,5,2,7,False,True,50,2023-02-04 00:00:00,False
LKO,JAI,I5,HIST-000,Economy,8924,INR,2024-03-01,14,4,3,9,False,False,50,2024-02-16 00:00:00,False
STV,HYD,QP,HIST-000,Economy,11090,INR,2025-10-26,14,6,10,43,False,True,50,2025-10-12 00:00:00,False
STV,LKO,2T,HIST-000,Economy,13518,INR,2025-02-21,14,4,2,8,False,False,50,2025-02-07 00:00:00,False
COK,IDR,6E,HIST-000,Economy,8613,INR,2024-03-27,14,2,3,13,False,False,50,2024-03-13 00:00:00,False
STV,HYD,QP,HIST-000,Economy,10410,INR,2024-11-05,14,1,11,45,False,False,50,2024-10-22 00:00:00,False
DEL,MAA,QP,HIST-000,Economy,7102,INR,2024-03-19,14,1,3,12,False,False,50,2024-03-05 00:00:00,False
PAT,JAI,I5,HIST-000,Economy,4347,INR,2024-01-26,14,4,1,4,False,False,50,2024-01-12 00:00:00,False
GOI,DEL,6E,HIST-000,Economy,11434,INR,2024-06-11,14,1,6,24,False,False,50,2024-05-28 00:00:00,False
IDR,GOI,2T,HIST-000,Economy,10773,INR,2023-09-20,14,2,9,38,False,False,50,2023-09-06 00:00:00,False
MAA,AMD,2T,HIST-000,Economy,10050,INR,2024-08-15,14,3,8,33,False,False,50,2024-08-01 00:00:00,False
HYD,MAA,2T,HIST-000,Economy,8384,INR,2023-11-02,14,3,11,44,False,False,50,2023-10-19 00:00:00,False
NAG,HYD,UK,HIST-000,Economy,6195,INR,2023-10-01,14,6,10,39,False,True,50,2023-09-17 00:00:00,False
GOI,DEL,SG,HIST-000,Economy,14628,INR,2023-07-18,14,1,7,29,False,False,50,2023-07-04 00:00:00,False
PNQ,JAI,QP,HIST-000,Economy,9650,INR,2025-12-05,14,4,12,49,False,False,50,2025-11-21 00:00:00,False
CCU,BOM,UK,HIST-000,Economy,16223,INR,2023-12-11,14,0,12,50,False,False,50,2023-11-27 00:00:00,False
MAA,HYD,UK,HIST-000,Economy,2865,INR,2023-10-02,14,0,10,40,False,False,50,2023-09-18 00:00:00,False
DEL,STV,6E,HIST-000,Economy,8883,INR,2023-01-04,14,2,1,1,False,False,50,2022-12-21 00:00:00,False
BOM,IDR,QP,HIST-000,Economy,5805,INR,2024-06-25,14,1,6,26,False,False,50,2024-06-11 00:00:00,False
PNQ,BOM,9I,HIST-000,Economy,14049,INR,2025-07-02,14,2,7,27,False,False,50,2025-06-18 00:00:00,False
GAU,RPR,UK,HIST-000,Economy,7719,INR,2024-03-11,14,0,3,11,False,False,50,2024-02-26 00:00:00,False
BLR,GAU,9I,HIST-000,Economy,9106,INR,2024-06-02,14,6,6,22,False,True,50,2024-05-19 00:00:00,False
CCU,JAI,6E,HIST-000,Economy,16664,INR,2024-01-19,14,4,1,3,False,False,50,2024-01-05 00:00:00,False
HYD,GOI,2T,HIST-000,Economy,6504,INR,2024-02-17,14,5,2,7,False,True,50,2024-02-03 00:00:00,False
CCU,RPR,QP,HIST-000,Economy,11501,INR,2024-10-03,14,3,10,40,False,False,50,2024-09-19 00:00:00,False
BBI,AMD,G8,HIST-000,Economy,2878,INR,2023-01-25,14,2,1,4,False,False,50,2023-01-11 00:00:00,False
AMD,HYD,S5,HIST-000,Economy,8633,INR,2025-02-11,14,1,2,7,False,False,50,2025-01-28 00:00:00,False
PNQ,COK,2T,HIST-000,Economy,9850,INR,2025-01-16,14,3,1,3,False,False,50,2025-01-02 00:00:00,False
IDR,RPR,QP,HIST-000,Economy,13849,INR,2024-01-15,14,0,1,3,False,False,50,2024-01-01 00:00:00,False
RPR,PAT,SG,HIST-000,Economy,11176,INR,2023-01-06,14,4,1,1,False,False,50,2022-12-23 00:00:00,False
LKO,JAI,G8,HIST-000,Economy,6752,INR,2024-06-26,14,2,6,26,False,False,50,2024-06-12 00:00:00,False
JAI,BLR,AI,HIST-000,Economy,8699,INR,2023-06-13,14,1,6,24,False,False,50,2023-05-30 00:00:00,False
RPR,IDR,G8,HIST-000,Economy,11997,INR,2024-02-23,14,4,2,8,False,False,50,2024-02-09 00:00:00,False
PAT,BLR,S5,HIST-000,Economy,10345,INR,2024-06-07,14,4,6,23,False,False,50,2024-05-24 00:00:00,False
AMD,DEL,6E,HIST-000,Economy,5225,INR,2025-05-28,14,2,5,22,False,False,50,2025-05-14 00:00:00,False
NAG,CCU,AI,HIST-000,Economy,14565,INR,2024-11-22,14,4,11,47,False,False,50,2024-11-08 00:00:00,False
NAG,HYD,QP,HIST-000,Economy,11777,INR,2025-08-26,14,1,8,35,False,False,50,2025-08-12 00:00:00,False
BBI,MAA,UK,HIST-000,Economy,5733,INR,2023-09-01,14,4,9,35,False,False,50,2023-08-18 00:00:00,False
IDR,MAA,UK,HIST-000,Economy,11180,INR,2025-03-19,14,2,3,12,False,False,50,2025-03-05 00:00:00,False
GAU,STV,S5,HIST-000,Economy,11100,INR,2023-05-21,14,6,5,20,False,True,50,2023-05-07 00:00:00,False
COK,PAT,AI,HIST-000,Economy,3683,INR,2025-12-21,14,6,12,51,False,True,50,2025-12-07 00:00:00,False
DEL,STV,I5,HIST-000,Economy,9564,INR,2023-01-03,14,1,1,1,False,False,50,2022-12-20 00:00:00,False
GAU,AMD,UK,HIST-000,Economy,3768,INR,2025-02-05,14,2,2,6,False,False,50,2025-01-22 00:00:00,False
RPR,GOI,SG,HIST-000,Economy,7328,INR,2025-10-15,14,2,10,42,False,False,50,2025-10-01 00:00:00,False
NAG,RPR,QP,HIST-000,Economy,8616,INR,2025-09-01,14,0,9,36,False,False,50,2025-08-18 00:00:00,False
CCU,LKO,UK,HIST-000,Economy,5340,INR,2023-12-28,14,3,12,52,False,False,50,2023-12-14 00:00:00,False
IDR,JAI,2T,HIST-000,Economy,13492,INR,2025-12-21,14,6,12,51,False,True,50,2025-12-07 00:00:00,False
PAT,BBI,QP,HIST-000,Economy,6114,INR,2024-06-24,14,0,6,26,False,False,50,2024-06-10 00:00:00,False
RPR,BOM,QP,HIST-000,Economy,16087,INR,2025-06-05,14,3,6,23,False,False,50,2025-05-22 00:00:00,False
HYD,BBI,SG,HIST-000,Economy,7615,INR,2025-02-18,14,1,2,8,False,False,50,2025-02-04 00:00:00,False
GOI,AMD,SG,HIST-000,Economy,11960,INR,2023-08-05,14,5,8,31,False,True,50,2023-07-22 00:00:00,False
MAA,PAT,9I,HIST-000,Economy,11766,INR,2023-12-16,14,5,12,50,False,True,50,2023-12-02 00:00:00,False
DEL,CCU,9I,HIST-000,Economy,5305,INR,2025-05-13,14,1,5,20,False,False,50,2025-04-29 00:00:00,False
DEL,BOM,S5,HIST-000,Economy,10402,INR,2025-04-13,14,6,4,15,False,True,50,2025-03-30 00:00:00,False
LKO,MAA,G8,HIST-000,Economy,6642,INR,2024-04-12,14,4,4,15,False,False,50,2024-03-29 00:00:00,False
GOI,BLR,G8,HIST-000,Economy,16025,INR,2024-10-27,14,6,10,43,False,True,50,2024-10-13 00:00:00,False
GAU,AMD,I5,HIST-000,Economy,13570,INR,2023-10-06,14,4,10,40,False,False,50,2023-09-22 00:00:00,False
VNS,MAA,9I,HIST-000,Economy,8728,INR,2024-11-07,14,3,11,45,False,False,50,2024-10-24 00:00:00,False
BLR,STV,AI,HIST-000,Economy,3004,INR,2024-09-03,14,1,9,36,False,False,50,2024-08-20 00:00:00,False
AMD,LKO,S5,HIST-000,Economy,13478,INR,2023-02-13,14,0,2,7,False,False,50,2023-01-30 00:00:00,False
COK,RPR,I5,HIST-000,Economy,12778,INR,2025-07-24,14,3,7,30,False,False,50,2025-07-10 00:00:00,False
GAU,LKO,UK,HIST-000,Economy,11606,INR,2024-01-01,14,0,1,1,False,False,50,2023-12-18 00:00:00,False
GOI,IDR,QP,HIST-000,Economy,4724,INR,2025-02-15,14,5,2,7,False,True,50,2025-02-01 00:00:00,False
HYD,VNS,UK,HIST-000,Economy,15108,INR,2024-01-15,14,0,1,3,False,False,50,2024-01-01 00:00:00,False
VNS,MAA,AI,HIST-000,Economy,7353,INR,2023-01-12,14,3,1,2,False,False,50,2022-12-29 00:00:00,False
STV,GOI,I5,HIST-000,Economy,11841,INR,2024-03-07,14,3,3,10,False,False,50,2024-02-22 00:00:00,False
GAU,BBI,UK,HIST-000,Economy,10802,INR,2024-01-04,14,3,1,1,False,False,50,2023-12-21 00:00:00,False
NAG,LKO,6E,HIST-000,Economy,2922,INR,2024-07-23,14,1,7,30,False,False,50,2024-07-09 00:00:00,False
VNS,MAA,I5,HIST-000,Economy,7732,INR,2024-11-09,14,5,11,45,False,True,50,2024-10-26 00:00:00,False
LKO,GAU,AI,HIST-000,Economy,12808,INR,2025-11-15,14,5,11,46,False,True,50,2025-11-01 00:00:00,False
LKO,STV,S5,HIST-000,Economy,12839,INR,2025-09-08,14,0,9,37,False,False,50,2025-08-25 00:00:00,False
IDR,BLR,SG,HIST-000,Economy,11877,INR,2023-12-13,14,2,12,50,False,False,50,2023-11-29 00:00:00,False
IDR,HYD,S5,HIST-000,Economy,13076,INR,2025-08-24,14,6,8,34,False,True,50,2025-08-10 00:00:00,False
DEL,MAA,S5,HIST-000,Economy,16553,INR,2024-11-02,14,5,11,44,False,True,50,2024-10-19 00:00:00,False
BOM,PNQ,S5,HIST-000,Economy,9786,INR,2025-12-26,14,4,12,52,False,False,50,2025-12-12 00:00:00,False
STV,COK,2T,HIST-000,Economy,9040,INR,2025-11-02,14,6,11,44,False,True,50,2025-10-19 00:00:00,False
GAU,BBI,UK,HIST-000,Economy,13434,INR,2024-10-04,14,4,10,40,False,False,50,2024-09-20 00:00:00,False
BLR,CCU,G8,HIST-000,Economy,5103,INR,2025-08-27,14,2,8,35,False,False,50,2025-08-13 00:00:00,False
BBI,STV,SG,HIST-000,Economy,12984,INR,2023-08-01,14,1,8,31,False,False,50,2023-07-18 00:00:00,False
LKO,PAT,9I,HIST-000,Economy,15044,INR,2023-01-03,14,1,1,1,False,False,50,2022-12-20 00:00:00,False
BBI,GAU,G8,HIST-000,Economy,11485,INR,2023-09-07,14,3,9,36,False,False,50,2023-08-24 00:00:00,False
BBI,GOI,2T,HIST-000,Economy,6008,INR,2023-05-04,14,3,5,18,False,False,50,2023-04-20 00:00:00,False
GAU,BBI,2T,HIST-000,Economy,2542,INR,2023-09-10,14,6,9,36,False,True,50,2023-08-27 00:00:00,False
GOI,HYD,QP,HIST-000,Economy,5468,INR,2025-10-10,14,4,10,41,False,False,50,2025-09-26 00:00:00,False
COK,IDR,2T,HIST-000,Economy,7416,INR,2025-10-12,14,6,10,41,False,True,50,2025-09-28 00:00:00,False
JAI,BLR,S5,HIST-000,Economy,6416,INR,2025-04-25,14,4,4,17,False,False,50,2025-04-11 00:00:00,False
CCU,COK,UK,HIST-000,Economy,13688,INR,2025-11-21,14,4,11,47,False,False,50,2025-11-07 00:00:00,False
NAG,JAI,2T,HIST-000,Economy,10102,INR,2024-09-02,14,0,9,36,False,False,50,2024-08-19 00:00:00,False
JAI,GOI,QP,HIST-000,Economy,14110,INR,2023-11-12,14,6,11,45,False,True,50,2023-10-29 00:00:00,False
DEL,CCU,2T,HIST-000,Economy,8639,INR,2024-03-09,14,5,3,10,False,True,50,2024-02-24 00:00:00,False
AMD,LKO,UK,HIST-000,Economy,11872,INR,2023-12-20,14,2,12,51,False,False,50,2023-12-06 00:00:00,False
PAT,COK,S5,HIST-000,Economy,5858,INR,2023-09-10,14,6,9,36,False,True,50,2023-08-27 00:00:00,False
NAG,GOI,9I,HIST-000,Economy,11496,INR,2024-11-27,14,2,11,48,False,False,50,2024-11-13 00:00:00,False
AMD,VNS,6E,HIST-000,Economy,8113,INR,2025-09-18,14,3,9,38,False,False,50,2025-09-04 00:00:00,False
BBI,CCU,S5,HIST-000,Economy,7042,INR,2024-01-26,14,4,1,4,False,False,50,2024-01-12 00:00:00,False
MAA,COK,I5,HIST-000,Economy,12111,INR,2024-02-18,14,6,2,7,False,True,50,2024-02-04 00:00:00,False
JAI,IDR,AI,HIST-000,Economy,9702,INR,2025-11-22,14,5,11,47,False,True,50,2025-11-08 00:00:00,False
BLR,MAA,QP,HIST-000,Economy,9472,INR,2023-11-13,14,0,11,46,False,False,50,2023-10-30 00:00:00,False
STV,CCU,UK,HIST-000,Economy,13684,INR,2024-03-13,14,2,3,11,False,False,50,2024-02-28 00:00:00,False
AMD,MAA,6E,HIST-000,Economy,6553,INR,2024-02-11,14,6,2,6,False,True,50,2024-01-28 00:00:00,False
GAU,LKO,AI,HIST-000,Economy,6712,INR,2025-08-09,14,5,8,32,False,True,50,2025-07-26 00:00:00,False
MAA,STV,QP,HIST-000,Economy,10625,INR,2023-06-02,14,4,6,22,False,False,50,2023-05-19 00:00:00,False
BOM,GOI,G8,HIST-000,Economy,11140,INR,2024-06-18,14,1,6,25,False,False,50,2024-06-04 00:00:00,False
COK,NAG,S5,HIST-000,Economy,7257,INR,2025-12-09,14,1,12,50,False,False,50,2025-11-25 00:00:00,False
COK,GAU,2T,HIST-000,Economy,8945,INR,2024-02-12,14,0,2,7,False,False,50,2024-01-29 00:00:00,False
HYD,BBI,S5,HIST-000,Economy,3515,INR,2023-01-11,14,2,1,2,False,False,50,2022-12-28 00:00:00,False
HYD,BLR,SG,HIST-000,Economy,11852,INR,2024-06-03,14,0,6,23,False,False,50,2024-05-20 00:00:00,False
COK,RPR,2T,HIST-000,Economy,12589,INR,2023-12-22,14,4,12,51,False,False,50,2023-12-08 00:00:00,False
LKO,PAT,G8,HIST-000,Economy,4562,INR,2023-04-15,14,5,4,15,False,True,50,2023-04-01 00:00:00,False
PNQ,IDR,2T,HIST-000,Economy,10035,INR,2025-07-05,14,5,7,27,False,True,50,2025-06-21 00:00:00,False
COK,DEL,2T,HIST-000,Economy,12177,INR,2023-10-16,14,0,10,42,False,False,50,2023-10-02 00:00:00,False
AMD,PAT,G8,HIST-000,Economy,6722,INR,2023-09-22,14,4,9,38,False,False,50,2023-09-08 00:00:00,False
BBI,COK,9I,HIST-000,Economy,11925,INR,2024-07-14,14,6,7,28,False,True,50,2024-06-30 00:00:00,False
STV,AMD,AI,HIST-000,Economy,10100,INR,2024-01-27,14,5,1,4,False,True,50,2024-01-13 00:00:00,False
JAI,RPR,9I,HIST-000,Economy,5313,INR,2025-07-22,14,1,7,30,False,False,50,2025-07-08 00:00:00,False
GAU,RPR,QP,HIST-000,Economy,12325,INR,2023-08-19,14,5,8,33,False,True,50,2023-08-05 00:00:00,False
DEL,MAA,2T,HIST-000,Economy,4091,INR,2025-03-16,14,6,3,11,False,True,50,2025-03-02 00:00:00,False
HYD,DEL,QP,HIST-000,Economy,13280,INR,2025-02-24,14,0,2,9,False,False,50,2025-02-10 00:00:00,False
BOM,HYD,AI,HIST-000,Economy,3351,INR,2023-04-08,14,5,4,14,False,True,50,2023-03-25 00:00:00,False
AMD,GAU,G8,HIST-000,Economy,10993,INR,2024-11-14,14,3,11,46,False,False,50,2024-10-31 00:00:00,False
BOM,GAU,9I,HIST-000,Economy,8409,INR,2024-08-08,14,3,8,32,False,False,50,2024-07-25 00:00:00,False
GOI,BBI,SG,HIST-000,Economy,11042,INR,2024-01-03,14,2,1,1,False,False,50,2023-12-20 00:00:00,False
BLR,PAT,I5,HIST-000,Economy,7883,INR,2023-08-07,14,0,8,32,False,False,50,2023-07-24 00:00:00,False
AMD,COK,2T,HIST-000,Economy,5747,INR,2024-05-25,14,5,5,21,False,True,50,2024-05-11 00:00:00,False
NAG,GAU,S5,HIST-000,Economy,11275,INR,2025-08-09,14,5,8,32,False,True,50,2025-07-26 00:00:00,False
VNS,AMD,6E,HIST-000,Economy,11756,INR,2023-11-12,14,6,11,45,False,True,50,2023-10-29 00:00:00,False
RPR,COK,6E,HIST-000,Economy,5561,INR,2025-07-04,14,4,7,27,False,False,50,2025-06-20 00:00:00,False
STV,HYD,AI,HIST-000,Economy,7703,INR,2024-11-10,14,6,11,45,False,True,50,2024-10-27 00:00:00,False
STV,DEL,2T,HIST-000,Economy,6826,INR,2023-05-27,14,5,5,21,False,True,50,2023-05-13 00:00:00,False
PNQ,RPR,6E,HIST-000,Economy,7724,INR,2025-08-21,14,3,8,34,False,False,50,2025-08-07 00:00:00,False
STV,AMD,G8,HIST-000,Economy,9406,INR,2025-05-23,14,4,5,21,False,False,50,2025-05-09 00:00:00,False
COK,VNS,9I,HIST-000,Economy,8273,INR,2025-05-28,14,2,5,22,False,False,50,2025-05-14 00:00:00,False
DEL,JAI,I5,HIST-000,Economy,11996,INR,2024-04-22,14,0,4,17,False,False,50,2024-04-08 00:00:00,False
PNQ,MAA,6E,HIST-000,Economy,6981,INR,2025-05-20,14,1,5,21,False,False,50,2025-05-06 00:00:00,False
BBI,BOM,9I,HIST-000,Economy,8454,INR,2024-05-21,14,1,5,21,False,False,50,2024-05-07 00:00:00,False
BBI,BOM,9I,HIST-000,Economy,12834,INR,2024-08-09,14,4,8,32,False,False,50,2024-07-26 00:00:00,False
BOM,NAG,6E,HIST-000,Economy,11167,INR,2024-08-02,14,4,8,31,False,False,50,2024-07-19 00:00:00,False
COK,STV,S5,HIST-000,Economy,10096,INR,2025-07-25,14,4,7,30,False,False,50,2025-07-11 00:00:00,False
GOI,PAT,UK,HIST-000,Economy,6729,INR,2023-05-06,14,5,5,18,False,True,50,2023-04-22 00:00:00,False
JAI,MAA,6E,HIST-000,Economy,10685,INR,2025-04-02,14,2,4,14,False,False,50,2025-03-19 00:00:00,False
PNQ,BOM,G8,HIST-000,Economy,6000,INR,2025-03-20,14,3,3,12,False,False,50,2025-03-06 00:00:00,False
DEL,AMD,SG,HIST-000,Economy,7920,INR,2025-04-27,14,6,4,17,False,True,50,2025-04-13 00:00:00,False
VNS,NAG,9I,HIST-000,Economy,8915,INR,2025-05-08,14,3,5,19,False,False,50,2025-04-24 00:00:00,False
GAU,JAI,G8,HIST-000,Economy,6678,INR,2025-09-28,14,6,9,39,False,True,50,2025-09-14 00:00:00,False
IDR,BLR,I5,HIST-000,Economy,11623,INR,2023-05-16,14,1,5,20,False,False,50,2023-05-02 00:00:00,False
HYD,AMD,S5,HIST-000,Economy,11855,INR,2023-04-16,14,6,4,15,False,True,50,2023-04-02 00:00:00,False
LKO,NAG,9I,HIST-000,Economy,10717,INR,2025-11-26,14,2,11,48,False,False,50,2025-11-12 00:00:00,False
AMD,LKO,G8,HIST-000,Economy,8853,INR,2024-10-14,14,0,10,42,False,False,50,2024-09-30 00:00:00,False
GOI,BOM,6E,HIST-000,Economy,8721,INR,2023-12-14,14,3,12,50,False,False,50,2023-11-30 00:00:00,False
HYD,VNS,UK,HIST-000,Economy,6515,INR,2025-03-26,14,2,3,13,False,False,50,2025-03-12 00:00:00,False
BOM,STV,G8,HIST-000,Economy,7008,INR,2024-07-06,14,5,7,27,False,True,50,2024-06-22 00:00:00,False
AMD,BOM,SG,HIST-000,Economy,15055,INR,2024-01-18,14,3,1,3,False,False,50,2024-01-04 00:00:00,False
MAA,PAT,AI,HIST-000,Economy,2803,INR,2024-08-20,14,1,8,34,False,False,50,2024-08-06 00:00:00,False
BLR,CCU,SG,HIST-000,Economy,6726,INR,2024-05-02,14,3,5,18,False,False,50,2024-04-18 00:00:00,False
PNQ,BOM,6E,HIST-000,Economy,8850,INR,2024-09-02,14,0,9,36,False,False,50,2024-08-19 00:00:00,False
LKO,BLR,UK,HIST-000,Economy,9704,INR,2024-08-27,14,1,8,35,False,False,50,2024-08-13 00:00:00,False
NAG,GOI,9I,HIST-000,Economy,11233,INR,2025-05-21,14,2,5,21,False,False,50,2025-05-07 00:00:00,False
DEL,BBI,SG,HIST-000,Economy,12458,INR,2025-02-10,14,0,2,7,False,False,50,2025-01-27 00:00:00,False
PAT,PNQ,6E,HIST-000,Economy,10183,INR,2024-05-04,14,5,5,18,False,True,50,2024-04-20 00:00:00,False
CCU,DEL,SG,HIST-000,Economy,4972,INR,2025-07-20,14,6,7,29,False,True,50,2025-07-06 00:00:00,False
BBI,DEL,SG,HIST-000,Economy,8516,INR,2023-12-12,14,1,12,50,False,False,50,2023-11-28 00:00:00,False
RPR,IDR,G8,HIST-000,Economy,12806,INR,2025-02-07,14,4,2,6,False,False,50,2025-01-24 00:00:00,False
LKO,NAG,SG,HIST-000,Economy,13269,INR,2025-02-14,14,4,2,7,False,False,50,2025-01-31 00:00:00,False
BOM,PAT,AI,HIST-000,Economy,9062,INR,2023-12-04,14,0,12,49,False,False,50,2023-11-20 00:00:00,False
BOM,PAT,2T,HIST-000,Economy,13299,INR,2025-01-27,14,0,1,5,False,False,50,2025-01-13 00:00:00,False
VNS,BLR,2T,HIST-000,Economy,12226,INR,2025-10-19,14,6,10,42,False,True,50,2025-10-05 00:00:00,False
BLR,AMD,SG,HIST-000,Economy,10413,INR,2025-08-02,14,5,8,31,False,True,50,2025-07-19 00:00:00,False
PNQ,COK,2T,HIST-000,Economy,13082,INR,2023-02-18,14,5,2,7,False,True,50,2023-02-04 00:00:00,False
NAG,BLR,S5,HIST-000,Economy,7778,INR,2023-02-27,14,0,2,9,False,False,50,2023-02-13 00:00:00,False
MAA,DEL,6E,HIST-000,Economy,8489,INR,2025-09-20,14,5,9,38,False,True,50,2025-09-06 00:00:00,False
MAA,RPR,6E,HIST-000,Economy,4583,INR,2024-06-20,14,3,6,25,False,False,50,2024-06-06 00:00:00,False
AMD,BBI,QP,HIST-000,Economy,7736,INR,2024-09-04,14,2,9,36,False,False,50,2024-08-21 00:00:00,False
DEL,HYD,UK,HIST-000,Economy,6189,INR,2025-11-12,14,2,11,46,False,False,50,2025-10-29 00:00:00,False
DEL,GAU,9I,HIST-000,Economy,11769,INR,2023-12-01,14,4,12,48,False,False,50,2023-11-17 00:00:00,False
GOI,LKO,UK,HIST-000,Economy,12949,INR,2024-04-17,14,2,4,16,False,False,50,2024-04-03 00:00:00,False
PNQ,BOM,QP,HIST-000,Economy,6029,INR,2023-10-02,14,0,10,40,False,False,50,2023-09-18 00:00:00,False
RPR,JAI,AI,HIST-000,Economy,4454,INR,2023-06-28,14,2,6,26,False,False,50,2023-06-14 00:00:00,False
AMD,STV,UK,HIST-000,Economy,15588,INR,2024-02-05,14,0,2,6,False,False,50,2024-01-22 00:00:00,False
BOM,MAA,AI,HIST-000,Economy,12372,INR,2024-05-12,14,6,5,19,False,True,50,2024-04-28 00:00:00,False
AMD,COK,QP,HIST-000,Economy,7034,INR,2023-12-27,14,2,12,52,False,False,50,2023-12-13 00:00:00,False
PNQ,PAT,QP,HIST-000,Economy,11637,INR,2025-05-14,14,2,5,20,False,False,50,2025-04-30 00:00:00,False
GAU,GOI,6E,HIST-000,Economy,8774,INR,2023-11-04,14,5,11,44,False,True,50,2023-10-21 00:00:00,False
COK,DEL,6E,HIST-000,Economy,9390,INR,2023-02-05,14,6,2,5,False,True,50,2023-01-22 00:00:00,False
IDR,BLR,I5,HIST-000,Economy,7273,INR,2025-08-15,14,4,8,33,False,False,50,2025-08-01 00:00:00,False
GAU,PNQ,QP,HIST-000,Economy,13063,INR,2024-12-06,14,4,12,49,False,False,50,2024-11-22 00:00:00,False
RPR,MAA,2T,HIST-000,Economy,15302,INR,2024-01-23,14,1,1,4,False,False,50,2024-01-09 00:00:00,False
PNQ,AMD,2T,HIST-000,Economy,5894,INR,2023-01-13,14,4,1,2,False,False,50,2022-12-30 00:00:00,False
GAU,AMD,6E,HIST-000,Economy,10800,INR,2025-12-05,14,4,12,49,False,False,50,2025-11-21 00:00:00,False
COK,JAI,UK,HIST-000,Economy,9560,INR,2025-11-17,14,0,11,47,False,False,50,2025-11-03 00:00:00,False
MAA,STV,UK,HIST-000,Economy,14015,INR,2025-02-06,14,3,2,6,False,False,50,2025-01-23 00:00:00,False
BOM,PNQ,SG,HIST-000,Economy,12052,INR,2024-11-26,14,1,11,48,False,False,50,2024-11-12 00:00:00,False
STV,NAG,G8,HIST-000,Economy,6980,INR,2024-04-18,14,3,4,16,False,False,50,2024-04-04 00:00:00,False
LKO,STV,G8,HIST-000,Economy,13910,INR,2024-09-19,14,3,9,38,False,False,50,2024-09-05 00:00:00,False
DEL,COK,6E,HIST-000,Economy,2746,INR,2025-06-11,14,2,6,24,False,False,50,2025-05-28 00:00:00,False
RPR,BOM,SG,HIST-000,Economy,6706,INR,2024-07-21,14,6,7,29,False,True,50,2024-07-07 00:00:00,False
DEL,BBI,G8,HIST-000,Economy,11352,INR,2025-11-25,14,1,11,48,False,False,50,2025-11-11 00:00:00,False
HYD,PAT,SG,HIST-000,Economy,13610,INR,2024-09-17,14,1,9,38,False,False,50,2024-09-03 00:00:00,False
CCU,COK,6E,HIST-000,Economy,7270,INR,2023-07-09,14,6,7,27,False,True,50,2023-06-25 00:00:00,False
CCU,COK,9I,HIST-000,Economy,11415,INR,2025-07-26,14,5,7,30,False,True,50,2025-07-12 00:00:00,False
JAI,BLR,6E,HIST-000,Economy,8869,INR,2024-05-10,14,4,5,19,False,False,50,2024-04-26 00:00:00,False
PAT,IDR,9I,HIST-000,Economy,10712,INR,2025-06-09,14,0,6,24,False,False,50,2025-05-26 00:00:00,False
NAG,COK,9I,HIST-000,Economy,4472,INR,2023-10-15,14,6,10,41,False,True,50,2023-10-01 00:00:00,False
AMD,BOM,AI,HIST-000,Economy,7205,INR,2023-06-23,14,4,6,25,False,False,50,2023-06-09 00:00:00,False
BLR,JAI,QP,HIST-000,Economy,15135,INR,2024-04-22,14,0,4,17,False,False,50,2024-04-08 00:00:00,False
GOI,VNS,2T,HIST-000,Economy,13865,INR,2024-11-07,14,3,11,45,False,False,50,2024-10-24 00:00:00,False
NAG,AMD,9I,HIST-000,Economy,9961,INR,2025-02-15,14,5,2,7,False,True,50,2025-02-01 00:00:00,False
PNQ,IDR,9I,HIST-000,Economy,11927,INR,2023-02-03,14,4,2,5,False,False,50,2023-01-20 00:00:00,False
LKO,MAA,2T,HIST-000,Economy,15476,INR,2025-03-03,14,0,3,10,False,False,50,2025-02-17 00:00:00,False
GAU,JAI,UK,HIST-000,Economy,5116,INR,2025-07-26,14,5,7,30,False,True,50,2025-07-12 00:00:00,False
MAA,STV,S5,HIST-000,Economy,9811,INR,2025-02-04,14,1,2,6,False,False,50,2025-01-21 00:00:00,False
BBI,BLR,S5,HIST-000,Economy,12287,INR,2024-09-27,14,4,9,39,False,False,50,2024-09-13 00:00:00,False
IDR,COK,S5,HIST-000,Economy,4262,INR,2023-07-01,14,5,7,26,False,True,50,2023-06-17 00:00:00,False
BLR,DEL,G8,HIST-000,Economy,15296,INR,2023-10-20,14,4,10,42,False,False,50,2023-10-06 00:00:00,False
STV,AMD,SG,HIST-000,Economy,6523,INR,2025-09-16,14,1,9,38,False,False,50,2025-09-02 00:00:00,False
PAT,PNQ,G8,HIST-000,Economy,12973,INR,2025-04-24,14,3,4,17,False,False,50,2025-04-10 00:00:00,False
HYD,BLR,SG,HIST-000,Economy,16147,INR,2024-12-04,14,2,12,49,False,False,50,2024-11-20 00:00:00,False
GAU,BBI,AI,HIST-000,Economy,8507,INR,2024-07-03,14,2,7,27,False,False,50,2024-06-19 00:00:00,False
LKO,BBI,I5,HIST-000,Economy,14117,INR,2023-01-01,14,6,1,52,False,True,50,2022-12-18 00:00:00,False
PNQ,HYD,S5,HIST-000,Economy,10027,INR,2025-04-13,14,6,4,15,False,True,50,2025-03-30 00:00:00,False
PAT,VNS,UK,HIST-000,Economy,9156,INR,2023-10-26,14,3,10,43,False,False,50,2023-10-12 00:00:00,False
LKO,CCU,SG,HIST-000,Economy,2576,INR,2025-12-10,14,2,12,50,False,False,50,2025-11-26 00:00:00,False
NAG,GAU,AI,HIST-000,Economy,11041,INR,2025-04-09,14,2,4,15,False,False,50,2025-03-26 00:00:00,False
RPR,PNQ,9I,HIST-000,Economy,8808,INR,2023-04-14,14,4,4,15,False,False,50,2023-03-31 00:00:00,False
STV,VNS,S5,HIST-000,Economy,6875,INR,2024-09-27,14,4,9,39,False,False,50,2024-09-13 00:00:00,False
NAG,IDR,9I,HIST-000,Economy,12633,INR,2025-05-10,14,5,5,19,False,True,50,2025-04-26 00:00:00,False
HYD,BOM,S5,HIST-000,Economy,11005,INR,2025-04-27,14,6,4,17,False,True,50,2025-04-13 00:00:00,False
DEL,JAI,SG,HIST-000,Economy,6546,INR,2025-03-08,14,5,3,10,False,True,50,2025-02-22 00:00:00,False
HYD,JAI,AI,HIST-000,Economy,12502,INR,2025-05-14,14,2,5,20,False,False,50,2025-04-30 00:00:00,False
MAA,IDR,2T,HIST-000,Economy,8369,INR,2023-02-27,14,0,2,9,False,False,50,2023-02-13 00:00:00,False
COK,GAU,G8,HIST-000,Economy,10437,INR,2023-09-09,14,5,9,36,False,True,50,2023-08-26 00:00:00,False
IDR,STV,2T,HIST-000,Economy,6625,INR,2023-11-20,14,0,11,47,False,False,50,2023-11-06 00:00:00,False
VNS,CCU,G8,HIST-000,Economy,11601,INR,2024-10-05,14,5,10,40,False,True,50,2024-09-21 00:00:00,False
DEL,CCU,UK,HIST-000,Economy,8199,INR,2025-08-26,14,1,8,35,False,False,50,2025-08-12 00:00:00,False
BLR,BBI,6E,HIST-000,Economy,8454,INR,2023-12-02,14,5,12,48,False,True,50,2023-11-18 00:00:00,False
PAT,IDR,SG,HIST-000,Economy,10735,INR,2025-12-07,14,6,12,49,False,True,50,2025-11-23 00:00:00,False
MAA,PNQ,6E,HIST-000,Economy,10962,INR,2024-07-18,14,3,7,29,False,False,50,2024-07-04 00:00:00,False
DEL,IDR,G8,HIST-000,Economy,13520,INR,2023-02-08,14,2,2,6,False,False,50,2023-01-25 00:00:00,False
PNQ,BBI,6E,HIST-000,Economy,13657,INR,2023-09-05,14,1,9,36,False,False,50,2023-08-22 00:00:00,False
PAT,BBI,QP,HIST-000,Economy,12959,INR,2024-06-23,14,6,6,25,False,True,50,2024-06-09 00:00:00,False
MAA,BLR,G8,HIST-000,Economy,11729,INR,2024-06-05,14,2,6,23,False,False,50,2024-05-22 00:00:00,False
VNS,GAU,G8,HIST-000,Economy,13035,INR,2025-12-17,14,2,12,51,False,False,50,2025-12-03 00:00:00,False
GOI,LKO,QP,HIST-000,Economy,11144,INR,2024-06-13,14,3,6,24,False,False,50,2024-05-30 00:00:00,False
PAT,GOI,6E,HIST-000,Economy,9437,INR,2025-05-07,14,2,5,19,False,False,50,2025-04-23 00:00:00,False
BOM,HYD,QP,HIST-000,Economy,4579,INR,2023-01-07,14,5,1,1,False,True,50,2022-12-24 00:00:00,False
AMD,GAU,QP,HIST-000,Economy,6176,INR,2024-08-20,14,1,8,34,False,False,50,2024-08-06 00:00:00,False
COK,STV,SG,HIST-000,Economy,6307,INR,2025-04-20,14,6,4,16,False,True,50,2025-04-06 00:00:00,False
AMD,CCU,QP,HIST-000,Economy,4861,INR,2023-10-17,14,1,10,42,False,False,50,2023-10-03 00:00:00,False
AMD,COK,I5,HIST-000,Economy,11689,INR,2025-08-03,14,6,8,31,False,True,50,2025-07-20 00:00:00,False
VNS,LKO,UK,HIST-000,Economy,12122,INR,2025-07-06,14,6,7,27,False,True,50,2025-06-22 00:00:00,False
PAT,JAI,9I,HIST-000,Economy,10980,INR,2023-07-03,14,0,7,27,False,False,50,2023-06-19 00:00:00,False
HYD,RPR,9I,HIST-000,Economy,12569,INR,2025-12-27,14,5,12,52,False,True,50,2025-12-13 00:00:00,False
JAI,BLR,6E,HIST-000,Economy,6535,INR,2024-04-17,14,2,4,16,False,False,50,2024-04-03 00:00:00,False
BOM,HYD,6E,HIST-000,Economy,10067,INR,2025-05-11,14,6,5,19,False,True,50,2025-04-27 00:00:00,False
RPR,JAI,SG,HIST-000,Economy,11351,INR,2025-03-21,14,4,3,12,False,False,50,2025-03-07 00:00:00,False
PAT,JAI,AI,HIST-000,Economy,11873,INR,2025-12-14,14,6,12,50,False,True,50,2025-11-30 00:00:00,False
HYD,PAT,SG,HIST-000,Economy,8920,INR,2023-07-20,14,3,7,29,False,False,50,2023-07-06 00:00:00,False
DEL,NAG,AI,HIST-000,Economy,5887,INR,2023-10-06,14,4,10,40,False,False,50,2023-09-22 00:00:00,False
PAT,GAU,I5,HIST-000,Economy,5211,INR,2024-02-24,14,5,2,8,False,True,50,2024-02-10 00:00:00,False
BOM,GAU,2T,HIST-000,Economy,3777,INR,2024-11-27,14,2,11,48,False,False,50,2024-11-13 00:00:00,False
BLR,DEL,6E,HIST-000,Economy,4577,INR,2025-06-14,14,5,6,24,False,True,50,2025-05-31 00:00:00,False
BLR,CCU,I5,HIST-000,Economy,5780,INR,2024-09-20,14,4,9,38,False,False,50,2024-09-06 00:00:00,False
VNS,PAT,QP,HIST-000,Economy,7049,INR,2025-11-11,14,1,11,46,False,False,50,2025-10-28 00:00:00,False
IDR,DEL,I5,HIST-000,Economy,7028,INR,2024-06-25,14,1,6,26,False,False,50,2024-06-11 00:00:00,False
AMD,RPR,I5,HIST-000,Economy,7302,INR,2025-06-18,14,2,6,25,False,False,50,2025-06-04 00:00:00,False
STV,IDR,S5,HIST-000,Economy,15189,INR,2025-08-24,14,6,8,34,False,True,50,2025-08-10 00:00:00,False
DEL,STV,S5,HIST-000,Economy,12883,INR,2023-12-03,14,6,12,48,False,True,50,2023-11-19 00:00:00,False
PNQ,COK,9I,HIST-000,Economy,11586,INR,2025-06-26,14,3,6,26,False,False,50,2025-06-12 00:00:00,False
VNS,AMD,AI,HIST-000,Economy,9523,INR,2024-10-06,14,6,10,40,False,True,50,2024-09-22 00:00:00,False
VNS,DEL,QP,HIST-000,Economy,4995,INR,2023-04-17,14,0,4,16,False,False,50,2023-04-03 00:00:00,False
BBI,LKO,2T,HIST-000,Economy,13552,INR,2023-09-04,14,0,9,36,False,False,50,2023-08-21 00:00:00,False
GAU,PNQ,G8,HIST-000,Economy,9087,INR,2024-10-25,14,4,10,43,False,False,50,2024-10-11 00:00:00,False
JAI,PAT,I5,HIST-000,Economy,9964,INR,2023-12-26,14,1,12,52,False,False,50,2023-12-12 00:00:00,False
IDR,BLR,2T,HIST-000,Economy,7320,INR,2023-04-15,14,5,4,15,False,True,50,2023-04-01 00:00:00,False
GAU,JAI,AI,HIST-000,Economy,11832,INR,2025-11-25,14,1,11,48,False,False,50,2025-11-11 00:00:00,False
NAG,RPR,G8,HIST-000,Economy,15172,INR,2024-10-20,14,6,10,42,False,True,50,2024-10-06 00:00:00,False
GOI,IDR,G8,HIST-000,Economy,10392,INR,2025-04-23,14,2,4,17,False,False,50,2025-04-09 00:00:00,False
JAI,AMD,AI,HIST-000,Economy,7518,INR,2025-01-18,14,5,1,3,False,True,50,2025-01-04 00:00:00,False
GOI,AMD,AI,HIST-000,Economy,7149,INR,2024-10-15,14,1,10,42,False,False,50,2024-10-01 00:00:00,False
MAA,BOM,9I,HIST-000,Economy,4179,INR,2024-01-17,14,2,1,3,False,False,50,2024-01-03 00:00:00,False
RPR,STV,I5,HIST-000,Economy,16472,INR,2023-06-18,14,6,6,24,False,True,50,2023-06-04 00:00:00,False
HYD,MAA,SG,HIST-000,Economy,8443,INR,2024-07-05,14,4,7,27,False,False,50,2024-06-21 00:00:00,False
DEL,GAU,2T,HIST-000,Economy,13649,INR,2024-08-22,14,3,8,34,False,False,50,2024-08-08 00:00:00,False
IDR,STV,2T,HIST-000,Economy,14693,INR,2024-01-21,14,6,1,3,False,True,50,2024-01-07 00:00:00,False
STV,CCU,I5,HIST-000,Economy,8573,INR,2023-11-02,14,3,11,44,False,False,50,2023-10-19 00:00:00,False
GOI,RPR,S5,HIST-000,Economy,10557,INR,2023-01-02,14,0,1,1,False,False,50,2022-12-19 00:00:00,False
PAT,RPR,SG,HIST-000,Economy,9537,INR,2023-10-09,14,0,10,41,False,False,50,2023-09-25 00:00:00,False
VNS,COK,9I,HIST-000,Economy,5596,INR,2025-06-24,14,1,6,26,False,False,50,2025-06-10 00:00:00,False
BBI,PAT,2T,HIST-000,Economy,6164,INR,2023-12-18,14,0,12,51,False,False,50,2023-12-04 00:00:00,False
CCU,BBI,S5,HIST-000,Economy,11130,INR,2024-04-02,14,1,4,14,False,False,50,2024-03-19 00:00:00,False
DEL,NAG,2T,HIST-000,Economy,8213,INR,2024-06-11,14,1,6,24,False,False,50,2024-05-28 00:00:00,False
GOI,IDR,G8,HIST-000,Economy,5628,INR,2025-04-24,14,3,4,17,False,False,50,2025-04-10 00:00:00,False
PNQ,JAI,6E,HIST-000,Economy,8615,INR,2024-11-27,14,2,11,48,False,False,50,2024-11-13 00:00:00,False
LKO,PNQ,AI,HIST-000,Economy,9563,INR,2024-10-23,14,2,10,43,False,False,50,2024-10-09 00:00:00,False
CCU,BOM,SG,HIST-000,Economy,9409,INR,2025-04-16,14,2,4,16,False,False,50,2025-04-02 00:00:00,False
COK,PNQ,UK,HIST-000,Economy,10234,INR,2023-08-02,14,2,8,31,False,False,50,2023-07-19 00:00:00,False
NAG,MAA,S5,HIST-000,Economy,9409,INR,2025-09-04,14,3,9,36,False,False,50,2025-08-21 00:00:00,False
PAT,IDR,9I,HIST-000,Economy,7820,INR,2023-07-21,14,4,7,29,False,False,50,2023-07-07 00:00:00,False
RPR,GAU,AI,HIST-000,Economy,9333,INR,2023-01-22,14,6,1,3,False,True,50,2023-01-08 00:00:00,False
IDR,RPR,UK,HIST-000,Economy,10340,INR,2023-07-08,14,5,7,27,False,True,50,2023-06-24 00:00:00,False
BOM,LKO,S5,HIST-000,Economy,4999,INR,2024-05-16,14,3,5,20,False,False,50,2024-05-02 00:00:00,False
IDR,COK,SG,HIST-000,Economy,13435,INR,2025-08-24,14,6,8,34,False,True,50,2025-08-10 00:00:00,False
PAT,COK,S5,HIST-000,Economy,6495,INR,2023-12-07,14,3,12,49,False,False,50,2023-11-23 00:00:00,False
GOI,BLR,6E,HIST-000,Economy,9784,INR,2023-04-27,14,3,4,17,False,False,50,2023-04-13 00:00:00,False
DEL,GAU,QP,HIST-000,Economy,10210,INR,2023-12-10,14,6,12,49,False,True,50,2023-11-26 00:00:00,False
BBI,AMD,QP,HIST-000,Economy,7704,INR,2023-02-07,14,1,2,6,False,False,50,2023-01-24 00:00:00,False
BLR,PAT,6E,HIST-000,Economy,6177,INR,2024-02-01,14,3,2,5,False,False,50,2024-01-18 00:00:00,False
VNS,JAI,6E,HIST-000,Economy,7127,INR,2024-08-16,14,4,8,33,False,False,50,2024-08-02 00:00:00,False
RPR,DEL,UK,HIST-000,Economy,11791,INR,2024-02-19,14,0,2,8,False,False,50,2024-02-05 00:00:00,False
PNQ,GAU,9I,HIST-000,Economy,10279,INR,2025-03-13,14,3,3,11,False,False,50,2025-02-27 00:00:00,False
MAA,LKO,QP,HIST-000,Economy,6413,INR,2024-03-18,14,0,3,12,False,False,50,2024-03-04 00:00:00,False
JAI,CCU,AI,HIST-000,Economy,8926,INR,2023-07-05,14,2,7,27,False,False,50,2023-06-21 00:00:00,False
BOM,VNS,2T,HIST-000,Economy,12319,INR,2025-02-04,14,1,2,6,False,False,50,2025-01-21 00:00:00,False
GAU,AMD,6E,HIST-000,Economy,8403,INR,2024-06-23,14,6,6,25,False,True,50,2024-06-09 00:00:00,False
PNQ,BBI,SG,HIST-000,Economy,8239,INR,2025-09-17,14,2,9,38,False,False,50,2025-09-03 00:00:00,False
AMD,DEL,UK,HIST-000,Economy,4748,INR,2025-02-03,14,0,2,6,False,False,50,2025-01-20 00:00:00,False
RPR,GAU,G8,HIST-000,Economy,15114,INR,2023-12-06,14,2,12,49,False,False,50,2023-11-22 00:00:00,False
STV,RPR,G8,HIST-000,Economy,12934,INR,2024-09-07,14,5,9,36,False,True,50,2024-08-24 00:00:00,False
BBI,PNQ,I5,HIST-000,Economy,9189,INR,2025-07-07,14,0,7,28,False,False,50,2025-06-23 00:00:00,False
CCU,STV,QP,HIST-000,Economy,9534,INR,2024-12-20,14,4,12,51,False,False,50,2024-12-06 00:00:00,False
HYD,PAT,QP,HIST-000,Economy,16871,INR,2025-04-10,14,3,4,15,False,False,50,2025-03-27 00:00:00,False
PAT,JAI,S5,HIST-000,Economy,6190,INR,2025-05-16,14,4,5,20,False,False,50,2025-05-02 00:00:00,False
HYD,BBI,I5,HIST-000,Economy,10315,INR,2025-04-22,14,1,4,17,False,False,50,2025-04-08 00:00:00,False
IDR,CCU,9I,HIST-000,Economy,12772,INR,2024-09-23,14,0,9,39,False,False,50,2024-09-09 00:00:00,False
DEL,BBI,UK,HIST-000,Economy,3675,INR,2024-06-14,14,4,6,24,False,False,50,2024-05-31 00:00:00,False
BLR,VNS,G8,HIST-000,Economy,15174,INR,2024-08-03,14,5,8,31,False,True,50,2024-07-20 00:00:00,False
GOI,PNQ,AI,HIST-000,Economy,6128,INR,2025-04-13,14,6,4,15,False,True,50,2025-03-30 00:00:00,False
CCU,RPR,I5,HIST-000,Economy,8149,INR,2024-08-15,14,3,8,33,False,False,50,2024-08-01 00:00:00,False
BBI,VNS,AI,HIST-000,Economy,9591,INR,2024-05-10,14,4,5,19,False,False,50,2024-04-26 00:00:00,False
IDR,VNS,2T,HIST-000,Economy,6960,INR,2025-06-12,14,3,6,24,False,False,50,2025-05-29 00:00:00,False
AMD,COK,G8,HIST-000,Economy,9197,INR,2024-08-06,14,1,8,32,False,False,50,2024-07-23 00:00:00,False
PAT,JAI,I5,HIST-000,Economy,8739,INR,2024-02-27,14,1,2,9,False,False,50,2024-02-13 00:00:00,False
GAU,HYD,6E,HIST-000,Economy,3743,INR,2023-07-11,14,1,7,28,False,False,50,2023-06-27 00:00:00,False
BOM,PAT,I5,HIST-000,Economy,7828,INR,2023-10-28,14,5,10,43,False,True,50,2023-10-14 00:00:00,False
PAT,STV,2T,HIST-000,Economy,16206,INR,2025-01-02,14,3,1,1,False,False,50,2024-12-19 00:00:00,False
COK,BLR,9I,HIST-000,Economy,7231,INR,2023-09-15,14,4,9,37,False,False,50,2023-09-01 00:00:00,False
GOI,VNS,SG,HIST-000,Economy,7925,INR,2025-12-16,14,1,12,51,False,False,50,2025-12-02 00:00:00,False
IDR,NAG,G8,HIST-000,Economy,12569,INR,2025-06-25,14,2,6,26,False,False,50,2025-06-11 00:00:00,False
DEL,GOI,S5,HIST-000,Economy,3682,INR,2025-03-05,14,2,3,10,False,False,50,2025-02-19 00:00:00,False
GAU,DEL,UK,HIST-000,Economy,5726,INR,2023-03-28,14,1,3,13,False,False,50,2023-03-14 00:00:00,False
LKO,GOI,6E,HIST-000,Economy,11842,INR,2023-11-27,14,0,11,48,False,False,50,2023-11-13 00:00:00,False
VNS,BBI,S5,HIST-000,Economy,9682,INR,2025-03-01,14,5,3,9,False,True,50,2025-02-15 00:00:00,False
GAU,CCU,2T,HIST-000,Economy,7907,INR,2024-08-16,14,4,8,33,False,False,50,2024-08-02 00:00:00,False
PAT,BBI,UK,HIST-000,Economy,7767,INR,2023-05-08,14,0,5,19,False,False,50,2023-04-24 00:00:00,False
HYD,JAI,2T,HIST-000,Economy,10458,INR,2025-10-07,14,1,10,41,False,False,50,2025-09-23 00:00:00,False
GAU,BLR,AI,HIST-000,Economy,7411,INR,2023-03-16,14,3,3,11,False,False,50,2023-03-02 00:00:00,False
STV,GAU,2T,HIST-000,Economy,13854,INR,2024-05-24,14,4,5,21,False,False,50,2024-05-10 00:00:00,False
BLR,DEL,QP,HIST-000,Economy,12009,INR,2024-01-10,14,2,1,2,False,False,50,2023-12-27 00:00:00,False
JAI,GAU,2T,HIST-000,Economy,11985,INR,2025-12-01,14,0,12,49,False,False,50,2025-11-17 00:00:00,False
JAI,VNS,SG,HIST-000,Economy,3279,INR,2025-02-21,14,4,2,8,False,False,50,2025-02-07 00:00:00,False
BOM,GAU,QP,HIST-000,Economy,7592,INR,2024-12-05,14,3,12,49,False,False,50,2024-11-21 00:00:00,False
NAG,PNQ,S5,HIST-000,Economy,11753,INR,2024-12-05,14,3,12,49,False,False,50,2024-11-21 00:00:00,False
JAI,PAT,6E,HIST-000,Economy,8771,INR,2023-07-12,14,2,7,28,False,False,50,2023-06-28 00:00:00,False
HYD,CCU,I5,HIST-000,Economy,10385,INR,2024-01-25,14,3,1,4,False,False,50,2024-01-11 00:00:00,False
IDR,NAG,2T,HIST-000,Economy,5428,INR,2024-10-01,14,1,10,40,False,False,50,2024-09-17 00:00:00,False
JAI,IDR,QP,HIST-000,Economy,5466,INR,2025-04-15,14,1,4,16,False,False,50,2025-04-01 00:00:00,False
GOI,JAI,9I,HIST-000,Economy,4607,INR,2025-01-19,14,6,1,3,False,True,50,2025-01-05 00:00:00,False
PAT,BOM,QP,HIST-000,Economy,11498,INR,2025-12-24,14,2,12,52,False,False,50,2025-12-10 00:00:00,False
VNS,AMD,S5,HIST-000,Economy,6976,INR,2024-03-09,14,5,3,10,False,True,50,2024-02-24 00:00:00,False
PNQ,GOI,2T,HIST-000,Economy,11985,INR,2025-12-02,14,1,12,49,False,False,50,2025-11-18 00:00:00,False
STV,COK,UK,HIST-000,Economy,8516,INR,2024-05-05,14,6,5,18,False,True,50,2024-04-21 00:00:00,False
JAI,PAT,SG,HIST-000,Economy,8935,INR,2025-12-18,14,3,12,51,False,False,50,2025-12-04 00:00:00,False
BLR,COK,UK,HIST-000,Economy,7233,INR,2023-01-14,14,5,1,2,False,True,50,2022-12-31 00:00:00,False
MAA,AMD,6E,HIST-000,Economy,3122,INR,2024-11-17,14,6,11,46,False,True,50,2024-11-03 00:00:00,False
VNS,BLR,9I,HIST-000,Economy,16361,INR,2023-05-14,14,6,5,19,False,True,50,2023-04-30 00:00:00,False
BLR,JAI,2T,HIST-000,Economy,7717,INR,2024-02-16,14,4,2,7,False,False,50,2024-02-02 00:00:00,False
HYD,NAG,QP,HIST-000,Economy,11328,INR,2024-10-05,14,5,10,40,False,True,50,2024-09-21 00:00:00,False
NAG,AMD,9I,HIST-000,Economy,14631,INR,2024-12-15,14,6,12,50,False,True,50,2024-12-01 00:00:00,False
CCU,PAT,I5,HIST-000,Economy,13467,INR,2025-02-24,14,0,2,9,False,False,50,2025-02-10 00:00:00,False
STV,GAU,SG,HIST-000,Economy,15082,INR,2025-06-10,14,1,6,24,False,False,50,2025-05-27 00:00:00,False
VNS,PNQ,SG,HIST-000,Economy,11006,INR,2023-03-10,14,4,3,10,False,False,50,2023-02-24 00:00:00,False
PNQ,BOM,2T,HIST-000,Economy,10906,INR,2025-05-10,14,5,5,19,False,True,50,2025-04-26 00:00:00,False
MAA,GAU,SG,HIST-000,Economy,10027,INR,2025-06-04,14,2,6,23,False,False,50,2025-05-21 00:00:00,False
BBI,DEL,S5,HIST-000,Economy,6479,INR,2024-08-15,14,3,8,33,False,False,50,2024-08-01 00:00:00,False
GAU,GOI,SG,HIST-000,Economy,8117,INR,2024-01-23,14,1,1,4,False,False,50,2024-01-09 00:00:00,False
BOM,AMD,9I,HIST-000,Economy,13072,INR,2023-08-20,14,6,8,33,False,True,50,2023-08-06 00:00:00,False
AMD,DEL,9I,HIST-000,Economy,9383,INR,2023-12-11,14,0,12,50,False,False,50,2023-11-27 00:00:00,False
PNQ,NAG,S5,HIST-000,Economy,9644,INR,2025-06-25,14,2,6,26,False,False,50,2025-06-11 00:00:00,False
STV,GAU,AI,HIST-000,Economy,7057,INR,2024-04-11,14,3,4,15,False,False,50,2024-03-28 00:00:00,False
PNQ,COK,UK,HIST-000,Economy,11689,INR,2023-11-23,14,3,11,47,False,False,50,2023-11-09 00:00:00,False
RPR,BBI,QP,HIST-000,Economy,9146,INR,2025-02-02,14,6,2,5,False,True,50,2025-01-19 00:00:00,False
GOI,HYD,QP,HIST-000,Economy,5980,INR,2024-04-23,14,1,4,17,False,False,50,2024-04-09 00:00:00,False
BBI,STV,9I,HIST-000,Economy,12091,INR,2024-01-17,14,2,1,3,False,False,50,2024-01-03 00:00:00,False
PAT,GAU,QP,HIST-000,Economy,11857,INR,2024-05-11,14,5,5,19,False,True,50,2024-04-27 00:00:00,False
HYD,BBI,SG,HIST-000,Economy,6944,INR,2025-03-14,14,4,3,11,False,False,50,2025-02-28 00:00:00,False
PNQ,AMD,S5,HIST-000,Economy,2808,INR,2023-02-24,14,4,2,8,False,False,50,2023-02-10 00:00:00,False
LKO,DEL,9I,HIST-000,Economy,10541,INR,2024-03-12,14,1,3,11,False,False,50,2024-02-27 00:00:00,False
BOM,BLR,6E,HIST-000,Economy,10589,INR,2025-12-28,14,6,12,52,False,True,50,2025-12-14 00:00:00,False
IDR,BOM,6E,HIST-000,Economy,11394,INR,2024-04-05,14,4,4,14,False,False,50,2024-03-22 00:00:00,False
MAA,GOI,UK,HIST-000,Economy,7467,INR,2024-11-16,14,5,11,46,False,True,50,2024-11-02 00:00:00,False
MAA,LKO,G8,HIST-000,Economy,8072,INR,2025-05-10,14,5,5,19,False,True,50,2025-04-26 00:00:00,False
CCU,VNS,I5,HIST-000,Economy,10298,INR,2024-09-20,14,4,9,38,False,False,50,2024-09-06 00:00:00,False
HYD,NAG,9I,HIST-000,Economy,13138,INR,2025-12-09,14,1,12,50,False,False,50,2025-11-25 00:00:00,False
BOM,COK,6E,HIST-000,Economy,11140,INR,2023-05-16,14,1,5,20,False,False,50,2023-05-02 00:00:00,False
VNS,STV,I5,HIST-000,Economy,4339,INR,2023-09-25,14,0,9,39,False,False,50,2023-09-11 00:00:00,False
AMD,MAA,S5,HIST-000,Economy,6194,INR,2025-08-12,14,1,8,33,False,False,50,2025-07-29 00:00:00,False
PAT,HYD,UK,HIST-000,Economy,8916,INR,2025-02-25,14,1,2,9,False,False,50,2025-02-11 00:00:00,False
LKO,BOM,AI,HIST-000,Economy,5729,INR,2024-01-02,14,1,1,1,False,False,50,2023-12-19 00:00:00,False
DEL,STV,I5,HIST-000,Economy,10926,INR,2025-02-20,14,3,2,8,False,False,50,2025-02-06 00:00:00,False
HYD,PAT,G8,HIST-000,Economy,6717,INR,2024-11-21,14,3,11,47,False,False,50,2024-11-07 00:00:00,False
VNS,DEL,AI,HIST-000,Economy,9064,INR,2023-12-09,14,5,12,49,False,True,50,2023-11-25 00:00:00,False
GOI,JAI,AI,HIST-000,Economy,5493,INR,2024-06-24,14,0,6,26,False,False,50,2024-06-10 00:00:00,False
HYD,PAT,9I,HIST-000,Economy,7499,INR,2023-06-15,14,3,6,24,False,False,50,2023-06-01 00:00:00,False
STV,MAA,9I,HIST-000,Economy,10300,INR,2025-12-27,14,5,12,52,False,True,50,2025-12-13 00:00:00,False
VNS,RPR,SG,HIST-000,Economy,9458,INR,2024-02-21,14,2,2,8,False,False,50,2024-02-07 00:00:00,False
RPR,MAA,S5,HIST-000,Economy,10544,INR,2024-09-04,14,2,9,36,False,False,50,2024-08-21 00:00:00,False
GAU,LKO,I5,HIST-000,Economy,6622,INR,2025-07-14,14,0,7,29,False,False,50,2025-06-30 00:00:00,False
NAG,RPR,SG,HIST-000,Economy,13678,INR,2024-06-02,14,6,6,22,False,True,50,2024-05-19 00:00:00,False
NAG,LKO,6E,HIST-000,Economy,10484,INR,2024-04-16,14,1,4,16,False,False,50,2024-04-02 00:00:00,False
BOM,IDR,G8,HIST-000,Economy,12698,INR,2023-09-11,14,0,9,37,False,False,50,2023-08-28 00:00:00,False
VNS,BBI,6E,HIST-000,Economy,9964,INR,2025-11-24,14,0,11,48,False,False,50,2025-11-10 00:00:00,False
VNS,STV,QP,HIST-000,Economy,7932,INR,2023-10-02,14,0,10,40,False,False,50,2023-09-18 00:00:00,False
RPR,DEL,QP,HIST-000,Economy,11985,INR,2023-02-21,14,1,2,8,False,False,50,2023-02-07 00:00:00,False
IDR,GOI,SG,HIST-000,Economy,16905,INR,2023-10-10,14,1,10,41,False,False,50,2023-09-26 00:00:00,False
RPR,PNQ,QP,HIST-000,Economy,9750,INR,2023-02-08,14,2,2,6,False,False,50,2023-01-25 00:00:00,False
LKO,DEL,AI,HIST-000,Economy,8527,INR,2023-04-09,14,6,4,14,False,True,50,2023-03-26 00:00:00,False
COK,MAA,AI,HIST-000,Economy,12974,INR,2023-01-09,14,0,1,2,False,False,50,2022-12-26 00:00:00,False
GOI,BBI,9I,HIST-000,Economy,8915,INR,2023-02-02,14,3,2,5,False,False,50,2023-01-19 00:00:00,False
PAT,JAI,QP,HIST-000,Economy,6596,INR,2023-05-06,14,5,5,18,False,True,50,2023-04-22 00:00:00,False
JAI,GAU,G8,HIST-000,Economy,7103,INR,2025-06-27,14,4,6,26,False,False,50,2025-06-13 00:00:00,False
MAA,HYD,G8,HIST-000,Economy,11050,INR,2023-01-05,14,3,1,1,False,False,50,2022-12-22 00:00:00,False
RPR,GOI,2T,HIST-000,Economy,13003,INR,2024-08-16,14,4,8,33,False,False,50,2024-08-02 00:00:00,False
LKO,PAT,9I,HIST-000,Economy,13093,INR,2023-08-08,14,1,8,32,False,False,50,2023-07-25 00:00:00,False
AMD,IDR,SG,HIST-000,Economy,10602,INR,2025-08-06,14,2,8,32,False,False,50,2025-07-23 00:00:00,False
GAU,BLR,AI,HIST-000,Economy,9827,INR,2024-01-14,14,6,1,2,False,True,50,2023-12-31 00:00:00,False
STV,PAT,2T,HIST-000,Economy,14121,INR,2025-11-03,14,0,11,45,False,False,50,2025-10-20 00:00:00,False
LKO,IDR,2T,HIST-000,Economy,11187,INR,2025-07-17,14,3,7,29,False,False,50,2025-07-03 00:00:00,False
BOM,AMD,I5,HIST-000,Economy,12076,INR,2024-09-15,14,6,9,37,False,True,50,2024-09-01 00:00:00,False
HYD,VNS,AI,HIST-000,Economy,13132,INR,2023-03-25,14,5,3,12,False,True,50,2023-03-11 00:00:00,False
GAU,RPR,6E,HIST-000,Economy,6852,INR,2024-05-10,14,4,5,19,False,False,50,2024-04-26 00:00:00,False
IDR,BOM,I5,HIST-000,Economy,12440,INR,2023-02-05,14,6,2,5,False,True,50,2023-01-22 00:00:00,False
COK,VNS,2T,HIST-000,Economy,8572,INR,2024-12-24,14,1,12,52,False,False,50,2024-12-10 00:00:00,False
BLR,DEL,6E,HIST-000,Economy,9140,INR,2023-12-10,14,6,12,49,False,True,50,2023-11-26 00:00:00,False
JAI,CCU,SG,HIST-000,Economy,15405,INR,2025-10-15,14,2,10,42,False,False,50,2025-10-01 00:00:00,False
BLR,PAT,S5,HIST-000,Economy,14325,INR,2025-06-07,14,5,6,23,False,True,50,2025-05-24 00:00:00,False
BOM,IDR,AI,HIST-000,Economy,12921,INR,2025-05-27,14,1,5,22,False,False,50,2025-05-13 00:00:00,False
BBI,IDR,SG,HIST-000,Economy,9846,INR,2024-08-07,14,2,8,32,False,False,50,2024-07-24 00:00:00,False
JAI,HYD,UK,HIST-000,Economy,7794,INR,2023-05-01,14,0,5,18,False,False,50,2023-04-17 00:00:00,False
VNS,IDR,QP,HIST-000,Economy,8996,INR,2024-10-18,14,4,10,42,False,False,50,2024-10-04 00:00:00,False
PAT,HYD,QP,HIST-000,Economy,6667,INR,2024-04-28,14,6,4,17,False,True,50,2024-04-14 00:00:00,False
AMD,LKO,2T,HIST-000,Economy,6131,INR,2023-07-12,14,2,7,28,False,False,50,2023-06-28 00:00:00,False
MAA,CCU,I5,HIST-000,Economy,12733,INR,2023-10-07,14,5,10,40,False,True,50,2023-09-23 00:00:00,False
HYD,BLR,SG,HIST-000,Economy,12664,INR,2024-03-18,14,0,3,12,False,False,50,2024-03-04 00:00:00,False
GOI,DEL,6E,HIST-000,Economy,9785,INR,2024-02-10,14,5,2,6,False,True,50,2024-01-27 00:00:00,False
PAT,COK,9I,HIST-000,Economy,5661,INR,2025-08-24,14,6,8,34,False,True,50,2025-08-10 00:00:00,False
HYD,BLR,UK,HIST-000,Economy,9475,INR,2024-12-08,14,6,12,49,False,True,50,2024-11-24 00:00:00,False
PNQ,BBI,QP,HIST-000,Economy,11585,INR,2023-03-24,14,4,3,12,False,False,50,2023-03-10 00:00:00,False
GAU,CCU,AI,HIST-000,Economy,9571,INR,2023-05-02,14,1,5,18,False,False,50,2023-04-18 00:00:00,False
PAT,BLR,S5,HIST-000,Economy,14186,INR,2024-09-15,14,6,9,37,False,True,50,2024-09-01 00:00:00,False
BLR,BBI,S5,HIST-000,Economy,7114,INR,2025-10-08,14,2,10,41,False,False,50,2025-09-24 00:00:00,False
JAI,PNQ,S5,HIST-000,Economy,9385,INR,2023-06-28,14,2,6,26,False,False,50,2023-06-14 00:00:00,False
GAU,BOM,G8,HIST-000,Economy,9793,INR,2025-02-02,14,6,2,5,False,True,50,2025-01-19 00:00:00,False
AMD,BOM,2T,HIST-000,Economy,9093,INR,2025-08-23,14,5,8,34,False,True,50,2025-08-09 00:00:00,False
MAA,VNS,6E,HIST-000,Economy,12933,INR,2023-02-21,14,1,2,8,False,False,50,2023-02-07 00:00:00,False
MAA,VNS,S5,HIST-000,Economy,8290,INR,2023-02-15,14,2,2,7,False,False,50,2023-02-01 00:00:00,False
JAI,GAU,6E,HIST-000,Economy,4403,INR,2025-12-11,14,3,12,50,False,False,50,2025-11-27 00:00:00,False
MAA,GAU,9I,HIST-000,Economy,13646,INR,2023-06-26,14,0,6,26,False,False,50,2023-06-12 00:00:00,False
VNS,GOI,UK,HIST-000,Economy,9503,INR,2024-06-12,14,2,6,24,False,False,50,2024-05-29 00:00:00,False
LKO,COK,I5,HIST-000,Economy,10392,INR,2025-02-18,14,1,2,8,False,False,50,2025-02-04 00:00:00,False
COK,PNQ,QP,HIST-000,Economy,11569,INR,2024-03-26,14,1,3,13,False,False,50,2024-03-12 00:00:00,False
HYD,BBI,6E,HIST-000,Economy,15732,INR,2023-10-15,14,6,10,41,False,True,50,2023-10-01 00:00:00,False
NAG,CCU,SG,HIST-000,Economy,16942,INR,2023-09-16,14,5,9,37,False,True,50,2023-09-02 00:00:00,False
AMD,CCU,QP,HIST-000,Economy,7781,INR,2024-07-09,14,1,7,28,False,False,50,2024-06-25 00:00:00,False
JAI,NAG,6E,HIST-000,Economy,5557,INR,2023-05-24,14,2,5,21,False,False,50,2023-05-10 00:00:00,False
HYD,COK,G8,HIST-000,Economy,3566,INR,2025-03-19,14,2,3,12,False,False,50,2025-03-05 00:00:00,False
BLR,HYD,2T,HIST-000,Economy,12345,INR,2025-10-06,14,0,10,41,False,False,50,2025-09-22 00:00:00,False
IDR,NAG,AI,HIST-000,Economy,7962,INR,2023-01-16,14,0,1,3,False,False,50,2023-01-02 00:00:00,False
BBI,VNS,G8,HIST-000,Economy,11438,INR,2024-05-27,14,0,5,22,False,False,50,2024-05-13 00:00:00,False
BOM,CCU,QP,HIST-000,Economy,12913,INR,2023-10-21,14,5,10,42,False,True,50,2023-10-07 00:00:00,False
HYD,RPR,2T,HIST-000,Economy,8114,INR,2025-02-20,14,3,2,8,False,False,50,2025-02-06 00:00:00,False
NAG,BOM,AI,HIST-000,Economy,4854,INR,2023-12-18,14,0,12,51,False,False,50,2023-12-04 00:00:00,False
CCU,BLR,AI,HIST-000,Economy,12620,INR,2023-04-20,14,3,4,16,False,False,50,2023-04-06 00:00:00,False
VNS,PNQ,I5,HIST-000,Economy,6683,INR,2024-08-07,14,2,8,32,False,False,50,2024-07-24 00:00:00,False
CCU,IDR,UK,HIST-000,Economy,11754,INR,2023-07-21,14,4,7,29,False,False,50,2023-07-07 00:00:00,False
BOM,HYD,AI,HIST-000,Economy,7560,INR,2024-06-25,14,1,6,26,False,False,50,2024-06-11 00:00:00,False
BBI,BLR,G8,HIST-000,Economy,14671,INR,2025-07-06,14,6,7,27,False,True,50,2025-06-22 00:00:00,False
LKO,HYD,S5,HIST-000,Economy,12082,INR,2024-10-28,14,0,10,44,False,False,50,2024-10-14 00:00:00,False
BOM,GOI,S5,HIST-000,Economy,13917,INR,2024-11-07,14,3,11,45,False,False,50,2024-10-24 00:00:00,False
RPR,MAA,S5,HIST-000,Economy,4281,INR,2023-09-13,14,2,9,37,False,False,50,2023-08-30 00:00:00,False
JAI,HYD,2T,HIST-000,Economy,12900,INR,2024-02-05,14,0,2,6,False,False,50,2024-01-22 00:00:00,False
AMD,STV,G8,HIST-000,Economy,8565,INR,2024-08-04,14,6,8,31,False,True,50,2024-07-21 00:00:00,False
GAU,PNQ,QP,HIST-000,Economy,11580,INR,2025-03-25,14,1,3,13,False,False,50,2025-03-11 00:00:00,False
CCU,VNS,UK,HIST-000,Economy,8681,INR,2025-11-03,14,0,11,45,False,False,50,2025-10-20 00:00:00,False
NAG,CCU,S5,HIST-000,Economy,14892,INR,2023-07-19,14,2,7,29,False,False,50,2023-07-05 00:00:00,False
MAA,PNQ,6E,HIST-000,Economy,14465,INR,2023-09-11,14,0,9,37,False,False,50,2023-08-28 00:00:00,False
AMD,MAA,9I,HIST-000,Economy,10526,INR,2024-06-28,14,4,6,26,False,False,50,2024-06-14 00:00:00,False
STV,MAA,G8,HIST-000,Economy,9274,INR,2025-11-18,14,1,11,47,False,False,50,2025-11-04 00:00:00,False
BBI,HYD,9I,HIST-000,Economy,5374,INR,2024-09-17,14,1,9,38,False,False,50,2024-09-03 00:00:00,False
VNS,PAT,I5,HIST-000,Economy,6100,INR,2024-04-16,14,1,4,16,False,False,50,2024-04-02 00:00:00,False
HYD,BBI,UK,HIST-000,Economy,10468,INR,2025-07-11,14,4,7,28,False,False,50,2025-06-27 00:00:00,False
JAI,VNS,2T,HIST-000,Economy,4094,INR,2023-12-04,14,0,12,49,False,False,50,2023-11-20 00:00:00,False
NAG,STV,QP,HIST-000,Economy,5244,INR,2025-08-12,14,1,8,33,False,False,50,2025-07-29 00:00:00,False
PNQ,GOI,2T,HIST-000,Economy,7692,INR,2024-06-07,14,4,6,23,False,False,50,2024-05-24 00:00:00,False
NAG,BOM,SG,HIST-000,Economy,6181,INR,2023-11-13,14,0,11,46,False,False,50,2023-10-30 00:00:00,False
MAA,BBI,SG,HIST-000,Economy,8305,INR,2024-01-16,14,1,1,3,False,False,50,2024-01-02 00:00:00,False
GAU,LKO,G8,HIST-000,Economy,7010,INR,2025-07-05,14,5,7,27,False,True,50,2025-06-21 00:00:00,False
CCU,HYD,G8,HIST-000,Economy,7258,INR,2025-01-21,14,1,1,4,False,False,50,2025-01-07 00:00:00,False
RPR,GOI,S5,HIST-000,Economy,13576,INR,2025-06-01,14,6,6,22,False,True,50,2025-05-18 00:00:00,False
GAU,BLR,S5,HIST-000,Economy,11937,INR,2025-01-15,14,2,1,3,False,False,50,2025-01-01 00:00:00,False
LKO,NAG,S5,HIST-000,Economy,7692,INR,2024-04-08,14,0,4,15,False,False,50,2024-03-25 00:00:00,False
PAT,JAI,S5,HIST-000,Economy,10602,INR,2024-12-14,14,5,12,50,False,True,50,2024-11-30 00:00:00,False
STV,LKO,2T,HIST-000,Economy,5008,INR,2023-01-03,14,1,1,1,False,False,50,2022-12-20 00:00:00,False
PNQ,CCU,2T,HIST-000,Economy,10790,INR,2024-02-02,14,4,2,5,False,False,50,2024-01-19 00:00:00,False
LKO,PNQ,SG,HIST-000,Economy,8942,INR,2024-03-02,14,5,3,9,False,True,50,2024-02-17 00:00:00,False
CCU,BOM,SG,HIST-000,Economy,6709,INR,2025-11-27,14,3,11,48,False,False,50,2025-11-13 00:00:00,False
NAG,HYD,9I,HIST-000,Economy,3098,INR,2025-06-18,14,2,6,25,False,False,50,2025-06-04 00:00:00,False
BBI,BLR,QP,HIST-000,Economy,11048,INR,2025-12-06,14,5,12,49,False,True,50,2025-11-22 00:00:00,False
PNQ,BOM,SG,HIST-000,Economy,6861,INR,2025-08-11,14,0,8,33,False,False,50,2025-07-28 00:00:00,False
MAA,PNQ,AI,HIST-000,Economy,4323,INR,2025-09-25,14,3,9,39,False,False,50,2025-09-11 00:00:00,False
PNQ,LKO,UK,HIST-000,Economy,2720,INR,2023-08-15,14,1,8,33,False,False,50,2023-08-01 00:00:00,False
GOI,PAT,S5,HIST-000,Economy,3287,INR,2023-12-02,14,5,12,48,False,True,50,2023-11-18 00:00:00,False
JAI,GOI,6E,HIST-000,Economy,6449,INR,2023-07-03,14,0,7,27,False,False,50,2023-06-19 00:00:00,False
NAG,RPR,AI,HIST-000,Economy,6690,INR,2023-07-10,14,0,7,28,False,False,50,2023-06-26 00:00:00,False
IDR,GAU,S5,HIST-000,Economy,6517,INR,2025-06-23,14,0,6,26,False,False,50,2025-06-09 00:00:00,False
VNS,PNQ,6E,HIST-000,Economy,10396,INR,2024-07-09,14,1,7,28,False,False,50,2024-06-25 00:00:00,False
PNQ,IDR,QP,HIST-000,Economy,5785,INR,2023-10-04,14,2,10,40,False,False,50,2023-09-20 00:00:00,False
VNS,BBI,AI,HIST-000,Economy,11531,INR,2023-03-09,14,3,3,10,False,False,50,2023-02-23 00:00:00,False
LKO,BLR,I5,HIST-000,Economy,11359,INR,2023-06-28,14,2,6,26,False,False,50,2023-06-14 00:00:00,False
IDR,BBI,AI,HIST-000,Economy,10309,INR,2024-04-26,14,4,4,17,False,False,50,2024-04-12 00:00:00,False
STV,COK,6E,HIST-000,Economy,11844,INR,2023-06-07,14,2,6,23,False,False,50,2023-05-24 00:00:00,False
BBI,IDR,AI,HIST-000,Economy,7487,INR,2025-09-27,14,5,9,39,False,True,50,2025-09-13 00:00:00,False
STV,IDR,AI,HIST-000,Economy,12179,INR,2023-05-27,14,5,5,21,False,True,50,2023-05-13 00:00:00,False
STV,NAG,S5,HIST-000,Economy,3402,INR,2023-12-15,14,4,12,50,False,False,50,2023-12-01 00:00:00,False
COK,NAG,6E,HIST-000,Economy,8985,INR,2023-02-12,14,6,2,6,False,True,50,2023-01-29 00:00:00,False
NAG,GOI,I5,HIST-000,Economy,9390,INR,2025-03-07,14,4,3,10,False,False,50,2025-02-21 00:00:00,False
MAA,COK,2T,HIST-000,Economy,10391,INR,2025-10-26,14,6,10,43,False,True,50,2025-10-12 00:00:00,False
GAU,COK,2T,HIST-000,Economy,10434,INR,2025-10-22,14,2,10,43,False,False,50,2025-10-08 00:00:00,False
BBI,AMD,2T,HIST-000,Economy,6144,INR,2025-06-03,14,1,6,23,False,False,50,2025-05-20 00:00:00,False
DEL,STV,9I,HIST-000,Economy,5395,INR,2023-07-27,14,3,7,30,False,False,50,2023-07-13 00:00:00,False
HYD,BLR,S5,HIST-000,Economy,10440,INR,2023-09-06,14,2,9,36,False,False,50,2023-08-23 00:00:00,False
HYD,JAI,AI,HIST-000,Economy,3860,INR,2025-04-03,14,3,4,14,False,False,50,2025-03-20 00:00:00,False
CCU,RPR,G8,HIST-000,Economy,6742,INR,2023-01-21,14,5,1,3,False,True,50,2023-01-07 00:00:00,False
PNQ,DEL,S5,HIST-000,Economy,12514,INR,2024-02-19,14,0,2,8,False,False,50,2024-02-05 00:00:00,False
PNQ,BLR,2T,HIST-000,Economy,13447,INR,2023-02-11,14,5,2,6,False,True,50,2023-01-28 00:00:00,False
GOI,RPR,SG,HIST-000,Economy,3988,INR,2023-12-12,14,1,12,50,False,False,50,2023-11-28 00:00:00,False
DEL,BLR,G8,HIST-000,Economy,8957,INR,2023-12-21,14,3,12,51,False,False,50,2023-12-07 00:00:00,False
BOM,RPR,I5,HIST-000,Economy,10052,INR,2024-05-25,14,5,5,21,False,True,50,2024-05-11 00:00:00,False
PNQ,NAG,2T,HIST-000,Economy,8269,INR,2023-02-07,14,1,2,6,False,False,50,2023-01-24 00:00:00,False
MAA,NAG,AI,HIST-000,Economy,12445,INR,2023-10-03,14,1,10,40,False,False,50,2023-09-19 00:00:00,False
MAA,PNQ,6E,HIST-000,Economy,11382,INR,2023-07-21,14,4,7,29,False,False,50,2023-07-07 00:00:00,False
RPR,DEL,2T,HIST-000,Economy,4128,INR,2023-05-07,14,6,5,18,False,True,50,2023-04-23 00:00:00,False
DEL,CCU,9I,HIST-000,Economy,9533,INR,2024-04-14,14,6,4,15,False,True,50,2024-03-31 00:00:00,False
AMD,STV,QP,HIST-000,Economy,3322,INR,2025-10-05,14,6,10,40,False,True,50,2025-09-21 00:00:00,False
HYD,BLR,6E,HIST-000,Economy,6792,INR,2025-07-06,14,6,7,27,False,True,50,2025-06-22 00:00:00,False
VNS,GAU,S5,HIST-000,Economy,6702,INR,2024-11-07,14,3,11,45,False,False,50,2024-10-24 00:00:00,False
JAI,CCU,SG,HIST-000,Economy,11475,INR,2025-06-20,14,4,6,25,False,False,50,2025-06-06 00:00:00,False
GOI,BBI,G8,HIST-000,Economy,12502,INR,2024-12-13,14,4,12,50,False,False,50,2024-11-29 00:00:00,False
MAA,PNQ,9I,HIST-000,Economy,15011,INR,2023-08-01,14,1,8,31,False,False,50,2023-07-18 00:00:00,False
DEL,JAI,G8,HIST-000,Economy,4436,INR,2024-09-23,14,0,9,39,False,False,50,2024-09-09 00:00:00,False
BBI,VNS,QP,HIST-000,Economy,7553,INR,2023-02-24,14,4,2,8,False,False,50,2023-02-10 00:00:00,False
STV,DEL,SG,HIST-000,Economy,13874,INR,2025-03-01,14,5,3,9,False,True,50,2025-02-15 00:00:00,False
CCU,HYD,AI,HIST-000,Economy,7979,INR,2023-12-27,14,2,12,52,False,False,50,2023-12-13 00:00:00,False
IDR,GOI,SG,HIST-000,Economy,8321,INR,2024-12-14,14,5,12,50,False,True,50,2024-11-30 00:00:00,False
COK,LKO,9I,HIST-000,Economy,14035,INR,2023-04-22,14,5,4,16,False,True,50,2023-04-08 00:00:00,False
RPR,GOI,I5,HIST-000,Economy,6216,INR,2023-08-22,14,1,8,34,False,False,50,2023-08-08 00:00:00,False
PNQ,BBI,6E,HIST-000,Economy,5361,INR,2025-10-19,14,6,10,42,False,True,50,2025-10-05 00:00:00,False
HYD,PNQ,2T,HIST-000,Economy,11144,INR,2023-10-16,14,0,10,42,False,False,50,2023-10-02 00:00:00,False
BOM,JAI,S5,HIST-000,Economy,9491,INR,2025-04-19,14,5,4,16,False,True,50,2025-04-05 00:00:00,False
GAU,PAT,QP,HIST-000,Economy,12591,INR,2024-04-10,14,2,4,15,False,False,50,2024-03-27 00:00:00,False
AMD,MAA,2T,HIST-000,Economy,7917,INR,2024-06-26,14,2,6,26,False,False,50,2024-06-12 00:00:00,False
CCU,GAU,2T,HIST-000,Economy,15543,INR,2024-03-16,14,5,3,11,False,True,50,2024-03-02 00:00:00,False
JAI,BBI,I5,HIST-000,Economy,7525,INR,2023-09-06,14,2,9,36,False,False,50,2023-08-23 00:00:00,False
NAG,LKO,G8,HIST-000,Economy,4076,INR,2024-03-22,14,4,3,12,False,False,50,2024-03-08 00:00:00,False
LKO,CCU,6E,HIST-000,Economy,6721,INR,2023-04-05,14,2,4,14,False,False,50,2023-03-22 00:00:00,False
COK,PNQ,S5,HIST-000,Economy,12468,INR,2024-09-10,14,1,9,37,False,False,50,2024-08-27 00:00:00,False
VNS,BBI,UK,HIST-000,Economy,8188,INR,2023-06-17,14,5,6,24,False,True,50,2023-06-03 00:00:00,False
BLR,BBI,QP,HIST-000,Economy,5112,INR,2023-04-16,14,6,4,15,False,True,50,2023-04-02 00:00:00,False
COK,BLR,I5,HIST-000,Economy,17540,INR,2023-06-04,14,6,6,22,False,True,50,2023-05-21 00:00:00,False
CCU,GAU,G8,HIST-000,Economy,6413,INR,2025-10-27,14,0,10,44,False,False,50,2025-10-13 00:00:00,False
MAA,IDR,QP,HIST-000,Economy,13218,INR,2023-11-27,14,0,11,48,False,False,50,2023-11-13 00:00:00,False
JAI,RPR,6E,HIST-000,Economy,7797,INR,2024-08-16,14,4,8,33,False,False,50,2024-08-02 00:00:00,False
GOI,BLR,AI,HIST-000,Economy,8768,INR,2023-01-18,14,2,1,3,False,False,50,2023-01-04 00:00:00,False
CCU,LKO,G8,HIST-000,Economy,8581,INR,2023-09-22,14,4,9,38,False,False,50,2023-09-08 00:00:00,False
VNS,COK,9I,HIST-000,Economy,6532,INR,2023-06-09,14,4,6,23,False,False,50,2023-05-26 00:00:00,False
COK,JAI,QP,HIST-000,Economy,5591,INR,2025-01-03,14,4,1,1,False,False,50,2024-12-20 00:00:00,False
AMD,BLR,SG,HIST-000,Economy,13393,INR,2025-08-12,14,1,8,33,False,False,50,2025-07-29 00:00:00,False
HYD,BOM,2T,HIST-000,Economy,5972,INR,2023-07-12,14,2,7,28,False,False,50,2023-06-28 00:00:00,False
VNS,AMD,QP,HIST-000,Economy,8190,INR,2024-05-03,14,4,5,18,False,False,50,2024-04-19 00:00:00,False
STV,VNS,SG,HIST-000,Economy,7514,INR,2023-12-13,14,2,12,50,False,False,50,2023-11-29 00:00:00,False
LKO,IDR,2T,HIST-000,Economy,11838,INR,2025-08-22,14,4,8,34,False,False,50,2025-08-08 00:00:00,False
RPR,BOM,UK,HIST-000,Economy,4904,INR,2024-11-06,14,2,11,45,False,False,50,2024-10-23 00:00:00,False
NAG,JAI,UK,HIST-000,Economy,11767,INR,2023-05-01,14,0,5,18,False,False,50,2023-04-17 00:00:00,False
MAA,GAU,6E,HIST-000,Economy,5699,INR,2024-04-03,14,2,4,14,False,False,50,2024-03-20 00:00:00,False
LKO,GAU,UK,HIST-000,Economy,3794,INR,2024-01-03,14,2,1,1,False,False,50,2023-12-20 00:00:00,False
LKO,BOM,AI,HIST-000,Economy,5453,INR,2025-02-03,14,0,2,6,False,False,50,2025-01-20 00:00:00,False
CCU,BOM,QP,HIST-000,Economy,10363,INR,2025-11-21,14,4,11,47,False,False,50,2025-11-07 00:00:00,False
BLR,VNS,6E,HIST-000,Economy,10702,INR,2024-06-25,14,1,6,26,False,False,50,2024-06-11 00:00:00,False
COK,CCU,2T,HIST-000,Economy,7707,INR,2025-01-17,14,4,1,3,False,False,50,2025-01-03 00:00:00,False
AMD,COK,QP,HIST-000,Economy,14069,INR,2025-07-01,14,1,7,27,False,False,50,2025-06-17 00:00:00,False
AMD,BBI,9I,HIST-000,Economy,4814,INR,2025-10-05,14,6,10,40,False,True,50,2025-09-21 00:00:00,False
LKO,DEL,6E,HIST-000,Economy,6180,INR,2025-09-23,14,1,9,39,False,False,50,2025-09-09 00:00:00,False
RPR,STV,G8,HIST-000,Economy,2574,INR,2025-12-06,14,5,12,49,False,True,50,2025-11-22 00:00:00,False
HYD,PNQ,S5,HIST-000,Economy,4396,INR,2025-10-22,14,2,10,43,False,False,50,2025-10-08 00:00:00,False
CCU,HYD,I5,HIST-000,Economy,5521,INR,2023-07-23,14,6,7,29,False,True,50,2023-07-09 00:00:00,False
COK,BLR,QP,HIST-000,Economy,11655,INR,2024-05-11,14,5,5,19,False,True,50,2024-04-27 00:00:00,False
LKO,IDR,QP,HIST-000,Economy,6499,INR,2024-06-03,14,0,6,23,False,False,50,2024-05-20 00:00:00,False
LKO,RPR,2T,HIST-000,Economy,12221,INR,2023-08-12,14,5,8,32,False,True,50,2023-07-29 00:00:00,False
HYD,DEL,S5,HIST-000,Economy,10202,INR,2025-10-01,14,2,10,40,False,False,50,2025-09-17 00:00:00,False
PAT,NAG,SG,HIST-000,Economy,11827,INR,2023-01-18,14,2,1,3,False,False,50,2023-01-04 00:00:00,False
LKO,COK,2T,HIST-000,Economy,8650,INR,2024-08-14,14,2,8,33,False,False,50,2024-07-31 00:00:00,False
IDR,HYD,6E,HIST-000,Economy,9998,INR,2025-04-26,14,5,4,17,False,True,50,2025-04-12 00:00:00,False
BLR,MAA,AI,HIST-000,Economy,12542,INR,2025-03-18,14,1,3,12,False,False,50,2025-03-04 00:00:00,False
PAT,DEL,QP,HIST-000,Economy,11920,INR,2025-01-12,14,6,1,2,False,True,50,2024-12-29 00:00:00,False
GAU,GOI,UK,HIST-000,Economy,5912,INR,2025-04-21,14,0,4,17,False,False,50,2025-04-07 00:00:00,False
RPR,JAI,I5,HIST-000,Economy,7306,INR,2025-10-04,14,5,10,40,False,True,50,2025-09-20 00:00:00,False
AMD,LKO,UK,HIST-000,Economy,4237,INR,2025-10-14,14,1,10,42,False,False,50,2025-09-30 00:00:00,False
GOI,DEL,G8,HIST-000,Economy,11423,INR,2024-06-13,14,3,6,24,False,False,50,2024-05-30 00:00:00,False
NAG,VNS,6E,HIST-000,Economy,11473,INR,2024-01-20,14,5,1,3,False,True,50,2024-01-06 00:00:00,False
BOM,NAG,QP,HIST-000,Economy,6890,INR,2025-06-25,14,2,6,26,False,False,50,2025-06-11 00:00:00,False
RPR,PAT,2T,HIST-000,Economy,7540,INR,2025-03-10,14,0,3,11,False,False,50,2025-02-24 00:00:00,False
BBI,IDR,2T,HIST-000,Economy,14204,INR,2025-08-06,14,2,8,32,False,False,50,2025-07-23 00:00:00,False
STV,COK,UK,HIST-000,Economy,6003,INR,2025-01-12,14,6,1,2,False,True,50,2024-12-29 00:00:00,False
STV,HYD,SG,HIST-000,Economy,7891,INR,2023-08-08,14,1,8,32,False,False,50,2023-07-25 00:00:00,False
VNS,BBI,G8,HIST-000,Economy,9918,INR,2025-09-04,14,3,9,36,False,False,50,2025-08-21 00:00:00,False
AMD,GOI,G8,HIST-000,Economy,11226,INR,2024-02-10,14,5,2,6,False,True,50,2024-01-27 00:00:00,False
VNS,DEL,QP,HIST-000,Economy,8840,INR,2025-10-23,14,3,10,43,False,False,50,2025-10-09 00:00:00,False
JAI,PNQ,2T,HIST-000,Economy,3474,INR,2025-05-07,14,2,5,19,False,False,50,2025-04-23 00:00:00,False
CCU,COK,6E,HIST-000,Economy,3688,INR,2025-02-20,14,3,2,8,False,False,50,2025-02-06 00:00:00,False
BBI,BOM,S5,HIST-000,Economy,12942,INR,2024-10-16,14,2,10,42,False,False,50,2024-10-02 00:00:00,False
PNQ,DEL,G8,HIST-000,Economy,7681,INR,2024-11-27,14,2,11,48,False,False,50,2024-11-13 00:00:00,False
BBI,MAA,6E,HIST-000,Economy,7095,INR,2025-06-12,14,3,6,24,False,False,50,2025-05-29 00:00:00,False
HYD,PNQ,6E,HIST-000,Economy,15152,INR,2023-05-14,14,6,5,19,False,True,50,2023-04-30 00:00:00,False
IDR,AMD,SG,HIST-000,Economy,14858,INR,2024-07-05,14,4,7,27,False,False,50,2024-06-21 00:00:00,False
GOI,STV,9I,HIST-000,Economy,11039,INR,2023-10-12,14,3,10,41,False,False,50,2023-09-28 00:00:00,False
BOM,STV,G8,HIST-000,Economy,8960,INR,2025-04-15,14,1,4,16,False,False,50,2025-04-01 00:00:00,False
MAA,HYD,9I,HIST-000,Economy,3765,INR,2025-02-24,14,0,2,9,False,False,50,2025-02-10 00:00:00,False
VNS,PAT,G8,HIST-000,Economy,8207,INR,2025-03-04,14,1,3,10,False,False,50,2025-02-18 00:00:00,False
CCU,DEL,SG,HIST-000,Economy,10370,INR,2023-08-10,14,3,8,32,False,False,50,2023-07-27 00:00:00,False
NAG,BLR,2T,HIST-000,Economy,4084,INR,2025-12-26,14,4,12,52,False,False,50,2025-12-12 00:00:00,False
HYD,VNS,2T,HIST-000,Economy,8589,INR,2025-02-26,14,2,2,9,False,False,50,2025-02-12 00:00:00,False
AMD,CCU,SG,HIST-000,Economy,8640,INR,2025-07-02,14,2,7,27,False,False,50,2025-06-18 00:00:00,False
NAG,COK,SG,HIST-000,Economy,7191,INR,2025-12-02,14,1,12,49,False,False,50,2025-11-18 00:00:00,False
LKO,HYD,AI,HIST-000,Economy,7120,INR,2023-05-24,14,2,5,21,False,False,50,2023-05-10 00:00:00,False
GAU,RPR,G8,HIST-000,Economy,7798,INR,2025-08-02,14,5,8,31,False,True,50,2025-07-19 00:00:00,False
GAU,STV,SG,HIST-000,Economy,7418,INR,2024-04-22,14,0,4,17,False,False,50,2024-04-08 00:00:00,False
IDR,AMD,G8,HIST-000,Economy,13601,INR,2025-05-21,14,2,5,21,False,False,50,2025-05-07 00:00:00,False
STV,COK,QP,HIST-000,Economy,10532,INR,2025-01-05,14,6,1,1,False,True,50,2024-12-22 00:00:00,False
DEL,LKO,QP,HIST-000,Economy,6111,INR,2023-04-18,14,1,4,16,False,False,50,2023-04-04 00:00:00,False
DEL,BOM,I5,HIST-000,Economy,12021,INR,2025-10-07,14,1,10,41,False,False,50,2025-09-23 00:00:00,False
CCU,STV,AI,HIST-000,Economy,3222,INR,2025-10-06,14,0,10,41,False,False,50,2025-09-22 00:00:00,False
BOM,COK,6E,HIST-000,Economy,5984,INR,2023-01-07,14,5,1,1,False,True,50,2022-12-24 00:00:00,False
COK,BLR,UK,HIST-000,Economy,7258,INR,2025-03-26,14,2,3,13,False,False,50,2025-03-12 00:00:00,False
RPR,VNS,AI,HIST-000,Economy,15386,INR,2023-04-23,14,6,4,16,False,True,50,2023-04-09 00:00:00,False
HYD,BBI,AI,HIST-000,Economy,7080,INR,2023-12-08,14,4,12,49,False,False,50,2023-11-24 00:00:00,False
MAA,HYD,6E,HIST-000,Economy,10922,INR,2025-02-15,14,5,2,7,False,True,50,2025-02-01 00:00:00,False
GOI,PNQ,2T,HIST-000,Economy,13723,INR,2024-01-07,14,6,1,1,False,True,50,2023-12-24 00:00:00,False
GAU,NAG,AI,HIST-000,Economy,4372,INR,2023-10-26,14,3,10,43,False,False,50,2023-10-12 00:00:00,False
BLR,STV,AI,HIST-000,Economy,14086,INR,2023-04-07,14,4,4,14,False,False,50,2023-03-24 00:00:00,False
RPR,BOM,UK,HIST-000,Economy,15338,INR,2023-09-15,14,4,9,37,False,False,50,2023-09-01 00:00:00,False
BLR,BBI,I5,HIST-000,Economy,10585,INR,2024-07-20,14,5,7,29,False,True,50,2024-07-06 00:00:00,False
RPR,DEL,QP,HIST-000,Economy,14298,INR,2023-11-16,14,3,11,46,False,False,50,2023-11-02 00:00:00,False
HYD,GAU,2T,HIST-000,Economy,8350,INR,2023-05-13,14,5,5,19,False,True,50,2023-04-29 00:00:00,False
BOM,IDR,6E,HIST-000,Economy,6013,INR,2025-04-11,14,4,4,15,False,False,50,2025-03-28 00:00:00,False
PNQ,COK,SG,HIST-000,Economy,9651,INR,2025-11-22,14,5,11,47,False,True,50,2025-11-08 00:00:00,False
PNQ,PAT,SG,HIST-000,Economy,14264,INR,2025-03-21,14,4,3,12,False,False,50,2025-03-07 00:00:00,False
JAI,GOI,6E,HIST-000,Economy,13328,INR,2023-11-19,14,6,11,46,False,True,50,2023-11-05 00:00:00,False
AMD,NAG,UK,HIST-000,Economy,14770,INR,2023-09-13,14,2,9,37,False,False,50,2023-08-30 00:00:00,False
VNS,GOI,QP,HIST-000,Economy,15923,INR,2023-11-19,14,6,11,46,False,True,50,2023-11-05 00:00:00,False
IDR,STV,QP,HIST-000,Economy,12608,INR,2024-03-06,14,2,3,10,False,False,50,2024-02-21 00:00:00,False
VNS,STV,UK,HIST-000,Economy,5375,INR,2025-07-18,14,4,7,29,False,False,50,2025-07-04 00:00:00,False
PNQ,COK,AI,HIST-000,Economy,5049,INR,2023-04-16,14,6,4,15,False,True,50,2023-04-02 00:00:00,False
LKO,STV,6E,HIST-000,Economy,10911,INR,2024-11-10,14,6,11,45,False,True,50,2024-10-27 00:00:00,False
DEL,VNS,9I,HIST-000,Economy,7221,INR,2023-06-20,14,1,6,25,False,False,50,2023-06-06 00:00:00,False
NAG,MAA,6E,HIST-000,Economy,5298,INR,2025-10-11,14,5,10,41,False,True,50,2025-09-27 00:00:00,False
BBI,CCU,SG,HIST-000,Economy,6344,INR,2025-07-27,14,6,7,30,False,True,50,2025-07-13 00:00:00,False
PAT,RPR,2T,HIST-000,Economy,6572,INR,2024-10-20,14,6,10,42,False,True,50,2024-10-06 00:00:00,False
GOI,JAI,AI,HIST-000,Economy,13093,INR,2023-06-22,14,3,6,25,False,False,50,2023-06-08 00:00:00,False
MAA,IDR,QP,HIST-000,Economy,8338,INR,2023-02-27,14,0,2,9,False,False,50,2023-02-13 00:00:00,False
PNQ,DEL,9I,HIST-000,Economy,5657,INR,2024-04-25,14,3,4,17,False,False,50,2024-04-11 00:00:00,False
BOM,AMD,S5,HIST-000,Economy,7682,INR,2024-06-16,14,6,6,24,False,True,50,2024-06-02 00:00:00,False
PAT,JAI,9I,HIST-000,Economy,10164,INR,2023-09-05,14,1,9,36,False,False,50,2023-08-22 00:00:00,False
BLR,NAG,2T,HIST-000,Economy,4883,INR,2024-12-18,14,2,12,51,False,False,50,2024-12-04 00:00:00,False
IDR,PAT,UK,HIST-000,Economy,13692,INR,2023-05-01,14,0,5,18,False,False,50,2023-04-17 00:00:00,False
RPR,LKO,G8,HIST-000,Economy,6385,INR,2024-03-01,14,4,3,9,False,False,50,2024-02-16 00:00:00,False
JAI,BOM,S5,HIST-000,Economy,11648,INR,2025-08-15,14,4,8,33,False,False,50,2025-08-01 00:00:00,False
RPR,DEL,QP,HIST-000,Economy,6149,INR,2024-10-17,14,3,10,42,False,False,50,2024-10-03 00:00:00,False
PNQ,BLR,9I,HIST-000,Economy,4749,INR,2025-01-21,14,1,1,4,False,False,50,2025-01-07 00:00:00,False
MAA,GAU,QP,HIST-000,Economy,10235,INR,2025-11-18,14,1,11,47,False,False,50,2025-11-04 00:00:00,False
LKO,GOI,S5,HIST-000,Economy,9412,INR,2024-06-26,14,2,6,26,False,False,50,2024-06-12 00:00:00,False
GOI,NAG,QP,HIST-000,Economy,12887,INR,2023-08-11,14,4,8,32,False,False,50,2023-07-28 00:00:00,False
PNQ,BOM,QP,HIST-000,Economy,4826,INR,2024-05-01,14,2,5,18,False,False,50,2024-04-17 00:00:00,False
COK,NAG,SG,HIST-000,Economy,8065,INR,2023-07-06,14,3,7,27,False,False,50,2023-06-22 00:00:00,False
NAG,HYD,SG,HIST-000,Economy,9434,INR,2023-01-02,14,0,1,1,False,False,50,2022-12-19 00:00:00,False
STV,BLR,UK,HIST-000,Economy,12124,INR,2025-11-14,14,4,11,46,False,False,50,2025-10-31 00:00:00,False
JAI,BBI,6E,HIST-000,Economy,13828,INR,2023-05-01,14,0,5,18,False,False,50,2023-04-17 00:00:00,False
CCU,JAI,AI,HIST-000,Economy,12851,INR,2023-08-16,14,2,8,33,False,False,50,2023-08-02 00:00:00,False
NAG,VNS,AI,HIST-000,Economy,8367,INR,2024-08-25,14,6,8,34,False,True,50,2024-08-11 00:00:00,False
JAI,STV,AI,HIST-000,Economy,7950,INR,2025-07-19,14,5,7,29,False,True,50,2025-07-05 00:00:00,False
RPR,NAG,6E,HIST-000,Economy,6438,INR,2024-10-15,14,1,10,42,False,False,50,2024-10-01 00:00:00,False
JAI,RPR,SG,HIST-000,Economy,14968,INR,2024-08-19,14,0,8,34,False,False,50,2024-08-05 00:00:00,False
PNQ,STV,6E,HIST-000,Economy,5192,INR,2023-01-06,14,4,1,1,False,False,50,2022-12-23 00:00:00,False
JAI,BOM,2T,HIST-000,Economy,10579,INR,2023-10-06,14,4,10,40,False,False,50,2023-09-22 00:00:00,False
AMD,DEL,QP,HIST-000,Economy,12908,INR,2023-02-01,14,2,2,5,False,False,50,2023-01-18 00:00:00,False
VNS,NAG,QP,HIST-000,Economy,4197,INR,2023-07-22,14,5,7,29,False,True,50,2023-07-08 00:00:00,False
GOI,DEL,6E,HIST-000,Economy,8818,INR,2024-12-12,14,3,12,50,False,False,50,2024-11-28 00:00:00,False
AMD,COK,2T,HIST-000,Economy,9836,INR,2024-08-20,14,1,8,34,False,False,50,2024-08-06 00:00:00,False
GOI,BLR,G8,HIST-000,Economy,9233,INR,2023-09-05,14,1,9,36,False,False,50,2023-08-22 00:00:00,False
JAI,DEL,6E,HIST-000,Economy,6861,INR,2023-07-12,14,2,7,28,False,False,50,2023-06-28 00:00:00,False
AMD,NAG,AI,HIST-000,Economy,12161,INR,2024-03-26,14,1,3,13,False,False,50,2024-03-12 00:00:00,False
PAT,AMD,AI,HIST-000,Economy,5961,INR,2023-03-14,14,1,3,11,False,False,50,2023-02-28 00:00:00,False
BLR,AMD,SG,HIST-000,Economy,5567,INR,2024-01-17,14,2,1,3,False,False,50,2024-01-03 00:00:00,False
JAI,AMD,AI,HIST-000,Economy,9507,INR,2025-08-17,14,6,8,33,False,True,50,2025-08-03 00:00:00,False
JAI,BOM,UK,HIST-000,Economy,13379,INR,2024-01-25,14,3,1,4,False,False,50,2024-01-11 00:00:00,False
LKO,MAA,UK,HIST-000,Economy,5446,INR,2023-03-19,14,6,3,11,False,True,50,2023-03-05 00:00:00,False
GAU,HYD,9I,HIST-000,Economy,15230,INR,2025-09-25,14,3,9,39,False,False,50,2025-09-11 00:00:00,False
BOM,IDR,UK,HIST-000,Economy,8716,INR,2024-10-21,14,0,10,43,False,False,50,2024-10-07 00:00:00,False
GOI,BOM,6E,HIST-000,Economy,8914,INR,2024-03-19,14,1,3,12,False,False,50,2024-03-05 00:00:00,False
GOI,VNS,2T,HIST-000,Economy,13361,INR,2025-01-13,14,0,1,3,False,False,50,2024-12-30 00:00:00,False
GAU,IDR,G8,HIST-000,Economy,12549,INR,2024-10-10,14,3,10,41,False,False,50,2024-09-26 00:00:00,False
MAA,CCU,2T,HIST-000,Economy,5457,INR,2023-06-19,14,0,6,25,False,False,50,2023-06-05 00:00:00,False
AMD,STV,S5,HIST-000,Economy,2986,INR,2023-04-09,14,6,4,14,False,True,50,2023-03-26 00:00:00,False
JAI,PAT,9I,HIST-000,Economy,5225,INR,2024-07-14,14,6,7,28,False,True,50,2024-06-30 00:00:00,False
STV,COK,S5,HIST-000,Economy,6485,INR,2025-03-01,14,5,3,9,False,True,50,2025-02-15 00:00:00,False
CCU,COK,UK,HIST-000,Economy,9970,INR,2023-06-16,14,4,6,24,False,False,50,2023-06-02 00:00:00,False
DEL,GAU,S5,HIST-000,Economy,8254,INR,2024-12-01,14,6,12,48,False,True,50,2024-11-17 00:00:00,False
BBI,BOM,9I,HIST-000,Economy,6855,INR,2023-03-15,14,2,3,11,False,False,50,2023-03-01 00:00:00,False
BLR,GOI,AI,HIST-000,Economy,8204,INR,2023-01-13,14,4,1,2,False,False,50,2022-12-30 00:00:00,False
CCU,GOI,AI,HIST-000,Economy,8252,INR,2025-10-05,14,6,10,40,False,True,50,2025-09-21 00:00:00,False
MAA,CCU,2T,HIST-000,Economy,14942,INR,2025-09-19,14,4,9,38,False,False,50,2025-09-05 00:00:00,False
STV,JAI,2T,HIST-000,Economy,5231,INR,2025-11-08,14,5,11,45,False,True,50,2025-10-25 00:00:00,False
CCU,GOI,G8,HIST-000,Economy,11520,INR,2025-12-22,14,0,12,52,False,False,50,2025-12-08 00:00:00,False
DEL,HYD,QP,HIST-000,Economy,3807,INR,2023-06-16,14,4,6,24,False,False,50,2023-06-02 00:00:00,False
PNQ,DEL,QP,HIST-000,Economy,9310,INR,2023-02-17,14,4,2,7,False,False,50,2023-02-03 00:00:00,False
GOI,CCU,UK,HIST-000,Economy,12199,INR,2023-02-14,14,1,2,7,False,False,50,2023-01-31 00:00:00,False
AMD,HYD,9I,HIST-000,Economy,2813,INR,2023-02-18,14,5,2,7,False,True,50,2023-02-04 00:00:00,False
HYD,COK,2T,HIST-000,Economy,15706,INR,2024-11-20,14,2,11,47,False,False,50,2024-11-06 00:00:00,False
BLR,HYD,2T,HIST-000,Economy,7654,INR,2024-09-21,14,5,9,38,False,True,50,2024-09-07 00:00:00,False
STV,CCU,SG,HIST-000,Economy,7914,INR,2024-09-24,14,1,9,39,False,False,50,2024-09-10 00:00:00,False
AMD,GOI,G8,HIST-000,Economy,8998,INR,2024-06-15,14,5,6,24,False,True,50,2024-06-01 00:00:00,False
DEL,IDR,S5,HIST-000,Economy,13411,INR,2023-10-17,14,1,10,42,False,False,50,2023-10-03 00:00:00,False
PNQ,DEL,QP,HIST-000,Economy,12928,INR,2024-10-13,14,6,10,41,False,True,50,2024-09-29 00:00:00,False
RPR,IDR,9I,HIST-000,Economy,9658,INR,2025-04-20,14,6,4,16,False,True,50,2025-04-06 00:00:00,False
HYD,COK,AI,HIST-000,Economy,9355,INR,2025-10-12,14,6,10,41,False,True,50,2025-09-28 00:00:00,False
BLR,LKO,G8,HIST-000,Economy,6685,INR,2025-05-16,14,4,5,20,False,False,50,2025-05-02 00:00:00,False
BLR,PNQ,UK,HIST-000,Economy,5297,INR,2024-12-17,14,1,12,51,False,False,50,2024-12-03 00:00:00,False
DEL,HYD,2T,HIST-000,Economy,10347,INR,2025-04-03,14,3,4,14,False,False,50,2025-03-20 00:00:00,False
MAA,PAT,QP,HIST-000,Economy,6650,INR,2025-08-25,14,0,8,35,False,False,50,2025-08-11 00:00:00,False
NAG,PNQ,AI,HIST-000,Economy,10192,INR,2025-08-16,14,5,8,33,False,True,50,2025-08-02 00:00:00,False
PNQ,IDR,2T,HIST-000,Economy,13849,INR,2025-01-08,14,2,1,2,False,False,50,2024-12-25 00:00:00,False
IDR,DEL,G8,HIST-000,Economy,8135,INR,2023-02-24,14,4,2,8,False,False,50,2023-02-10 00:00:00,False
CCU,STV,G8,HIST-000,Economy,14117,INR,2023-01-01,14,6,1,52,False,True,50,2022-12-18 00:00:00,False
BLR,PAT,UK,HIST-000,Economy,11866,INR,2024-10-16,14,2,10,42,False,False,50,2024-10-02 00:00:00,False
NAG,RPR,G8,HIST-000,Economy,9358,INR,2024-03-06,14,2,3,10,False,False,50,2024-02-21 00:00:00,False
DEL,AMD,AI,HIST-000,Economy,6041,INR,2023-08-21,14,0,8,34,False,False,50,2023-08-07 00:00:00,False
DEL,COK,UK,HIST-000,Economy,6140,INR,2024-12-26,14,3,12,52,False,False,50,2024-12-12 00:00:00,False
BLR,MAA,SG,HIST-000,Economy,14455,INR,2023-03-01,14,2,3,9,False,False,50,2023-02-15 00:00:00,False
BBI,IDR,QP,HIST-000,Economy,7155,INR,2023-10-09,14,0,10,41,False,False,50,2023-09-25 00:00:00,False
LKO,BBI,6E,HIST-000,Economy,4728,INR,2025-08-07,14,3,8,32,False,False,50,2025-07-24 00:00:00,False
BOM,STV,G8,HIST-000,Economy,13225,INR,2024-08-22,14,3,8,34,False,False,50,2024-08-08 00:00:00,False
BOM,PAT,9I,HIST-000,Economy,6932,INR,2024-03-21,14,3,3,12,False,False,50,2024-03-07 00:00:00,False
PNQ,AMD,I5,HIST-000,Economy,5070,INR,2023-05-02,14,1,5,18,False,False,50,2023-04-18 00:00:00,False
AMD,RPR,I5,HIST-000,Economy,6699,INR,2025-06-27,14,4,6,26,False,False,50,2025-06-13 00:00:00,False
HYD,MAA,S5,HIST-000,Economy,9355,INR,2024-04-24,14,2,4,17,False,False,50,2024-04-10 00:00:00,False
BBI,AMD,AI,HIST-000,Economy,9791,INR,2025-08-25,14,0,8,35,False,False,50,2025-08-11 00:00:00,False
COK,DEL,S5,HIST-000,Economy,4236,INR,2024-05-16,14,3,5,20,False,False,50,2024-05-02 00:00:00,False
MAA,BBI,S5,HIST-000,Economy,3621,INR,2024-01-24,14,2,1,4,False,False,50,2024-01-10 00:00:00,False
COK,PAT,9I,HIST-000,Economy,12439,INR,2023-07-05,14,2,7,27,False,False,50,2023-06-21 00:00:00,False
NAG,LKO,2T,HIST-000,Economy,14542,INR,2024-05-23,14,3,5,21,False,False,50,2024-05-09 00:00:00,False
PNQ,NAG,I5,HIST-000,Economy,12886,INR,2023-10-20,14,4,10,42,False,False,50,2023-10-06 00:00:00,False
MAA,LKO,AI,HIST-000,Economy,9315,INR,2024-02-19,14,0,2,8,False,False,50,2024-02-05 00:00:00,False
GOI,RPR,6E,HIST-000,Economy,6951,INR,2024-06-16,14,6,6,24,False,True,50,2024-06-02 00:00:00,False
PNQ,MAA,2T,HIST-000,Economy,7996,INR,2024-12-23,14,0,12,52,False,False,50,2024-12-09 00:00:00,False
CCU,BBI,AI,HIST-000,Economy,5431,INR,2025-07-22,14,1,7,30,False,False,50,2025-07-08 00:00:00,False
VNS,BLR,S5,HIST-000,Economy,9430,INR,2023-06-28,14,2,6,26,False,False,50,2023-06-14 00:00:00,False
BBI,STV,2T,HIST-000,Economy,6186,INR,2025-01-10,14,4,1,2,False,False,50,2024-12-27 00:00:00,False
RPR,VNS,G8,HIST-000,Economy,10063,INR,2023-12-18,14,0,12,51,False,False,50,2023-12-04 00:00:00,False
BBI,PNQ,UK,HIST-000,Economy,3396,INR,2024-07-26,14,4,7,30,False,False,50,2024-07-12 00:00:00,False
HYD,GAU,6E,HIST-000,Economy,7119,INR,2025-08-24,14,6,8,34,False,True,50,2025-08-10 00:00:00,False
RPR,AMD,2T,HIST-000,Economy,10521,INR,2025-07-16,14,2,7,29,False,False,50,2025-07-02 00:00:00,False
GOI,AMD,G8,HIST-000,Economy,8481,INR,2023-11-25,14,5,11,47,False,True,50,2023-11-11 00:00:00,False
LKO,BLR,9I,HIST-000,Economy,12331,INR,2024-04-22,14,0,4,17,False,False,50,2024-04-08 00:00:00,False
PAT,BBI,I5,HIST-000,Economy,6160,INR,2024-09-26,14,3,9,39,False,False,50,2024-09-12 00:00:00,False
GOI,MAA,2T,HIST-000,Economy,12984,INR,2023-09-13,14,2,9,37,False,False,50,2023-08-30 00:00:00,False
HYD,BBI,9I,HIST-000,Economy,14808,INR,2025-01-04,14,5,1,1,False,True,50,2024-12-21 00:00:00,False
JAI,VNS,AI,HIST-000,Economy,9139,INR,2025-08-26,14,1,8,35,False,False,50,2025-08-12 00:00:00,False
PAT,MAA,SG,HIST-000,Economy,5311,INR,2023-12-10,14,6,12,49,False,True,50,2023-11-26 00:00:00,False
BLR,AMD,6E,HIST-000,Economy,11051,INR,2024-01-04,14,3,1,1,False,False,50,2023-12-21 00:00:00,False
CCU,STV,G8,HIST-000,Economy,8501,INR,2023-05-23,14,1,5,21,False,False,50,2023-05-09 00:00:00,False
PAT,HYD,I5,HIST-000,Economy,9366,INR,2024-03-18,14,0,3,12,False,False,50,2024-03-04 00:00:00,False
HYD,JAI,QP,HIST-000,Economy,7534,INR,2025-01-03,14,4,1,1,False,False,50,2024-12-20 00:00:00,False
PNQ,LKO,2T,HIST-000,Economy,16115,INR,2024-11-10,14,6,11,45,False,True,50,2024-10-27 00:00:00,False
IDR,JAI,6E,HIST-000,Economy,3952,INR,2024-03-01,14,4,3,9,False,False,50,2024-02-16 00:00:00,False
LKO,COK,I5,HIST-000,Economy,12154,INR,2024-06-28,14,4,6,26,False,False,50,2024-06-14 00:00:00,False
BBI,VNS,2T,HIST-000,Economy,14137,INR,2025-04-06,14,6,4,14,False,True,50,2025-03-23 00:00:00,False
GOI,COK,S5,HIST-000,Economy,16562,INR,2023-05-18,14,3,5,20,False,False,50,2023-05-04 00:00:00,False
CCU,JAI,G8,HIST-000,Economy,2792,INR,2024-01-14,14,6,1,2,False,True,50,2023-12-31 00:00:00,False
AMD,GOI,UK,HIST-000,Economy,13440,INR,2024-09-05,14,3,9,36,False,False,50,2024-08-22 00:00:00,False
JAI,RPR,S5,HIST-000,Economy,8086,INR,2025-04-05,14,5,4,14,False,True,50,2025-03-22 00:00:00,False
PNQ,BBI,6E,HIST-000,Economy,12950,INR,2025-03-23,14,6,3,12,False,True,50,2025-03-09 00:00:00,False
VNS,RPR,S5,HIST-000,Economy,4557,INR,2024-09-26,14,3,9,39,False,False,50,2024-09-12 00:00:00,False
BBI,AMD,9I,HIST-000,Economy,7798,INR,2023-12-08,14,4,12,49,False,False,50,2023-11-24 00:00:00,False
BBI,HYD,9I,HIST-000,Economy,11653,INR,2025-12-22,14,0,12,52,False,False,50,2025-12-08 00:00:00,False
BOM,CCU,QP,HIST-000,Economy,14948,INR,2024-04-18,14,3,4,16,False,False,50,2024-04-04 00:00:00,False
DEL,AMD,AI,HIST-000,Economy,6169,INR,2025-11-05,14,2,11,45,False,False,50,2025-10-22 00:00:00,False
AMD,NAG,AI,HIST-000,Economy,9766,INR,2023-05-11,14,3,5,19,False,False,50,2023-04-27 00:00:00,False
STV,GOI,G8,HIST-000,Economy,13475,INR,2025-07-18,14,4,7,29,False,False,50,2025-07-04 00:00:00,False
RPR,COK,6E,HIST-000,Economy,9813,INR,2023-08-06,14,6,8,31,False,True,50,2023-07-23 00:00:00,False
GOI,RPR,G8,HIST-000,Economy,9744,INR,2023-10-13,14,4,10,41,False,False,50,2023-09-29 00:00:00,False
JAI,VNS,9I,HIST-000,Economy,4422,INR,2024-02-13,14,1,2,7,False,False,50,2024-01-30 00:00:00,False
AMD,IDR,9I,HIST-000,Economy,3900,INR,2024-08-28,14,2,8,35,False,False,50,2024-08-14 00:00:00,False
IDR,BLR,SG,HIST-000,Economy,8598,INR,2025-12-28,14,6,12,52,False,True,50,2025-12-14 00:00:00,False
STV,PNQ,SG,HIST-000,Economy,3967,INR,2025-05-21,14,2,5,21,False,False,50,2025-05-07 00:00:00,False
NAG,COK,G8,HIST-000,Economy,7186,INR,2024-09-26,14,3,9,39,False,False,50,2024-09-12 00:00:00,False
GAU,PNQ,QP,HIST-000,Economy,9598,INR,2024-12-15,14,6,12,50,False,True,50,2024-12-01 00:00:00,False
BOM,AMD,AI,HIST-000,Economy,11356,INR,2023-02-24,14,4,2,8,False,False,50,2023-02-10 00:00:00,False
DEL,AMD,9I,HIST-000,Economy,13067,INR,2023-08-26,14,5,8,34,False,True,50,2023-08-12 00:00:00,False
DEL,AMD,S5,HIST-000,Economy,10661,INR,2024-07-22,14,0,7,30,False,False,50,2024-07-08 00:00:00,False
GAU,IDR,S5,HIST-000,Economy,8960,INR,2024-07-10,14,2,7,28,False,False,50,2024-06-26 00:00:00,False
COK,IDR,I5,HIST-000,Economy,14604,INR,2023-07-03,14,0,7,27,False,False,50,2023-06-19 00:00:00,False
HYD,VNS,2T,HIST-000,Economy,14147,INR,2023-11-24,14,4,11,47,False,False,50,2023-11-10 00:00:00,False
CCU,GOI,I5,HIST-000,Economy,11473,INR,2025-02-10,14,0,2,7,False,False,50,2025-01-27 00:00:00,False
DEL,PNQ,QP,HIST-000,Economy,5658,INR,2024-09-08,14,6,9,36,False,True,50,2024-08-25 00:00:00,False
BBI,JAI,9I,HIST-000,Economy,10014,INR,2024-04-10,14,2,4,15,False,False,50,2024-03-27 00:00:00,False
LKO,VNS,2T,HIST-000,Economy,13480,INR,2025-11-28,14,4,11,48,False,False,50,2025-11-14 00:00:00,False
GOI,BLR,UK,HIST-000,Economy,10724,INR,2024-08-10,14,5,8,32,False,True,50,2024-07-27 00:00:00,False
STV,VNS,S5,HIST-000,Economy,10430,INR,2024-07-07,14,6,7,27,False,True,50,2024-06-23 00:00:00,False
HYD,IDR,2T,HIST-000,Economy,13214,INR,2025-11-15,14,5,11,46,False,True,50,2025-11-01 00:00:00,False
LKO,CCU,SG,HIST-000,Economy,9270,INR,2024-06-06,14,3,6,23,False,False,50,2024-05-23 00:00:00,False
CCU,RPR,UK,HIST-000,Economy,7253,INR,2024-05-22,14,2,5,21,False,False,50,2024-05-08 00:00:00,False
MAA,GOI,S5,HIST-000,Economy,12330,INR,2024-07-10,14,2,7,28,False,False,50,2024-06-26 00:00:00,False
MAA,STV,2T,HIST-000,Economy,9005,INR,2025-03-23,14,6,3,12,False,True,50,2025-03-09 00:00:00,False
BOM,PNQ,2T,HIST-000,Economy,7860,INR,2023-11-22,14,2,11,47,False,False,50,2023-11-08 00:00:00,False
GAU,VNS,6E,HIST-000,Economy,17773,INR,2024-06-02,14,6,6,22,False,True,50,2024-05-19 00:00:00,False
PAT,MAA,AI,HIST-000,Economy,4568,INR,2023-06-22,14,3,6,25,False,False,50,2023-06-08 00:00:00,False
COK,LKO,6E,HIST-000,Economy,12441,INR,2024-06-21,14,4,6,25,False,False,50,2024-06-07 00:00:00,False
HYD,BOM,6E,HIST-000,Economy,3578,INR,2025-09-11,14,3,9,37,False,False,50,2025-08-28 00:00:00,False
PNQ,HYD,2T,HIST-000,Economy,8355,INR,2023-11-20,14,0,11,47,False,False,50,2023-11-06 00:00:00,False
COK,GOI,UK,HIST-000,Economy,4664,INR,2023-11-08,14,2,11,45,False,False,50,2023-10-25 00:00:00,False
LKO,DEL,AI,HIST-000,Economy,11576,INR,2025-04-05,14,5,4,14,False,True,50,2025-03-22 00:00:00,False
DEL,AMD,G8,HIST-000,Economy,2812,INR,2025-10-14,14,1,10,42,False,False,50,2025-09-30 00:00:00,False
DEL,GAU,UK,HIST-000,Economy,8636,INR,2024-12-13,14,4,12,50,False,False,50,2024-11-29 00:00:00,False
GOI,COK,SG,HIST-000,Economy,10887,INR,2023-06-06,14,1,6,23,False,False,50,2023-05-23 00:00:00,False
GAU,MAA,I5,HIST-000,Economy,5923,INR,2024-11-27,14,2,11,48,False,False,50,2024-11-13 00:00:00,False
CCU,BLR,6E,HIST-000,Economy,7107,INR,2023-03-04,14,5,3,9,False,True,50,2023-02-18 00:00:00,False
MAA,PNQ,QP,HIST-000,Economy,10119,INR,2023-04-19,14,2,4,16,False,False,50,2023-04-05 00:00:00,False
COK,LKO,QP,HIST-000,Economy,11843,INR,2025-05-22,14,3,5,21,False,False,50,2025-05-08 00:00:00,False
NAG,STV,I5,HIST-000,Economy,11959,INR,2025-09-23,14,1,9,39,False,False,50,2025-09-09 00:00:00,False
BOM,LKO,9I,HIST-000,Economy,7801,INR,2024-03-07,14,3,3,10,False,False,50,2024-02-22 00:00:00,False
DEL,PNQ,AI,HIST-000,Economy,10076,INR,2023-11-05,14,6,11,44,False,True,50,2023-10-22 00:00:00,False
NAG,BBI,2T,HIST-000,Economy,11777,INR,2025-06-20,14,4,6,25,False,False,50,2025-06-06 00:00:00,False
AMD,GAU,AI,HIST-000,Economy,7281,INR,2025-11-12,14,2,11,46,False,False,50,2025-10-29 00:00:00,False
NAG,GOI,SG,HIST-000,Economy,8978,INR,2025-07-15,14,1,7,29,False,False,50,2025-07-01 00:00:00,False
PAT,LKO,2T,HIST-000,Economy,9661,INR,2025-02-26,14,2,2,9,False,False,50,2025-02-12 00:00:00,False
JAI,IDR,6E,HIST-000,Economy,12999,INR,2025-01-24,14,4,1,4,False,False,50,2025-01-10 00:00:00,False
BBI,GAU,QP,HIST-000,Economy,9914,INR,2023-06-17,14,5,6,24,False,True,50,2023-06-03 00:00:00,False
AMD,GAU,I5,HIST-000,Economy,15088,INR,2025-06-24,14,1,6,26,False,False,50,2025-06-10 00:00:00,False
LKO,HYD,9I,HIST-000,Economy,13169,INR,2023-09-24,14,6,9,38,False,True,50,2023-09-10 00:00:00,False
NAG,GAU,SG,HIST-000,Economy,6615,INR,2023-08-12,14,5,8,32,False,True,50,2023-07-29 00:00:00,False
VNS,BOM,6E,HIST-000,Economy,11336,INR,2023-09-27,14,2,9,39,False,False,50,2023-09-13 00:00:00,False
PAT,BOM,QP,HIST-000,Economy,10524,INR,2023-07-11,14,1,7,28,False,False,50,2023-06-27 00:00:00,False
PNQ,MAA,6E,HIST-000,Economy,14357,INR,2023-07-14,14,4,7,28,False,False,50,2023-06-30 00:00:00,False
GAU,PAT,S5,HIST-000,Economy,10298,INR,2024-10-22,14,1,10,43,False,False,50,2024-10-08 00:00:00,False
NAG,CCU,6E,HIST-000,Economy,8913,INR,2025-12-16,14,1,12,51,False,False,50,2025-12-02 00:00:00,False
MAA,GAU,AI,HIST-000,Economy,7203,INR,2025-04-17,14,3,4,16,False,False,50,2025-04-03 00:00:00,False
JAI,LKO,9I,HIST-000,Economy,12653,INR,2025-03-19,14,2,3,12,False,False,50,2025-03-05 00:00:00,False
BLR,VNS,9I,HIST-000,Economy,10646,INR,2023-07-08,14,5,7,27,False,True,50,2023-06-24 00:00:00,False
BLR,PNQ,I5,HIST-000,Economy,4400,INR,2025-11-13,14,3,11,46,False,False,50,2025-10-30 00:00:00,False
BLR,PAT,6E,HIST-000,Economy,11533,INR,2023-12-12,14,1,12,50,False,False,50,2023-11-28 00:00:00,False
PNQ,RPR,2T,HIST-000,Economy,7559,INR,2024-10-26,14,5,10,43,False,True,50,2024-10-12 00:00:00,False
PNQ,AMD,QP,HIST-000,Economy,9991,INR,2024-02-27,14,1,2,9,False,False,50,2024-02-13 00:00:00,False
AMD,HYD,2T,HIST-000,Economy,11517,INR,2024-09-23,14,0,9,39,False,False,50,2024-09-09 00:00:00,False
LKO,JAI,AI,HIST-000,Economy,5853,INR,2024-02-15,14,3,2,7,False,False,50,2024-02-01 00:00:00,False
NAG,STV,SG,HIST-000,Economy,14028,INR,2023-05-28,14,6,5,21,False,True,50,2023-05-14 00:00:00,False
LKO,HYD,SG,HIST-000,Economy,13898,INR,2024-03-21,14,3,3,12,False,False,50,2024-03-07 00:00:00,False
COK,LKO,S5,HIST-000,Economy,6461,INR,2025-09-20,14,5,9,38,False,True,50,2025-09-06 00:00:00,False
VNS,PAT,G8,HIST-000,Economy,9054,INR,2024-06-22,14,5,6,25,False,True,50,2024-06-08 00:00:00,False
GAU,JAI,G8,HIST-000,Economy,12133,INR,2025-08-16,14,5,8,33,False,True,50,2025-08-02 00:00:00,False
NAG,MAA,I5,HIST-000,Economy,11810,INR,2025-07-07,14,0,7,28,False,False,50,2025-06-23 00:00:00,False
VNS,CCU,AI,HIST-000,Economy,5627,INR,2023-08-05,14,5,8,31,False,True,50,2023-07-22 00:00:00,False
CCU,IDR,I5,HIST-000,Economy,3150,INR,2023-07-07,14,4,7,27,False,False,50,2023-06-23 00:00:00,False
BBI,AMD,I5,HIST-000,Economy,14111,INR,2023-03-13,14,0,3,11,False,False,50,2023-02-27 00:00:00,False
MAA,JAI,QP,HIST-000,Economy,12520,INR,2023-12-21,14,3,12,51,False,False,50,2023-12-07 00:00:00,False
HYD,MAA,QP,HIST-000,Economy,12000,INR,2024-06-10,14,0,6,24,False,False,50,2024-05-27 00:00:00,False
BOM,GAU,I5,HIST-000,Economy,7368,INR,2024-05-28,14,1,5,22,False,False,50,2024-05-14 00:00:00,False
GOI,DEL,AI,HIST-000,Economy,9037,INR,2023-09-03,14,6,9,35,False,True,50,2023-08-20 00:00:00,False
CCU,HYD,SG,HIST-000,Economy,6084,INR,2023-06-24,14,5,6,25,False,True,50,2023-06-10 00:00:00,False
PNQ,AMD,I5,HIST-000,Economy,10132,INR,2023-06-13,14,1,6,24,False,False,50,2023-05-30 00:00:00,False
CCU,BLR,G8,HIST-000,Economy,4898,INR,2025-02-06,14,3,2,6,False,False,50,2025-01-23 00:00:00,False
VNS,DEL,S5,HIST-000,Economy,5954,INR,2024-10-06,14,6,10,40,False,True,50,2024-09-22 00:00:00,False
MAA,PAT,SG,HIST-000,Economy,15088,INR,2024-04-24,14,2,4,17,False,False,50,2024-04-10 00:00:00,False
CCU,DEL,UK,HIST-000,Economy,6083,INR,2024-07-15,14,0,7,29,False,False,50,2024-07-01 00:00:00,False
BOM,DEL,QP,HIST-000,Economy,13368,INR,2024-12-11,14,2,12,50,False,False,50,2024-11-27 00:00:00,False
RPR,PNQ,9I,HIST-000,Economy,7003,INR,2024-03-08,14,4,3,10,False,False,50,2024-02-23 00:00:00,False
AMD,MAA,AI,HIST-000,Economy,5434,INR,2023-09-14,14,3,9,37,False,False,50,2023-08-31 00:00:00,False
BLR,HYD,QP,HIST-000,Economy,8099,INR,2025-10-02,14,3,10,40,False,False,50,2025-09-18 00:00:00,False
MAA,CCU,SG,HIST-000,Economy,11524,INR,2023-05-21,14,6,5,20,False,True,50,2023-05-07 00:00:00,False
NAG,VNS,QP,HIST-000,Economy,10838,INR,2023-09-19,14,1,9,38,False,False,50,2023-09-05 00:00:00,False
NAG,IDR,S5,HIST-000,Economy,8942,INR,2024-09-10,14,1,9,37,False,False,50,2024-08-27 00:00:00,False
GAU,HYD,6E,HIST-000,Economy,14360,INR,2025-03-18,14,1,3,12,False,False,50,2025-03-04 00:00:00,False
PAT,NAG,2T,HIST-000,Economy,9400,INR,2023-07-16,14,6,7,28,False,True,50,2023-07-02 00:00:00,False
RPR,PAT,6E,HIST-000,Economy,9037,INR,2024-01-28,14,6,1,4,False,True,50,2024-01-14 00:00:00,False
LKO,DEL,6E,HIST-000,Economy,9242,INR,2025-01-09,14,3,1,2,False,False,50,2024-12-26 00:00:00,False
BBI,DEL,SG,HIST-000,Economy,14257,INR,2025-06-13,14,4,6,24,False,False,50,2025-05-30 00:00:00,False
DEL,BOM,SG,HIST-000,Economy,8857,INR,2024-08-19,14,0,8,34,False,False,50,2024-08-05 00:00:00,False
RPR,LKO,AI,HIST-000,Economy,11155,INR,2023-05-04,14,3,5,18,False,False,50,2023-04-20 00:00:00,False
BOM,PAT,G8,HIST-000,Economy,8841,INR,2025-08-12,14,1,8,33,False,False,50,2025-07-29 00:00:00,False
PNQ,HYD,UK,HIST-000,Economy,6382,INR,2024-03-21,14,3,3,12,False,False,50,2024-03-07 00:00:00,False
DEL,STV,SG,HIST-000,Economy,6336,INR,2023-01-13,14,4,1,2,False,False,50,2022-12-30 00:00:00,False
BLR,GAU,S5,HIST-000,Economy,8316,INR,2025-05-08,14,3,5,19,False,False,50,2025-04-24 00:00:00,False
AMD,COK,SG,HIST-000,Economy,11742,INR,2025-11-19,14,2,11,47,False,False,50,2025-11-05 00:00:00,False
IDR,VNS,QP,HIST-000,Economy,10055,INR,2023-11-24,14,4,11,47,False,False,50,2023-11-10 00:00:00,False
BLR,STV,SG,HIST-000,Economy,9980,INR,2025-12-18,14,3,12,51,False,False,50,2025-12-04 00:00:00,False
BLR,STV,QP,HIST-000,Economy,8556,INR,2025-03-24,14,0,3,13,False,False,50,2025-03-10 00:00:00,False
COK,BBI,QP,HIST-000,Economy,7489,INR,2025-11-03,14,0,11,45,False,False,50,2025-10-20 00:00:00,False
GAU,RPR,SG,HIST-000,Economy,13836,INR,2024-01-23,14,1,1,4,False,False,50,2024-01-09 00:00:00,False
GAU,AMD,QP,HIST-000,Economy,8774,INR,2023-09-07,14,3,9,36,False,False,50,2023-08-24 00:00:00,False
GOI,BLR,UK,HIST-000,Economy,4595,INR,2025-09-15,14,0,9,38,False,False,50,2025-09-01 00:00:00,False
DEL,HYD,SG,HIST-000,Economy,7909,INR,2023-07-11,14,1,7,28,False,False,50,2023-06-27 00:00:00,False
COK,BLR,6E,HIST-000,Economy,10956,INR,2024-03-19,14,1,3,12,False,False,50,2024-03-05 00:00:00,False
GOI,PNQ,G8,HIST-000,Economy,4799,INR,2024-05-23,14,3,5,21,False,False,50,2024-05-09 00:00:00,False
COK,IDR,G8,HIST-000,Economy,4499,INR,2023-11-06,14,0,11,45,False,False,50,2023-10-23 00:00:00,False
BBI,DEL,6E,HIST-000,Economy,12032,INR,2024-02-18,14,6,2,7,False,True,50,2024-02-04 00:00:00,False
LKO,COK,6E,HIST-000,Economy,7520,INR,2025-09-15,14,0,9,38,False,False,50,2025-09-01 00:00:00,False
LKO,BLR,AI,HIST-000,Economy,11975,INR,2023-03-26,14,6,3,12,False,True,50,2023-03-12 00:00:00,False
PNQ,NAG,AI,HIST-000,Economy,13635,INR,2025-03-12,14,2,3,11,False,False,50,2025-02-26 00:00:00,False
IDR,VNS,UK,HIST-000,Economy,12965,INR,2025-01-23,14,3,1,4,False,False,50,2025-01-09 00:00:00,False
RPR,GOI,G8,HIST-000,Economy,9303,INR,2024-02-06,14,1,2,6,False,False,50,2024-01-23 00:00:00,False
GAU,MAA,9I,HIST-000,Economy,4445,INR,2025-04-15,14,1,4,16,False,False,50,2025-04-01 00:00:00,False
IDR,GAU,S5,HIST-000,Economy,6086,INR,2023-05-26,14,4,5,21,False,False,50,2023-05-12 00:00:00,False
AMD,CCU,G8,HIST-000,Economy,11784,INR,2023-04-05,14,2,4,14,False,False,50,2023-03-22 00:00:00,False
CCU,GAU,G8,HIST-000,Economy,13067,INR,2024-02-22,14,3,2,8,False,False,50,2024-02-08 00:00:00,False
DEL,RPR,SG,HIST-000,Economy,10949,INR,2023-06-09,14,4,6,23,False,False,50,2023-05-26 00:00:00,False
LKO,STV,6E,HIST-000,Economy,11646,INR,2023-03-07,14,1,3,10,False,False,50,2023-02-21 00:00:00,False
IDR,NAG,9I,HIST-000,Economy,12086,INR,2023-03-06,14,0,3,10,False,False,50,2023-02-20 00:00:00,False
BLR,LKO,UK,HIST-000,Economy,10765,INR,2023-07-26,14,2,7,30,False,False,50,2023-07-12 00:00:00,False
JAI,DEL,9I,HIST-000,Economy,16171,INR,2023-10-05,14,3,10,40,False,False,50,2023-09-21 00:00:00,False
GAU,DEL,2T,HIST-000,Economy,11520,INR,2024-11-25,14,0,11,48,False,False,50,2024-11-11 00:00:00,False
PNQ,HYD,S5,HIST-000,Economy,7827,INR,2025-10-13,14,0,10,42,False,False,50,2025-09-29 00:00:00,False
DEL,RPR,S5,HIST-000,Economy,14680,INR,2024-06-18,14,1,6,25,False,False,50,2024-06-04 00:00:00,False
RPR,GOI,UK,HIST-000,Economy,7303,INR,2024-08-11,14,6,8,32,False,True,50,2024-07-28 00:00:00,False
COK,BBI,UK,HIST-000,Economy,13618,INR,2023-10-19,14,3,10,42,False,False,50,2023-10-05 00:00:00,False
BBI,VNS,I5,HIST-000,Economy,9441,INR,2025-03-27,14,3,3,13,False,False,50,2025-03-13 00:00:00,False
LKO,IDR,6E,HIST-000,Economy,12313,INR,2023-12-11,14,0,12,50,False,False,50,2023-11-27 00:00:00,False
JAI,BOM,9I,HIST-000,Economy,11019,INR,2023-03-10,14,4,3,10,False,False,50,2023-02-24 00:00:00,False
GOI,LKO,AI,HIST-000,Economy,5873,INR,2024-01-17,14,2,1,3,False,False,50,2024-01-03 00:00:00,False
NAG,PAT,AI,HIST-000,Economy,6643,INR,2023-02-26,14,6,2,8,False,True,50,2023-02-12 00:00:00,False
CCU,MAA,6E,HIST-000,Economy,7002,INR,2023-10-03,14,1,10,40,False,False,50,2023-09-19 00:00:00,False
JAI,RPR,I5,HIST-000,Economy,7338,INR,2023-03-02,14,3,3,9,False,False,50,2023-02-16 00:00:00,False
PAT,MAA,UK,HIST-000,Economy,11535,INR,2025-01-14,14,1,1,3,False,False,50,2024-12-31 00:00:00,False
PNQ,VNS,UK,HIST-000,Economy,9796,INR,2023-02-21,14,1,2,8,False,False,50,2023-02-07 00:00:00,False
HYD,LKO,9I,HIST-000,Economy,4563,INR,2023-03-11,14,5,3,10,False,True,50,2023-02-25 00:00:00,False
AMD,GAU,2T,HIST-000,Economy,12411,INR,2025-11-25,14,1,11,48,False,False,50,2025-11-11 00:00:00,False
LKO,CCU,QP,HIST-000,Economy,7037,INR,2025-05-20,14,1,5,21,False,False,50,2025-05-06 00:00:00,False
CCU,BBI,9I,HIST-000,Economy,7525,INR,2025-12-09,14,1,12,50,False,False,50,2025-11-25 00:00:00,False
NAG,JAI,UK,HIST-000,Economy,13778,INR,2024-02-24,14,5,2,8,False,True,50,2024-02-10 00:00:00,False
AMD,CCU,6E,HIST-000,Economy,13063,INR,2025-11-17,14,0,11,47,False,False,50,2025-11-03 00:00:00,False
GAU,DEL,2T,HIST-000,Economy,5504,INR,2025-03-19,14,2,3,12,False,False,50,2025-03-05 00:00:00,False
IDR,BLR,QP,HIST-000,Economy,6304,INR,2025-11-01,14,5,11,44,False,True,50,2025-10-18 00:00:00,False
BLR,BOM,QP,HIST-000,Economy,5409,INR,2025-08-07,14,3,8,32,False,False,50,2025-07-24 00:00:00,False
AMD,JAI,9I,HIST-000,Economy,9238,INR,2025-11-08,14,5,11,45,False,True,50,2025-10-25 00:00:00,False
STV,CCU,9I,HIST-000,Economy,6695,INR,2023-01-25,14,2,1,4,False,False,50,2023-01-11 00:00:00,False
GOI,JAI,SG,HIST-000,Economy,9811,INR,2023-07-10,14,0,7,28,False,False,50,2023-06-26 00:00:00,False
VNS,PAT,9I,HIST-000,Economy,5481,INR,2025-01-27,14,0,1,5,False,False,50,2025-01-13 00:00:00,False
JAI,PAT,I5,HIST-000,Economy,7686,INR,2023-04-09,14,6,4,14,False,True,50,2023-03-26 00:00:00,False
RPR,BOM,QP,HIST-000,Economy,5939,INR,2023-09-08,14,4,9,36,False,False,50,2023-08-25 00:00:00,False
DEL,BBI,S5,HIST-000,Economy,5991,INR,2025-07-01,14,1,7,27,False,False,50,2025-06-17 00:00:00,False
BOM,DEL,9I,HIST-000,Economy,2927,INR,2023-01-23,14,0,1,4,False,False,50,2023-01-09 00:00:00,False
AMD,DEL,UK,HIST-000,Economy,9140,INR,2023-01-23,14,0,1,4,False,False,50,2023-01-09 00:00:00,False
GOI,LKO,I5,HIST-000,Economy,5886,INR,2024-07-21,14,6,7,29,False,True,50,2024-07-07 00:00:00,False
BBI,CCU,I5,HIST-000,Economy,10634,INR,2025-04-04,14,4,4,14,False,False,50,2025-03-21 00:00:00,False
PAT,IDR,QP,HIST-000,Economy,3061,INR,2023-11-24,14,4,11,47,False,False,50,2023-11-10 00:00:00,False
RPR,PAT,6E,HIST-000,Economy,13955,INR,2025-10-20,14,0,10,43,False,False,50,2025-10-06 00:00:00,False
GOI,MAA,S5,HIST-000,Economy,5218,INR,2024-09-27,14,4,9,39,False,False,50,2024-09-13 00:00:00,False
BOM,BLR,SG,HIST-000,Economy,11278,INR,2024-04-26,14,4,4,17,False,False,50,2024-04-12 00:00:00,False
JAI,CCU,QP,HIST-000,Economy,16146,INR,2023-06-01,14,3,6,22,False,False,50,2023-05-18 00:00:00,False
BBI,JAI,I5,HIST-000,Economy,8781,INR,2024-06-15,14,5,6,24,False,True,50,2024-06-01 00:00:00,False
LKO,PAT,AI,HIST-000,Economy,10457,INR,2023-06-02,14,4,6,22,False,False,50,2023-05-19 00:00:00,False
MAA,NAG,2T,HIST-000,Economy,8545,INR,2024-09-24,14,1,9,39,False,False,50,2024-09-10 00:00:00,False
CCU,LKO,I5,HIST-000,Economy,7973,INR,2023-08-07,14,0,8,32,False,False,50,2023-07-24 00:00:00,False
GAU,CCU,9I,HIST-000,Economy,15388,INR,2024-02-17,14,5,2,7,False,True,50,2024-02-03 00:00:00,False
IDR,AMD,SG,HIST-000,Economy,7105,INR,2024-06-14,14,4,6,24,False,False,50,2024-05-31 00:00:00,False
PNQ,GOI,UK,HIST-000,Economy,11767,INR,2024-01-15,14,0,1,3,False,False,50,2024-01-01 00:00:00,False
BOM,NAG,S5,HIST-000,Economy,13775,INR,2024-04-18,14,3,4,16,False,False,50,2024-04-04 00:00:00,False
PAT,BOM,SG,HIST-000,Economy,9865,INR,2025-02-11,14,1,2,7,False,False,50,2025-01-28 00:00:00,False
PAT,BOM,I5,HIST-000,Economy,3150,INR,2025-07-04,14,4,7,27,False,False,50,2025-06-20 00:00:00,False
BBI,HYD,QP,HIST-000,Economy,5661,INR,2025-12-24,14,2,12,52,False,False,50,2025-12-10 00:00:00,False
NAG,STV,9I,HIST-000,Economy,12574,INR,2025-02-10,14,0,2,7,False,False,50,2025-01-27 00:00:00,False
GOI,RPR,9I,HIST-000,Economy,13518,INR,2025-04-13,14,6,4,15,False,True,50,2025-03-30 00:00:00,False
JAI,RPR,2T,HIST-000,Economy,5925,INR,2023-08-14,14,0,8,33,False,False,50,2023-07-31 00:00:00,False
JAI,MAA,SG,HIST-000,Economy,10095,INR,2023-07-04,14,1,7,27,False,False,50,2023-06-20 00:00:00,False
GAU,VNS,G8,HIST-000,Economy,10349,INR,2023-01-26,14,3,1,4,False,False,50,2023-01-12 00:00:00,False
BBI,PAT,G8,HIST-000,Economy,5240,INR,2025-08-06,14,2,8,32,False,False,50,2025-07-23 00:00:00,False
PNQ,VNS,9I,HIST-000,Economy,7969,INR,2023-11-05,14,6,11,44,False,True,50,2023-10-22 00:00:00,False
DEL,BBI,UK,HIST-000,Economy,6947,INR,2023-09-16,14,5,9,37,False,True,50,2023-09-02 00:00:00,False
HYD,BLR,G8,HIST-000,Economy,11677,INR,2024-04-14,14,6,4,15,False,True,50,2024-03-31 00:00:00,False
MAA,CCU,S5,HIST-000,Economy,12493,INR,2024-07-17,14,2,7,29,False,False,50,2024-07-03 00:00:00,False
AMD,PAT,AI,HIST-000,Economy,9728,INR,2023-08-24,14,3,8,34,False,False,50,2023-08-10 00:00:00,False
STV,RPR,6E,HIST-000,Economy,7285,INR,2025-03-28,14,4,3,13,False,False,50,2025-03-14 00:00:00,False
BLR,COK,G8,HIST-000,Economy,5764,INR,2023-10-13,14,4,10,41,False,False,50,2023-09-29 00:00:00,False
VNS,GOI,UK,HIST-000,Economy,12725,INR,2025-02-26,14,2,2,9,False,False,50,2025-02-12 00:00:00,False
RPR,NAG,9I,HIST-000,Economy,4157,INR,2025-02-05,14,2,2,6,False,False,50,2025-01-22 00:00:00,False
JAI,STV,9I,HIST-000,Economy,6253,INR,2023-04-21,14,4,4,16,False,False,50,2023-04-07 00:00:00,False
COK,GOI,I5,HIST-000,Economy,10521,INR,2024-03-09,14,5,3,10,False,True,50,2024-02-24 00:00:00,False
GAU,PAT,9I,HIST-000,Economy,10919,INR,2024-01-18,14,3,1,3,False,False,50,2024-01-04 00:00:00,False
BLR,PNQ,SG,HIST-000,Economy,10189,INR,2024-08-14,14,2,8,33,False,False,50,2024-07-31 00:00:00,False
DEL,IDR,S5,HIST-000,Economy,11203,INR,2024-01-10,14,2,1,2,False,False,50,2023-12-27 00:00:00,False
NAG,BOM,I5,HIST-000,Economy,8351,INR,2024-01-11,14,3,1,2,False,False,50,2023-12-28 00:00:00,False
BOM,HYD,QP,HIST-000,Economy,4971,INR,2025-10-09,14,3,10,41,False,False,50,2025-09-25 00:00:00,False
LKO,GAU,9I,HIST-000,Economy,5432,INR,2023-12-17,14,6,12,50,False,True,50,2023-12-03 00:00:00,False
NAG,MAA,9I,HIST-000,Economy,8365,INR,2025-08-07,14,3,8,32,False,False,50,2025-07-24 00:00:00,False
GOI,AMD,SG,HIST-000,Economy,13145,INR,2025-02-15,14,5,2,7,False,True,50,2025-02-01 00:00:00,False
PNQ,AMD,S5,HIST-000,Economy,10676,INR,2023-01-18,14,2,1,3,False,False,50,2023-01-04 00:00:00,False
VNS,MAA,I5,HIST-000,Economy,4488,INR,2024-05-02,14,3,5,18,False,False,50,2024-04-18 00:00:00,False
CCU,PAT,G8,HIST-000,Economy,9447,INR,2025-02-23,14,6,2,8,False,True,50,2025-02-09 00:00:00,False
BOM,PNQ,UK,HIST-000,Economy,4679,INR,2024-11-22,14,4,11,47,False,False,50,2024-11-08 00:00:00,False
HYD,PAT,S5,HIST-000,Economy,8916,INR,2025-02-11,14,1,2,7,False,False,50,2025-01-28 00:00:00,False
LKO,STV,AI,HIST-000,Economy,10639,INR,2025-03-05,14,2,3,10,False,False,50,2025-02-19 00:00:00,False
BOM,STV,6E,HIST-000,Economy,13033,INR,2024-12-07,14,5,12,49,False,True,50,2024-11-23 00:00:00,False
LKO,STV,AI,HIST-000,Economy,12203,INR,2024-12-15,14,6,12,50,False,True,50,2024-12-01 00:00:00,False
GOI,COK,UK,HIST-000,Economy,6646,INR,2024-09-04,14,2,9,36,False,False,50,2024-08-21 00:00:00,False
COK,BLR,S5,HIST-000,Economy,12076,INR,2025-02-08,14,5,2,6,False,True,50,2025-01-25 00:00:00,False
BLR,HYD,6E,HIST-000,Economy,13797,INR,2025-02-18,14,1,2,8,False,False,50,2025-02-04 00:00:00,False
LKO,JAI,I5,HIST-000,Economy,10440,INR,2025-03-09,14,6,3,10,False,True,50,2025-02-23 00:00:00,False
PNQ,LKO,G8,HIST-000,Economy,13919,INR,2023-07-19,14,2,7,29,False,False,50,2023-07-05 00:00:00,False
PAT,STV,SG,HIST-000,Economy,11803,INR,2023-04-03,14,0,4,14,False,False,50,2023-03-20 00:00:00,False
CCU,IDR,9I,HIST-000,Economy,12848,INR,2024-07-08,14,0,7,28,False,False,50,2024-06-24 00:00:00,False
LKO,CCU,UK,HIST-000,Economy,10243,INR,2024-11-11,14,0,11,46,False,False,50,2024-10-28 00:00:00,False
BLR,MAA,6E,HIST-000,Economy,10237,INR,2024-06-23,14,6,6,25,False,True,50,2024-06-09 00:00:00,False
PAT,LKO,UK,HIST-000,Economy,10135,INR,2025-07-09,14,2,7,28,False,False,50,2025-06-25 00:00:00,False
PAT,COK,SG,HIST-000,Economy,7291,INR,2023-01-28,14,5,1,4,False,True,50,2023-01-14 00:00:00,False
IDR,MAA,6E,HIST-000,Economy,8123,INR,2023-10-13,14,4,10,41,False,False,50,2023-09-29 00:00:00,False
GOI,NAG,G8,HIST-000,Economy,9574,INR,2023-04-19,14,2,4,16,False,False,50,2023-04-05 00:00:00,False
LKO,VNS,2T,HIST-000,Economy,6395,INR,2023-12-22,14,4,12,51,False,False,50,2023-12-08 00:00:00,False
MAA,CCU,AI,HIST-000,Economy,9443,INR,2024-06-10,14,0,6,24,False,False,50,2024-05-27 00:00:00,False
PAT,JAI,SG,HIST-000,Economy,8590,INR,2023-05-14,14,6,5,19,False,True,50,2023-04-30 00:00:00,False
BOM,CCU,UK,HIST-000,Economy,11710,INR,2023-06-22,14,3,6,25,False,False,50,2023-06-08 00:00:00,False
STV,BOM,UK,HIST-000,Economy,7491,INR,2024-06-28,14,4,6,26,False,False,50,2024-06-14 00:00:00,False
PNQ,BBI,SG,HIST-000,Economy,15337,INR,2025-06-25,14,2,6,26,False,False,50,2025-06-11 00:00:00,False
VNS,BBI,AI,HIST-000,Economy,5633,INR,2024-03-10,14,6,3,10,False,True,50,2024-02-25 00:00:00,False
PAT,BOM,AI,HIST-000,Economy,13153,INR,2025-08-03,14,6,8,31,False,True,50,2025-07-20 00:00:00,False
COK,AMD,9I,HIST-000,Economy,13219,INR,2023-09-03,14,6,9,35,False,True,50,2023-08-20 00:00:00,False
DEL,CCU,G8,HIST-000,Economy,10683,INR,2024-04-24,14,2,4,17,False,False,50,2024-04-10 00:00:00,False
NAG,VNS,UK,HIST-000,Economy,4092,INR,2023-03-17,14,4,3,11,False,False,50,2023-03-03 00:00:00,False
HYD,RPR,S5,HIST-000,Economy,15479,INR,2023-08-21,14,0,8,34,False,False,50,2023-08-07 00:00:00,False
PNQ,JAI,QP,HIST-000,Economy,11815,INR,2025-03-21,14,4,3,12,False,False,50,2025-03-07 00:00:00,False
HYD,BLR,9I,HIST-000,Economy,12801,INR,2025-09-12,14,4,9,37,False,False,50,2025-08-29 00:00:00,False
GAU,RPR,S5,HIST-000,Economy,6581,INR,2025-05-23,14,4,5,21,False,False,50,2025-05-09 00:00:00,False
CCU,MAA,UK,HIST-000,Economy,11663,INR,2025-07-14,14,0,7,29,False,False,50,2025-06-30 00:00:00,False
RPR,DEL,QP,HIST-000,Economy,12419,INR,2023-12-05,14,1,12,49,False,False,50,2023-11-21 00:00:00,False
VNS,JAI,G8,HIST-000,Economy,7146,INR,2024-12-09,14,0,12,50,False,False,50,2024-11-25 00:00:00,False
IDR,COK,S5,HIST-000,Economy,3164,INR,2025-08-19,14,1,8,34,False,False,50,2025-08-05 00:00:00,False
JAI,IDR,SG,HIST-000,Economy,12648,INR,2025-02-13,14,3,2,7,False,False,50,2025-01-30 00:00:00,False
MAA,PNQ,6E,HIST-000,Economy,5169,INR,2023-11-20,14,0,11,47,False,False,50,2023-11-06 00:00:00,False
JAI,BBI,9I,HIST-000,Economy,12782,INR,2025-02-24,14,0,2,9,False,False,50,2025-02-10 00:00:00,False
GAU,VNS,I5,HIST-000,Economy,10308,INR,2025-02-24,14,0,2,9,False,False,50,2025-02-10 00:00:00,False
JAI,BLR,G8,HIST-000,Economy,15333,INR,2025-05-13,14,1,5,20,False,False,50,2025-04-29 00:00:00,False
JAI,COK,9I,HIST-000,Economy,8942,INR,2024-09-09,14,0,9,37,False,False,50,2024-08-26 00:00:00,False
PNQ,RPR,SG,HIST-000,Economy,7613,INR,2024-06-07,14,4,6,23,False,False,50,2024-05-24 00:00:00,False
IDR,GOI,SG,HIST-000,Economy,3921,INR,2023-05-15,14,0,5,20,False,False,50,2023-05-01 00:00:00,False
VNS,BLR,AI,HIST-000,Economy,6271,INR,2023-05-05,14,4,5,18,False,False,50,2023-04-21 00:00:00,False
GOI,MAA,SG,HIST-000,Economy,15829,INR,2025-12-13,14,5,12,50,False,True,50,2025-11-29 00:00:00,False
DEL,CCU,UK,HIST-000,Economy,12718,INR,2024-09-17,14,1,9,38,False,False,50,2024-09-03 00:00:00,False
BBI,BLR,2T,HIST-000,Economy,8840,INR,2023-05-03,14,2,5,18,False,False,50,2023-04-19 00:00:00,False
BBI,COK,I5,HIST-000,Economy,9433,INR,2024-12-15,14,6,12,50,False,True,50,2024-12-01 00:00:00,False
MAA,JAI,G8,HIST-000,Economy,10884,INR,2024-06-07,14,4,6,23,False,False,50,2024-05-24 00:00:00,False
CCU,IDR,6E,HIST-000,Economy,9111,INR,2025-01-14,14,1,1,3,False,False,50,2024-12-31 00:00:00,False
GAU,DEL,9I,HIST-000,Economy,9119,INR,2025-07-16,14,2,7,29,False,False,50,2025-07-02 00:00:00,False
HYD,DEL,G8,HIST-000,Economy,4154,INR,2024-05-19,14,6,5,20,False,True,50,2024-05-05 00:00:00,False
NAG,STV,QP,HIST-000,Economy,2926,INR,2025-10-05,14,6,10,40,False,True,50,2025-09-21 00:00:00,False
VNS,RPR,QP,HIST-000,Economy,5782,INR,2023-08-27,14,6,8,34,False,True,50,2023-08-13 00:00:00,False
COK,IDR,SG,HIST-000,Economy,10708,INR,2024-12-06,14,4,12,49,False,False,50,2024-11-22 00:00:00,False
BBI,RPR,6E,HIST-000,Economy,17708,INR,2023-09-03,14,6,9,35,False,True,50,2023-08-20 00:00:00,False
CCU,PNQ,I5,HIST-000,Economy,10697,INR,2025-10-14,14,1,10,42,False,False,50,2025-09-30 00:00:00,False
GAU,AMD,2T,HIST-000,Economy,7298,INR,2023-06-23,14,4,6,25,False,False,50,2023-06-09 00:00:00,False
HYD,MAA,G8,HIST-000,Economy,6161,INR,2025-07-11,14,4,7,28,False,False,50,2025-06-27 00:00:00,False
GOI,BLR,9I,HIST-000,Economy,10676,INR,2023-10-03,14,1,10,40,False,False,50,2023-09-19 00:00:00,False
IDR,RPR,G8,HIST-000,Economy,13553,INR,2024-09-08,14,6,9,36,False,True,50,2024-08-25 00:00:00,False
BLR,AMD,6E,HIST-000,Economy,5166,INR,2023-05-21,14,6,5,20,False,True,50,2023-05-07 00:00:00,False
BLR,VNS,QP,HIST-000,Economy,9475,INR,2024-06-14,14,4,6,24,False,False,50,2024-05-31 00:00:00,False
GAU,MAA,QP,HIST-000,Economy,9728,INR,2023-03-11,14,5,3,10,False,True,50,2023-02-25 00:00:00,False
RPR,BBI,9I,HIST-000,Economy,8762,INR,2025-08-14,14,3,8,33,False,False,50,2025-07-31 00:00:00,False
RPR,PAT,S5,HIST-000,Economy,4519,INR,2023-07-04,14,1,7,27,False,False,50,2023-06-20 00:00:00,False
JAI,HYD,AI,HIST-000,Economy,8966,INR,2023-12-21,14,3,12,51,False,False,50,2023-12-07 00:00:00,False
BBI,GOI,QP,HIST-000,Economy,11368,INR,2023-06-07,14,2,6,23,False,False,50,2023-05-24 00:00:00,False
MAA,HYD,I5,HIST-000,Economy,5209,INR,2024-11-28,14,3,11,48,False,False,50,2024-11-14 00:00:00,False
RPR,BBI,G8,HIST-000,Economy,11077,INR,2023-02-09,14,3,2,6,False,False,50,2023-01-26 00:00:00,False
IDR,BLR,SG,HIST-000,Economy,7217,INR,2024-01-01,14,0,1,1,False,False,50,2023-12-18 00:00:00,False
HYD,IDR,AI,HIST-000,Economy,11845,INR,2024-04-15,14,0,4,16,False,False,50,2024-04-01 00:00:00,False
BBI,COK,G8,HIST-000,Economy,6279,INR,2024-05-07,14,1,5,19,False,False,50,2024-04-23 00:00:00,False
IDR,RPR,AI,HIST-000,Economy,8576,INR,2024-10-04,14,4,10,40,False,False,50,2024-09-20 00:00:00,False
DEL,LKO,G8,HIST-000,Economy,10511,INR,2024-06-12,14,2,6,24,False,False,50,2024-05-29 00:00:00,False
JAI,DEL,6E,HIST-000,Economy,6446,INR,2025-09-23,14,1,9,39,False,False,50,2025-09-09 00:00:00,False
BBI,BOM,2T,HIST-000,Economy,13764,INR,2025-06-25,14,2,6,26,False,False,50,2025-06-11 00:00:00,False
BLR,HYD,S5,HIST-000,Economy,13779,INR,2025-01-07,14,1,1,2,False,False,50,2024-12-24 00:00:00,False
GAU,COK,2T,HIST-000,Economy,4242,INR,2023-01-24,14,1,1,4,False,False,50,2023-01-10 00:00:00,False
MAA,STV,2T,HIST-000,Economy,6070,INR,2023-07-07,14,4,7,27,False,False,50,2023-06-23 00:00:00,False
NAG,IDR,QP,HIST-000,Economy,6386,INR,2024-10-28,14,0,10,44,False,False,50,2024-10-14 00:00:00,False
COK,JAI,6E,HIST-000,Economy,6471,INR,2023-10-02,14,0,10,40,False,False,50,2023-09-18 00:00:00,False
STV,LKO,S5,HIST-000,Economy,12160,INR,2025-03-17,14,0,3,12,False,False,50,2025-03-03 00:00:00,False
BBI,BOM,6E,HIST-000,Economy,7560,INR,2024-09-21,14,5,9,38,False,True,50,2024-09-07 00:00:00,False
GAU,DEL,G8,HIST-000,Economy,8732,INR,2025-03-10,14,0,3,11,False,False,50,2025-02-24 00:00:00,False
HYD,STV,9I,HIST-000,Economy,9503,INR,2023-07-21,14,4,7,29,False,False,50,2023-07-07 00:00:00,False
AMD,DEL,S5,HIST-000,Economy,11041,INR,2024-08-12,14,0,8,33,False,False,50,2024-07-29 00:00:00,False
VNS,LKO,SG,HIST-000,Economy,9900,INR,2024-08-23,14,4,8,34,False,False,50,2024-08-09 00:00:00,False
BLR,GAU,2T,HIST-000,Economy,10376,INR,2023-03-06,14,0,3,10,False,False,50,2023-02-20 00:00:00,False
BLR,NAG,2T,HIST-000,Economy,7324,INR,2024-06-02,14,6,6,22,False,True,50,2024-05-19 00:00:00,False
GOI,NAG,9I,HIST-000,Economy,13644,INR,2024-07-01,14,0,7,27,False,False,50,2024-06-17 00:00:00,False
GOI,STV,AI,HIST-000,Economy,10644,INR,2024-05-03,14,4,5,18,False,False,50,2024-04-19 00:00:00,False
PAT,LKO,UK,HIST-000,Economy,11489,INR,2023-04-24,14,0,4,17,False,False,50,2023-04-10 00:00:00,False
PAT,BLR,I5,HIST-000,Economy,2715,INR,2025-01-03,14,4,1,1,False,False,50,2024-12-20 00:00:00,False
GAU,MAA,QP,HIST-000,Economy,10877,INR,2025-11-22,14,5,11,47,False,True,50,2025-11-08 00:00:00,False
HYD,JAI,G8,HIST-000,Economy,11949,INR,2024-07-03,14,2,7,27,False,False,50,2024-06-19 00:00:00,False
AMD,VNS,AI,HIST-000,Economy,11363,INR,2023-04-12,14,2,4,15,False,False,50,2023-03-29 00:00:00,False
VNS,PNQ,S5,HIST-000,Economy,6781,INR,2025-04-06,14,6,4,14,False,True,50,2025-03-23 00:00:00,False
BOM,VNS,2T,HIST-000,Economy,7713,INR,2025-07-04,14,4,7,27,False,False,50,2025-06-20 00:00:00,False
AMD,RPR,6E,HIST-000,Economy,10503,INR,2024-05-06,14,0,5,19,False,False,50,2024-04-22 00:00:00,False
IDR,DEL,G8,HIST-000,Economy,8416,INR,2024-04-17,14,2,4,16,False,False,50,2024-04-03 00:00:00,False
HYD,CCU,QP,HIST-000,Economy,8016,INR,2025-07-13,14,6,7,28,False,True,50,2025-06-29 00:00:00,False
BOM,GAU,UK,HIST-000,Economy,7380,INR,2023-02-19,14,6,2,7,False,True,50,2023-02-05 00:00:00,False
MAA,BBI,QP,HIST-000,Economy,3686,INR,2023-11-06,14,0,11,45,False,False,50,2023-10-23 00:00:00,False
NAG,COK,6E,HIST-000,Economy,13193,INR,2023-07-18,14,1,7,29,False,False,50,2023-07-04 00:00:00,False
MAA,CCU,UK,HIST-000,Economy,4749,INR,2024-12-03,14,1,12,49,False,False,50,2024-11-19 00:00:00,False
STV,DEL,AI,HIST-000,Economy,13785,INR,2025-10-22,14,2,10,43,False,False,50,2025-10-08 00:00:00,False
COK,GAU,G8,HIST-000,Economy,10235,INR,2023-04-24,14,0,4,17,False,False,50,2023-04-10 00:00:00,False
MAA,VNS,UK,HIST-000,Economy,12717,INR,2024-10-21,14,0,10,43,False,False,50,2024-10-07 00:00:00,False
COK,AMD,9I,HIST-000,Economy,12491,INR,2023-10-27,14,4,10,43,False,False,50,2023-10-13 00:00:00,False
IDR,BOM,I5,HIST-000,Economy,6330,INR,2025-06-27,14,4,6,26,False,False,50,2025-06-13 00:00:00,False
STV,BLR,6E,HIST-000,Economy,12411,INR,2025-03-26,14,2,3,13,False,False,50,2025-03-12 00:00:00,False
STV,BLR,9I,HIST-000,Economy,9384,INR,2025-06-08,14,6,6,23,False,True,50,2025-05-25 00:00:00,False
NAG,LKO,6E,HIST-000,Economy,4114,INR,2023-08-11,14,4,8,32,False,False,50,2023-07-28 00:00:00,False
IDR,MAA,S5,HIST-000,Economy,6515,INR,2025-09-03,14,2,9,36,False,False,50,2025-08-20 00:00:00,False
MAA,HYD,9I,HIST-000,Economy,3950,INR,2024-03-19,14,1,3,12,False,False,50,2024-03-05 00:00:00,False
GOI,BBI,QP,HIST-000,Economy,8335,INR,2023-10-25,14,2,10,43,False,False,50,2023-10-11 00:00:00,False
CCU,RPR,UK,HIST-000,Economy,11762,INR,2024-05-16,14,3,5,20,False,False,50,2024-05-02 00:00:00,False
BOM,PNQ,UK,HIST-000,Economy,5366,INR,2025-09-15,14,0,9,38,False,False,50,2025-09-01 00:00:00,False
BOM,GOI,6E,HIST-000,Economy,2902,INR,2024-09-09,14,0,9,37,False,False,50,2024-08-26 00:00:00,False
PNQ,NAG,UK,HIST-000,Economy,5384,INR,2024-12-08,14,6,12,49,False,True,50,2024-11-24 00:00:00,False
STV,BLR,9I,HIST-000,Economy,13404,INR,2023-11-18,14,5,11,46,False,True,50,2023-11-04 00:00:00,False
BOM,GAU,9I,HIST-000,Economy,8109,INR,2025-03-03,14,0,3,10,False,False,50,2025-02-17 00:00:00,False
COK,CCU,S5,HIST-000,Economy,7530,INR,2023-09-07,14,3,9,36,False,False,50,2023-08-24 00:00:00,False
HYD,GAU,SG,HIST-000,Economy,15143,INR,2024-07-05,14,4,7,27,False,False,50,2024-06-21 00:00:00,False
HYD,PNQ,UK,HIST-000,Economy,3337,INR,2025-04-18,14,4,4,16,False,False,50,2025-04-04 00:00:00,False
IDR,RPR,I5,HIST-000,Economy,10815,INR,2024-09-02,14,0,9,36,False,False,50,2024-08-19 00:00:00,False
STV,BBI,G8,HIST-000,Economy,4904,INR,2023-11-01,14,2,11,44,False,False,50,2023-10-18 00:00:00,False
COK,DEL,SG,HIST-000,Economy,9963,INR,2024-12-11,14,2,12,50,False,False,50,2024-11-27 00:00:00,False
LKO,BLR,9I,HIST-000,Economy,4345,INR,2025-12-03,14,2,12,49,False,False,50,2025-11-19 00:00:00,False
DEL,PAT,2T,HIST-000,Economy,12488,INR,2025-01-11,14,5,1,2,False,True,50,2024-12-28 00:00:00,False
COK,IDR,SG,HIST-000,Economy,5081,INR,2024-08-15,14,3,8,33,False,False,50,2024-08-01 00:00:00,False
VNS,BOM,2T,HIST-000,Economy,6753,INR,2025-11-12,14,2,11,46,False,False,50,2025-10-29 00:00:00,False
BLR,PNQ,2T,HIST-000,Economy,11064,INR,2025-04-21,14,0,4,17,False,False,50,2025-04-07 00:00:00,False
DEL,BBI,I5,HIST-000,Economy,8577,INR,2023-02-13,14,0,2,7,False,False,50,2023-01-30 00:00:00,False
HYD,CCU,I5,HIST-000,Economy,2595,INR,2025-06-26,14,3,6,26,False,False,50,2025-06-12 00:00:00,False
BOM,DEL,6E,HIST-000,Economy,9498,INR,2023-05-17,14,2,5,20,False,False,50,2023-05-03 00:00:00,False
COK,NAG,9I,HIST-000,Economy,8278,INR,2023-05-22,14,0,5,21,False,False,50,2023-05-08 00:00:00,False
BBI,AMD,AI,HIST-000,Economy,12436,INR,2025-11-22,14,5,11,47,False,True,50,2025-11-08 00:00:00,False
AMD,PNQ,2T,HIST-000,Economy,6412,INR,2023-12-13,14,2,12,50,False,False,50,2023-11-29 00:00:00,False
STV,COK,S5,HIST-000,Economy,7267,INR,2024-05-13,14,0,5,20,False,False,50,2024-04-29 00:00:00,False
NAG,PAT,G8,HIST-000,Economy,11205,INR,2023-07-10,14,0,7,28,False,False,50,2023-06-26 00:00:00,False
BBI,PNQ,I5,HIST-000,Economy,15815,INR,2024-01-25,14,3,1,4,False,False,50,2024-01-11 00:00:00,False
PNQ,CCU,UK,HIST-000,Economy,12521,INR,2023-04-09,14,6,4,14,False,True,50,2023-03-26 00:00:00,False
IDR,STV,QP,HIST-000,Economy,7948,INR,2024-06-04,14,1,6,23,False,False,50,2024-05-21 00:00:00,False
AMD,IDR,G8,HIST-000,Economy,15764,INR,2023-02-17,14,4,2,7,False,False,50,2023-02-03 00:00:00,False
NAG,BBI,G8,HIST-000,Economy,11035,INR,2025-01-20,14,0,1,4,False,False,50,2025-01-06 00:00:00,False
COK,NAG,SG,HIST-000,Economy,9141,INR,2023-06-19,14,0,6,25,False,False,50,2023-06-05 00:00:00,False
AMD,PNQ,6E,HIST-000,Economy,11155,INR,2025-04-08,14,1,4,15,False,False,50,2025-03-25 00:00:00,False
STV,JAI,AI,HIST-000,Economy,3126,INR,2023-01-16,14,0,1,3,False,False,50,2023-01-02 00:00:00,False
GOI,IDR,AI,HIST-000,Economy,5768,INR,2025-11-22,14,5,11,47,False,True,50,2025-11-08 00:00:00,False
COK,DEL,I5,HIST-000,Economy,7696,INR,2025-09-24,14,2,9,39,False,False,50,2025-09-10 00:00:00,False
CCU,RPR,UK,HIST-000,Economy,10986,INR,2024-11-10,14,6,11,45,False,True,50,2024-10-27 00:00:00,False
PNQ,AMD,I5,HIST-000,Economy,7576,INR,2023-01-15,14,6,1,2,False,True,50,2023-01-01 00:00:00,False
PAT,HYD,G8,HIST-000,Economy,7917,INR,2024-08-16,14,4,8,33,False,False,50,2024-08-02 00:00:00,False
BBI,VNS,I5,HIST-000,Economy,10701,INR,2024-08-15,14,3,8,33,False,False,50,2024-08-01 00:00:00,False
BLR,STV,G8,HIST-000,Economy,9890,INR,2023-01-28,14,5,1,4,False,True,50,2023-01-14 00:00:00,False
AMD,STV,QP,HIST-000,Economy,8696,INR,2024-09-15,14,6,9,37,False,True,50,2024-09-01 00:00:00,False
GAU,PNQ,AI,HIST-000,Economy,8184,INR,2025-08-03,14,6,8,31,False,True,50,2025-07-20 00:00:00,False
BBI,JAI,2T,HIST-000,Economy,5548,INR,2024-09-06,14,4,9,36,False,False,50,2024-08-23 00:00:00,False
GOI,PAT,I5,HIST-000,Economy,6557,INR,2024-08-11,14,6,8,32,False,True,50,2024-07-28 00:00:00,False
PNQ,NAG,9I,HIST-000,Economy,13063,INR,2025-11-03,14,0,11,45,False,False,50,2025-10-20 00:00:00,False
LKO,IDR,SG,HIST-000,Economy,5061,INR,2024-05-08,14,2,5,19,False,False,50,2024-04-24 00:00:00,False
PNQ,BLR,6E,HIST-000,Economy,7997,INR,2024-02-09,14,4,2,6,False,False,50,2024-01-26 00:00:00,False
LKO,AMD,9I,HIST-000,Economy,8481,INR,2023-01-21,14,5,1,3,False,True,50,2023-01-07 00:00:00,False
HYD,JAI,9I,HIST-000,Economy,15491,INR,2025-01-06,14,0,1,2,False,False,50,2024-12-23 00:00:00,False
LKO,COK,2T,HIST-000,Economy,7825,INR,2025-11-02,14,6,11,44,False,True,50,2025-10-19 00:00:00,False
BOM,PAT,6E,HIST-000,Economy,4027,INR,2025-04-23,14,2,4,17,False,False,50,2025-04-09 00:00:00,False
NAG,AMD,2T,HIST-000,Economy,5016,INR,2024-08-17,14,5,8,33,False,True,50,2024-08-03 00:00:00,False
AMD,PNQ,I5,HIST-000,Economy,10016,INR,2024-07-11,14,3,7,28,False,False,50,2024-06-27 00:00:00,False
COK,PAT,I5,HIST-000,Economy,7795,INR,2025-08-24,14,6,8,34,False,True,50,2025-08-10 00:00:00,False
GOI,DEL,AI,HIST-000,Economy,6470,INR,2024-01-18,14,3,1,3,False,False,50,2024-01-04 00:00:00,False
BBI,RPR,6E,HIST-000,Economy,6393,INR,2024-09-05,14,3,9,36,False,False,50,2024-08-22 00:00:00,False
RPR,JAI,UK,HIST-000,Economy,9247,INR,2024-05-05,14,6,5,18,False,True,50,2024-04-21 00:00:00,False
BLR,STV,AI,HIST-000,Economy,8132,INR,2024-03-23,14,5,3,12,False,True,50,2024-03-09 00:00:00,False
BOM,IDR,QP,HIST-000,Economy,13250,INR,2025-03-07,14,4,3,10,False,False,50,2025-02-21 00:00:00,False
MAA,PAT,I5,HIST-000,Economy,3050,INR,2024-07-10,14,2,7,28,False,False,50,2024-06-26 00:00:00,False
MAA,STV,2T,HIST-000,Economy,5605,INR,2023-07-07,14,4,7,27,False,False,50,2023-06-23 00:00:00,False
BOM,DEL,6E,HIST-000,Economy,11840,INR,2023-08-26,14,5,8,34,False,True,50,2023-08-12 00:00:00,False
COK,BOM,UK,HIST-000,Economy,9195,INR,2024-06-18,14,1,6,25,False,False,50,2024-06-04 00:00:00,False
AMD,VNS,QP,HIST-000,Economy,13311,INR,2024-09-20,14,4,9,38,False,False,50,2024-09-06 00:00:00,False
MAA,RPR,9I,HIST-000,Economy,9494,INR,2025-03-05,14,2,3,10,False,False,50,2025-02-19 00:00:00,False
GOI,STV,QP,HIST-000,Economy,11844,INR,2024-07-20,14,5,7,29,False,True,50,2024-07-06 00:00:00,False
BBI,NAG,SG,HIST-000,Economy,15347,INR,2025-06-09,14,0,6,24,False,False,50,2025-05-26 00:00:00,False
CCU,AMD,I5,HIST-000,Economy,12560,INR,2024-09-03,14,1,9,36,False,False,50,2024-08-20 00:00:00,False
PNQ,HYD,UK,HIST-000,Economy,8118,INR,2024-05-10,14,4,5,19,False,False,50,2024-04-26 00:00:00,False
COK,AMD,G8,HIST-000,Economy,12209,INR,2023-12-22,14,4,12,51,False,False,50,2023-12-08 00:00:00,False
BLR,BBI,QP,HIST-000,Economy,13150,INR,2025-09-18,14,3,9,38,False,False,50,2025-09-04 00:00:00,False
BOM,LKO,UK,HIST-000,Economy,13357,INR,2023-07-06,14,3,7,27,False,False,50,2023-06-22 00:00:00,False
IDR,DEL,9I,HIST-000,Economy,6624,INR,2023-02-11,14,5,2,6,False,True,50,2023-01-28 00:00:00,False
BBI,GAU,QP,HIST-000,Economy,13652,INR,2025-05-22,14,3,5,21,False,False,50,2025-05-08 00:00:00,False
PNQ,AMD,S5,HIST-000,Economy,3497,INR,2025-01-04,14,5,1,1,False,True,50,2024-12-21 00:00:00,False
MAA,BOM,QP,HIST-000,Economy,6680,INR,2023-05-13,14,5,5,19,False,True,50,2023-04-29 00:00:00,False
RPR,MAA,G8,HIST-000,Economy,15781,INR,2025-11-02,14,6,11,44,False,True,50,2025-10-19 00:00:00,False
CCU,BBI,AI,HIST-000,Economy,10194,INR,2024-12-21,14,5,12,51,False,True,50,2024-12-07 00:00:00,False
NAG,MAA,QP,HIST-000,Economy,8132,INR,2024-05-15,14,2,5,20,False,False,50,2024-05-01 00:00:00,False
JAI,GAU,I5,HIST-000,Economy,13116,INR,2023-08-28,14,0,8,35,False,False,50,2023-08-14 00:00:00,False
BOM,LKO,9I,HIST-000,Economy,8645,INR,2024-10-09,14,2,10,41,False,False,50,2024-09-25 00:00:00,False
GOI,BLR,QP,HIST-000,Economy,8615,INR,2023-06-04,14,6,6,22,False,True,50,2023-05-21 00:00:00,False
GAU,CCU,G8,HIST-000,Economy,12513,INR,2023-12-17,14,6,12,50,False,True,50,2023-12-03 00:00:00,False
PNQ,BLR,UK,HIST-000,Economy,6575,INR,2024-01-04,14,3,1,1,False,False,50,2023-12-21 00:00:00,False
RPR,PAT,G8,HIST-000,Economy,11821,INR,2024-01-26,14,4,1,4,False,False,50,2024-01-12 00:00:00,False
BBI,DEL,2T,HIST-000,Economy,12115,INR,2023-07-15,14,5,7,28,False,True,50,2023-07-01 00:00:00,False
JAI,STV,9I,HIST-000,Economy,12146,INR,2024-10-23,14,2,10,43,False,False,50,2024-10-09 00:00:00,False
COK,BLR,S5,HIST-000,Economy,7186,INR,2025-10-19,14,6,10,42,False,True,50,2025-10-05 00:00:00,False
NAG,BLR,SG,HIST-000,Economy,8321,INR,2023-04-23,14,6,4,16,False,True,50,2023-04-09 00:00:00,False
DEL,LKO,QP,HIST-000,Economy,4708,INR,2025-07-20,14,6,7,29,False,True,50,2025-07-06 00:00:00,False
PAT,COK,SG,HIST-000,Economy,12471,INR,2025-06-13,14,4,6,24,False,False,50,2025-05-30 00:00:00,False
AMD,RPR,G8,HIST-000,Economy,12713,INR,2024-07-16,14,1,7,29,False,False,50,2024-07-02 00:00:00,False
MAA,GOI,9I,HIST-000,Economy,11393,INR,2023-09-22,14,4,9,38,False,False,50,2023-09-08 00:00:00,False
RPR,STV,6E,HIST-000,Economy,3916,INR,2024-04-11,14,3,4,15,False,False,50,2024-03-28 00:00:00,False
COK,GOI,6E,HIST-000,Economy,9356,INR,2024-06-17,14,0,6,25,False,False,50,2024-06-03 00:00:00,False
DEL,NAG,G8,HIST-000,Economy,11794,INR,2025-12-12,14,4,12,50,False,False,50,2025-11-28 00:00:00,False
HYD,JAI,2T,HIST-000,Economy,9828,INR,2023-02-04,14,5,2,5,False,True,50,2023-01-21 00:00:00,False
IDR,VNS,2T,HIST-000,Economy,5574,INR,2024-05-10,14,4,5,19,False,False,50,2024-04-26 00:00:00,False
HYD,GAU,AI,HIST-000,Economy,10686,INR,2024-04-09,14,1,4,15,False,False,50,2024-03-26 00:00:00,False
BBI,DEL,UK,HIST-000,Economy,6655,INR,2024-10-05,14,5,10,40,False,True,50,2024-09-21 00:00:00,False
IDR,BBI,AI,HIST-000,Economy,10311,INR,2025-10-18,14,5,10,42,False,True,50,2025-10-04 00:00:00,False
PAT,RPR,I5,HIST-000,Economy,9013,INR,2023-09-04,14,0,9,36,False,False,50,2023-08-21 00:00:00,False
BBI,GAU,QP,HIST-000,Economy,12505,INR,2025-07-05,14,5,7,27,False,True,50,2025-06-21 00:00:00,False
DEL,LKO,6E,HIST-000,Economy,9444,INR,2023-10-01,14,6,10,39,False,True,50,2023-09-17 00:00:00,False
LKO,HYD,2T,HIST-000,Economy,10562,INR,2024-01-02,14,1,1,1,False,False,50,2023-12-19 00:00:00,False
COK,HYD,6E,HIST-000,Economy,10586,INR,2023-06-28,14,2,6,26,False,False,50,2023-06-14 00:00:00,False
COK,PNQ,UK,HIST-000,Economy,13834,INR,2025-05-03,14,5,5,18,False,True,50,2025-04-19 00:00:00,False
MAA,COK,UK,HIST-000,Economy,5311,INR,2024-07-17,14,2,7,29,False,False,50,2024-07-03 00:00:00,False
GOI,PAT,QP,HIST-000,Economy,10837,INR,2025-03-19,14,2,3,12,False,False,50,2025-03-05 00:00:00,False
HYD,BLR,QP,HIST-000,Economy,9603,INR,2025-03-12,14,2,3,11,False,False,50,2025-02-26 00:00:00,False
VNS,MAA,2T,HIST-000,Economy,15276,INR,2025-09-19,14,4,9,38,False,False,50,2025-09-05 00:00:00,False
PNQ,GAU,QP,HIST-000,Economy,13759,INR,2024-05-11,14,5,5,19,False,True,50,2024-04-27 00:00:00,False
VNS,DEL,QP,HIST-000,Economy,6164,INR,2025-11-03,14,0,11,45,False,False,50,2025-10-20 00:00:00,False
NAG,RPR,2T,HIST-000,Economy,9149,INR,2025-03-16,14,6,3,11,False,True,50,2025-03-02 00:00:00,False
MAA,IDR,UK,HIST-000,Economy,8498,INR,2023-10-16,14,0,10,42,False,False,50,2023-10-02 00:00:00,False
RPR,AMD,I5,HIST-000,Economy,10192,INR,2023-12-28,14,3,12,52,False,False,50,2023-12-14 00:00:00,False
CCU,IDR,G8,HIST-000,Economy,14866,INR,2025-01-19,14,6,1,3,False,True,50,2025-01-05 00:00:00,False
BLR,LKO,9I,HIST-000,Economy,6089,INR,2025-01-07,14,1,1,2,False,False,50,2024-12-24 00:00:00,False
VNS,AMD,S5,HIST-000,Economy,8498,INR,2025-12-06,14,5,12,49,False,True,50,2025-11-22 00:00:00,False
NAG,COK,QP,HIST-000,Economy,13775,INR,2023-06-11,14,6,6,23,False,True,50,2023-05-28 00:00:00,False
PAT,IDR,I5,HIST-000,Economy,11803,INR,2023-07-02,14,6,7,26,False,True,50,2023-06-18 00:00:00,False
RPR,VNS,QP,HIST-000,Economy,9187,INR,2024-10-10,14,3,10,41,False,False,50,2024-09-26 00:00:00,False
VNS,HYD,2T,HIST-000,Economy,10122,INR,2024-06-22,14,5,6,25,False,True,50,2024-06-08 00:00:00,False
BLR,NAG,S5,HIST-000,Economy,11783,INR,2023-05-05,14,4,5,18,False,False,50,2023-04-21 00:00:00,False
GOI,BOM,G8,HIST-000,Economy,12624,INR,2025-07-01,14,1,7,27,False,False,50,2025-06-17 00:00:00,False
RPR,HYD,2T,HIST-000,Economy,6010,INR,2023-11-09,14,3,11,45,False,False,50,2023-10-26 00:00:00,False
DEL,BLR,G8,HIST-000,Economy,9723,INR,2023-11-10,14,4,11,45,False,False,50,2023-10-27 00:00:00,False
BOM,COK,I5,HIST-000,Economy,12405,INR,2023-03-06,14,0,3,10,False,False,50,2023-02-20 00:00:00,False
MAA,PNQ,G8,HIST-000,Economy,8287,INR,2023-06-13,14,1,6,24,False,False,50,2023-05-30 00:00:00,False
STV,HYD,UK,HIST-000,Economy,9224,INR,2024-02-05,14,0,2,6,False,False,50,2024-01-22 00:00:00,False
STV,NAG,AI,HIST-000,Economy,7222,INR,2024-02-20,14,1,2,8,False,False,50,2024-02-06 00:00:00,False
COK,JAI,AI,HIST-000,Economy,6720,INR,2024-01-21,14,6,1,3,False,True,50,2024-01-07 00:00:00,False
GAU,CCU,AI,HIST-000,Economy,7842,INR,2025-01-22,14,2,1,4,False,False,50,2025-01-08 00:00:00,False
PNQ,JAI,SG,HIST-000,Economy,13188,INR,2024-01-10,14,2,1,2,False,False,50,2023-12-27 00:00:00,False
GOI,AMD,9I,HIST-000,Economy,10185,INR,2025-05-19,14,0,5,21,False,False,50,2025-05-05 00:00:00,False
JAI,GAU,UK,HIST-000,Economy,17238,INR,2023-10-21,14,5,10,42,False,True,50,2023-10-07 00:00:00,False
COK,BLR,G8,HIST-000,Economy,6044,INR,2025-07-10,14,3,7,28,False,False,50,2025-06-26 00:00:00,False
COK,BOM,2T,HIST-000,Economy,13942,INR,2025-07-27,14,6,7,30,False,True,50,2025-07-13 00:00:00,False
GAU,HYD,QP,HIST-000,Economy,5418,INR,2024-05-12,14,6,5,19,False,True,50,2024-04-28 00:00:00,False
BOM,CCU,G8,HIST-000,Economy,8229,INR,2023-06-02,14,4,6,22,False,False,50,2023-05-19 00:00:00,False
STV,GOI,S5,HIST-000,Economy,10893,INR,2023-02-28,14,1,2,9,False,False,50,2023-02-14 00:00:00,False
LKO,DEL,S5,HIST-000,Economy,9251,INR,2023-04-21,14,4,4,16,False,False,50,2023-04-07 00:00:00,False
CCU,PAT,9I,HIST-000,Economy,8832,INR,2024-05-26,14,6,5,21,False,True,50,2024-05-12 00:00:00,False
RPR,CCU,I5,HIST-000,Economy,7641,INR,2025-03-23,14,6,3,12,False,True,50,2025-03-09 00:00:00,False
AMD,NAG,2T,HIST-000,Economy,9638,INR,2023-10-09,14,0,10,41,False,False,50,2023-09-25 00:00:00,False
PAT,JAI,AI,HIST-000,Economy,3373,INR,2023-10-08,14,6,10,40,False,True,50,2023-09-24 00:00:00,False
LKO,BBI,9I,HIST-000,Economy,14211,INR,2023-09-27,14,2,9,39,False,False,50,2023-09-13 00:00:00,False
NAG,RPR,UK,HIST-000,Economy,5678,INR,2025-01-17,14,4,1,3,False,False,50,2025-01-03 00:00:00,False
NAG,BOM,UK,HIST-000,Economy,9074,INR,2024-03-26,14,1,3,13,False,False,50,2024-03-12 00:00:00,False
PNQ,RPR,QP,HIST-000,Economy,11079,INR,2025-12-16,14,1,12,51,False,False,50,2025-12-02 00:00:00,False
PAT,GAU,G8,HIST-000,Economy,9217,INR,2023-08-04,14,4,8,31,False,False,50,2023-07-21 00:00:00,False
STV,VNS,SG,HIST-000,Economy,10377,INR,2024-09-18,14,2,9,38,False,False,50,2024-09-04 00:00:00,False
AMD,BBI,AI,HIST-000,Economy,11140,INR,2023-07-25,14,1,7,30,False,False,50,2023-07-11 00:00:00,False
NAG,IDR,AI,HIST-000,Economy,12712,INR,2024-04-10,14,2,4,15,False,False,50,2024-03-27 00:00:00,False
VNS,CCU,AI,HIST-000,Economy,12105,INR,2024-02-27,14,1,2,9,False,False,50,2024-02-13 00:00:00,False
BLR,GOI,UK,HIST-000,Economy,13944,INR,2025-02-10,14,0,2,7,False,False,50,2025-01-27 00:00:00,False
AMD,IDR,6E,HIST-000,Economy,8432,INR,2024-06-19,14,2,6,25,False,False,50,2024-06-05 00:00:00,False
VNS,BOM,UK,HIST-000,Economy,14374,INR,2024-09-07,14,5,9,36,False,True,50,2024-08-24 00:00:00,False
RPR,BOM,2T,HIST-000,Economy,10379,INR,2025-01-01,14,2,1,1,False,False,50,2024-12-18 00:00:00,False
RPR,HYD,AI,HIST-000,Economy,6899,INR,2025-08-11,14,0,8,33,False,False,50,2025-07-28 00:00:00,False
IDR,NAG,6E,HIST-000,Economy,3105,INR,2023-07-09,14,6,7,27,False,True,50,2023-06-25 00:00:00,False
DEL,BBI,G8,HIST-000,Economy,13025,INR,2025-10-09,14,3,10,41,False,False,50,2025-09-25 00:00:00,False
AMD,GAU,SG,HIST-000,Economy,6325,INR,2025-07-14,14,0,7,29,False,False,50,2025-06-30 00:00:00,False
AMD,STV,SG,HIST-000,Economy,7845,INR,2025-05-10,14,5,5,19,False,True,50,2025-04-26 00:00:00,False
MAA,BLR,S5,HIST-000,Economy,15038,INR,2023-05-04,14,3,5,18,False,False,50,2023-04-20 00:00:00,False
BBI,CCU,2T,HIST-000,Economy,7487,INR,2025-10-16,14,3,10,42,False,False,50,2025-10-02 00:00:00,False
MAA,BOM,I5,HIST-000,Economy,11533,INR,2023-09-10,14,6,9,36,False,True,50,2023-08-27 00:00:00,False
PNQ,GAU,UK,HIST-000,Economy,6683,INR,2023-10-17,14,1,10,42,False,False,50,2023-10-03 00:00:00,False
PNQ,COK,9I,HIST-000,Economy,15893,INR,2024-01-28,14,6,1,4,False,True,50,2024-01-14 00:00:00,False
GOI,CCU,I5,HIST-000,Economy,10557,INR,2023-03-01,14,2,3,9,False,False,50,2023-02-15 00:00:00,False
BLR,GOI,QP,HIST-000,Economy,6104,INR,2023-11-20,14,0,11,47,False,False,50,2023-11-06 00:00:00,False
HYD,BBI,QP,HIST-000,Economy,8866,INR,2024-08-25,14,6,8,34,False,True,50,2024-08-11 00:00:00,False
GAU,LKO,QP,HIST-000,Economy,5975,INR,2025-02-01,14,5,2,5,False,True,50,2025-01-18 00:00:00,False
RPR,STV,6E,HIST-000,Economy,10904,INR,2023-02-18,14,5,2,7,False,True,50,2023-02-04 00:00:00,False
LKO,JAI,UK,HIST-000,Economy,9663,INR,2023-04-18,14,1,4,16,False,False,50,2023-04-04 00:00:00,False
BBI,RPR,AI,HIST-000,Economy,8394,INR,2023-01-05,14,3,1,1,False,False,50,2022-12-22 00:00:00,False
STV,PNQ,I5,HIST-000,Economy,14400,INR,2023-12-21,14,3,12,51,False,False,50,2023-12-07 00:00:00,False
NAG,GAU,AI,HIST-000,Economy,13711,INR,2023-12-25,14,0,12,52,False,False,50,2023-12-11 00:00:00,False
PNQ,BOM,QP,HIST-000,Economy,9078,INR,2023-02-04,14,5,2,5,False,True,50,2023-01-21 00:00:00,False
VNS,AMD,6E,HIST-000,Economy,10559,INR,2023-08-05,14,5,8,31,False,True,50,2023-07-22 00:00:00,False
MAA,GAU,SG,HIST-000,Economy,9777,INR,2024-05-28,14,1,5,22,False,False,50,2024-05-14 00:00:00,False
COK,PAT,SG,HIST-000,Economy,6264,INR,2025-08-25,14,0,8,35,False,False,50,2025-08-11 00:00:00,False
GOI,BLR,SG,HIST-000,Economy,15398,INR,2023-11-01,14,2,11,44,False,False,50,2023-10-18 00:00:00,False
CCU,PNQ,G8,HIST-000,Economy,11473,INR,2025-01-05,14,6,1,1,False,True,50,2024-12-22 00:00:00,False
PNQ,MAA,G8,HIST-000,Economy,4883,INR,2024-01-15,14,0,1,3,False,False,50,2024-01-01 00:00:00,False
AMD,MAA,AI,HIST-000,Economy,11619,INR,2025-07-02,14,2,7,27,False,False,50,2025-06-18 00:00:00,False
NAG,LKO,9I,HIST-000,Economy,8843,INR,2024-10-15,14,1,10,42,False,False,50,2024-10-01 00:00:00,False
IDR,GAU,SG,HIST-000,Economy,3984,INR,2025-04-23,14,2,4,17,False,False,50,2025-04-09 00:00:00,False
COK,IDR,6E,HIST-000,Economy,4557,INR,2025-09-24,14,2,9,39,False,False,50,2025-09-10 00:00:00,False
JAI,IDR,G8,HIST-000,Economy,6997,INR,2023-06-13,14,1,6,24,False,False,50,2023-05-30 00:00:00,False
BLR,CCU,QP,HIST-000,Economy,5725,INR,2023-04-16,14,6,4,15,False,True,50,2023-04-02 00:00:00,False
GOI,STV,S5,HIST-000,Economy,7985,INR,2024-11-12,14,1,11,46,False,False,50,2024-10-29 00:00:00,False
PNQ,RPR,6E,HIST-000,Economy,14469,INR,2025-08-23,14,5,8,34,False,True,50,2025-08-09 00:00:00,False
GOI,BLR,9I,HIST-000,Economy,7814,INR,2024-11-23,14,5,11,47,False,True,50,2024-11-09 00:00:00,False
BBI,DEL,SG,HIST-000,Economy,8097,INR,2023-04-13,14,3,4,15,False,False,50,2023-03-30 00:00:00,False
BOM,COK,I5,HIST-000,Economy,13935,INR,2023-09-25,14,0,9,39,False,False,50,2023-09-11 00:00:00,False
STV,PNQ,9I,HIST-000,Economy,11438,INR,2023-08-26,14,5,8,34,False,True,50,2023-08-12 00:00:00,False
LKO,BLR,SG,HIST-000,Economy,8334,INR,2024-06-14,14,4,6,24,False,False,50,2024-05-31 00:00:00,False
AMD,GAU,UK,HIST-000,Economy,7048,INR,2025-04-27,14,6,4,17,False,True,50,2025-04-13 00:00:00,False
BBI,IDR,AI,HIST-000,Economy,9206,INR,2025-05-13,14,1,5,20,False,False,50,2025-04-29 00:00:00,False
BBI,STV,S5,HIST-000,Economy,6726,INR,2023-01-08,14,6,1,1,False,True,50,2022-12-25 00:00:00,False
BBI,VNS,QP,HIST-000,Economy,14351,INR,2024-04-11,14,3,4,15,False,False,50,2024-03-28 00:00:00,False
RPR,STV,I5,HIST-000,Economy,13632,INR,2025-06-21,14,5,6,25,False,True,50,2025-06-07 00:00:00,False
JAI,GAU,9I,HIST-000,Economy,8594,INR,2023-07-08,14,5,7,27,False,True,50,2023-06-24 00:00:00,False
LKO,MAA,UK,HIST-000,Economy,9867,INR,2025-01-01,14,2,1,1,False,False,50,2024-12-18 00:00:00,False
DEL,BLR,9I,HIST-000,Economy,12592,INR,2025-06-12,14,3,6,24,False,False,50,2025-05-29 00:00:00,False
STV,AMD,G8,HIST-000,Economy,17736,INR,2025-04-04,14,4,4,14,False,False,50,2025-03-21 00:00:00,False
VNS,BBI,9I,HIST-000,Economy,7420,INR,2024-07-07,14,6,7,27,False,True,50,2024-06-23 00:00:00,False
RPR,GAU,2T,HIST-000,Economy,8351,INR,2025-12-21,14,6,12,51,False,True,50,2025-12-07 00:00:00,False
MAA,GOI,2T,HIST-000,Economy,4573,INR,2025-12-01,14,0,12,49,False,False,50,2025-11-17 00:00:00,False
PAT,LKO,I5,HIST-000,Economy,11253,INR,2024-07-06,14,5,7,27,False,True,50,2024-06-22 00:00:00,False
IDR,STV,I5,HIST-000,Economy,11458,INR,2023-12-05,14,1,12,49,False,False,50,2023-11-21 00:00:00,False
NAG,PNQ,9I,HIST-000,Economy,10128,INR,2025-08-24,14,6,8,34,False,True,50,2025-08-10 00:00:00,False
BLR,PAT,9I,HIST-000,Economy,11721,INR,2023-11-25,14,5,11,47,False,True,50,2023-11-11 00:00:00,False
GOI,PAT,2T,HIST-000,Economy,5150,INR,2024-08-11,14,6,8,32,False,True,50,2024-07-28 00:00:00,False
NAG,COK,G8,HIST-000,Economy,11355,INR,2023-12-11,14,0,12,50,False,False,50,2023-11-27 00:00:00,False
HYD,RPR,I5,HIST-000,Economy,12223,INR,2023-06-11,14,6,6,23,False,True,50,2023-05-28 00:00:00,False
BOM,VNS,G8,HIST-000,Economy,12239,INR,2023-11-10,14,4,11,45,False,False,50,2023-10-27 00:00:00,False
GAU,BBI,9I,HIST-000,Economy,13180,INR,2024-05-15,14,2,5,20,False,False,50,2024-05-01 00:00:00,False
GOI,BLR,S5,HIST-000,Economy,11043,INR,2024-08-04,14,6,8,31,False,True,50,2024-07-21 00:00:00,False
BBI,MAA,SG,HIST-000,Economy,5643,INR,2023-12-14,14,3,12,50,False,False,50,2023-11-30 00:00:00,False
BLR,CCU,AI,HIST-000,Economy,5407,INR,2025-02-23,14,6,2,8,False,True,50,2025-02-09 00:00:00,False
BBI,LKO,G8,HIST-000,Economy,9049,INR,2025-07-04,14,4,7,27,False,False,50,2025-06-20 00:00:00,False
RPR,BOM,6E,HIST-000,Economy,10569,INR,2024-02-12,14,0,2,7,False,False,50,2024-01-29 00:00:00,False
BBI,BLR,6E,HIST-000,Economy,16140,INR,2025-12-26,14,4,12,52,False,False,50,2025-12-12 00:00:00,False
MAA,RPR,G8,HIST-000,Economy,11905,INR,2023-07-09,14,6,7,27,False,True,50,2023-06-25 00:00:00,False
MAA,COK,6E,HIST-000,Economy,10629,INR,2024-03-07,14,3,3,10,False,False,50,2024-02-22 00:00:00,False
NAG,RPR,QP,HIST-000,Economy,12701,INR,2023-01-24,14,1,1,4,False,False,50,2023-01-10 00:00:00,False
PNQ,RPR,SG,HIST-000,Economy,9994,INR,2023-10-14,14,5,10,41,False,True,50,2023-09-30 00:00:00,False
COK,MAA,I5,HIST-000,Economy,11486,INR,2025-05-01,14,3,5,18,False,False,50,2025-04-17 00:00:00,False
DEL,HYD,SG,HIST-000,Economy,7711,INR,2025-10-24,14,4,10,43,False,False,50,2025-10-10 00:00:00,False
BLR,IDR,AI,HIST-000,Economy,15758,INR,2024-03-28,14,3,3,13,False,False,50,2024-03-14 00:00:00,False
HYD,LKO,UK,HIST-000,Economy,6280,INR,2023-12-15,14,4,12,50,False,False,50,2023-12-01 00:00:00,False
PAT,NAG,SG,HIST-000,Economy,12037,INR,2025-03-13,14,3,3,11,False,False,50,2025-02-27 00:00:00,False
VNS,NAG,I5,HIST-000,Economy,8722,INR,2024-05-15,14,2,5,20,False,False,50,2024-05-01 00:00:00,False
PAT,GOI,I5,HIST-000,Economy,9975,INR,2024-04-16,14,1,4,16,False,False,50,2024-04-02 00:00:00,False
BOM,STV,S5,HIST-000,Economy,11122,INR,2024-12-08,14,6,12,49,False,True,50,2024-11-24 00:00:00,False
LKO,BBI,6E,HIST-000,Economy,6386,INR,2025-09-11,14,3,9,37,False,False,50,2025-08-28 00:00:00,False
HYD,GOI,I5,HIST-000,Economy,7358,INR,2025-11-10,14,0,11,46,False,False,50,2025-10-27 00:00:00,False
BLR,VNS,9I,HIST-000,Economy,9591,INR,2023-01-15,14,6,1,2,False,True,50,2023-01-01 00:00:00,False
PNQ,CCU,9I,HIST-000,Economy,12289,INR,2025-07-06,14,6,7,27,False,True,50,2025-06-22 00:00:00,False
AMD,COK,QP,HIST-000,Economy,10679,INR,2025-08-09,14,5,8,32,False,True,50,2025-07-26 00:00:00,False
BBI,BOM,AI,HIST-000,Economy,8432,INR,2025-02-24,14,0,2,9,False,False,50,2025-02-10 00:00:00,False
CCU,BOM,QP,HIST-000,Economy,12319,INR,2025-09-03,14,2,9,36,False,False,50,2025-08-20 00:00:00,False
PAT,BLR,9I,HIST-000,Economy,10243,INR,2025-03-12,14,2,3,11,False,False,50,2025-02-26 00:00:00,False
STV,PNQ,AI,HIST-000,Economy,9759,INR,2024-05-25,14,5,5,21,False,True,50,2024-05-11 00:00:00,False
MAA,IDR,UK,HIST-000,Economy,9687,INR,2024-02-06,14,1,2,6,False,False,50,2024-01-23 00:00:00,False
AMD,LKO,G8,HIST-000,Economy,5633,INR,2025-07-14,14,0,7,29,False,False,50,2025-06-30 00:00:00,False
BLR,IDR,SG,HIST-000,Economy,13342,INR,2025-10-23,14,3,10,43,False,False,50,2025-10-09 00:00:00,False
IDR,DEL,2T,HIST-000,Economy,15085,INR,2023-12-25,14,0,12,52,False,False,50,2023-12-11 00:00:00,False
GAU,PNQ,AI,HIST-000,Economy,7343,INR,2024-09-23,14,0,9,39,False,False,50,2024-09-09 00:00:00,False
STV,BOM,AI,HIST-000,Economy,6170,INR,2023-08-23,14,2,8,34,False,False,50,2023-08-09 00:00:00,False
BLR,GOI,I5,HIST-000,Economy,9201,INR,2025-06-22,14,6,6,25,False,True,50,2025-06-08 00:00:00,False
PNQ,VNS,I5,HIST-000,Economy,4150,INR,2025-08-06,14,2,8,32,False,False,50,2025-07-23 00:00:00,False
PNQ,COK,AI,HIST-000,Economy,10420,INR,2025-11-04,14,1,11,45,False,False,50,2025-10-21 00:00:00,False
DEL,CCU,QP,HIST-000,Economy,7814,INR,2023-07-13,14,3,7,28,False,False,50,2023-06-29 00:00:00,False
HYD,MAA,UK,HIST-000,Economy,13438,INR,2023-06-09,14,4,6,23,False,False,50,2023-05-26 00:00:00,False
DEL,BLR,9I,HIST-000,Economy,9740,INR,2025-09-02,14,1,9,36,False,False,50,2025-08-19 00:00:00,False
RPR,DEL,UK,HIST-000,Economy,12764,INR,2025-01-18,14,5,1,3,False,True,50,2025-01-04 00:00:00,False
COK,BLR,SG,HIST-000,Economy,12242,INR,2024-07-06,14,5,7,27,False,True,50,2024-06-22 00:00:00,False
IDR,MAA,I5,HIST-000,Economy,9959,INR,2023-11-10,14,4,11,45,False,False,50,2023-10-27 00:00:00,False
AMD,LKO,I5,HIST-000,Economy,9114,INR,2023-05-12,14,4,5,19,False,False,50,2023-04-28 00:00:00,False
JAI,AMD,2T,HIST-000,Economy,4104,INR,2024-07-26,14,4,7,30,False,False,50,2024-07-12 00:00:00,False
CCU,GAU,UK,HIST-000,Economy,9949,INR,2024-07-01,14,0,7,27,False,False,50,2024-06-17 00:00:00,False
IDR,LKO,UK,HIST-000,Economy,6388,INR,2023-07-24,14,0,7,30,False,False,50,2023-07-10 00:00:00,False
RPR,LKO,AI,HIST-000,Economy,8652,INR,2023-09-01,14,4,9,35,False,False,50,2023-08-18 00:00:00,False
PNQ,JAI,SG,HIST-000,Economy,5721,INR,2023-03-25,14,5,3,12,False,True,50,2023-03-11 00:00:00,False
GOI,PAT,G8,HIST-000,Economy,7108,INR,2023-06-19,14,0,6,25,False,False,50,2023-06-05 00:00:00,False
PAT,HYD,I5,HIST-000,Economy,6700,INR,2024-12-28,14,5,12,52,False,True,50,2024-12-14 00:00:00,False
JAI,BLR,6E,HIST-000,Economy,11882,INR,2024-11-27,14,2,11,48,False,False,50,2024-11-13 00:00:00,False
BOM,GOI,2T,HIST-000,Economy,9613,INR,2024-11-28,14,3,11,48,False,False,50,2024-11-14 00:00:00,False
HYD,PAT,AI,HIST-000,Economy,8971,INR,2024-10-11,14,4,10,41,False,False,50,2024-09-27 00:00:00,False
PNQ,JAI,G8,HIST-000,Economy,12883,INR,2024-04-25,14,3,4,17,False,False,50,2024-04-11 00:00:00,False
JAI,VNS,SG,HIST-000,Economy,4040,INR,2025-07-16,14,2,7,29,False,False,50,2025-07-02 00:00:00,False
DEL,MAA,9I,HIST-000,Economy,13285,INR,2024-01-28,14,6,1,4,False,True,50,2024-01-14 00:00:00,False
LKO,BBI,SG,HIST-000,Economy,13204,INR,2024-09-09,14,0,9,37,False,False,50,2024-08-26 00:00:00,False
COK,PAT,QP,HIST-000,Economy,13641,INR,2025-04-07,14,0,4,15,False,False,50,2025-03-24 00:00:00,False
RPR,BOM,2T,HIST-000,Economy,8790,INR,2025-04-21,14,0,4,17,False,False,50,2025-04-07 00:00:00,False
VNS,IDR,SG,HIST-000,Economy,6307,INR,2025-08-02,14,5,8,31,False,True,50,2025-07-19 00:00:00,False
VNS,RPR,AI,HIST-000,Economy,12990,INR,2023-03-22,14,2,3,12,False,False,50,2023-03-08 00:00:00,False
HYD,STV,QP,HIST-000,Economy,11358,INR,2024-10-02,14,2,10,40,False,False,50,2024-09-18 00:00:00,False
STV,BLR,2T,HIST-000,Economy,10474,INR,2024-08-08,14,3,8,32,False,False,50,2024-07-25 00:00:00,False
GOI,PAT,UK,HIST-000,Economy,10050,INR,2024-08-27,14,1,8,35,False,False,50,2024-08-13 00:00:00,False
IDR,STV,I5,HIST-000,Economy,8576,INR,2024-03-22,14,4,3,12,False,False,50,2024-03-08 00:00:00,False
COK,BLR,2T,HIST-000,Economy,11083,INR,2023-05-25,14,3,5,21,False,False,50,2023-05-11 00:00:00,False
VNS,RPR,6E,HIST-000,Economy,9825,INR,2023-07-28,14,4,7,30,False,False,50,2023-07-14 00:00:00,False
COK,LKO,9I,HIST-000,Economy,7984,INR,2024-04-04,14,3,4,14,False,False,50,2024-03-21 00:00:00,False
GAU,HYD,2T,HIST-000,Economy,10735,INR,2024-12-27,14,4,12,52,False,False,50,2024-12-13 00:00:00,False
GAU,AMD,G8,HIST-000,Economy,13687,INR,2023-03-07,14,1,3,10,False,False,50,2023-02-21 00:00:00,False
STV,GOI,2T,HIST-000,Economy,8641,INR,2023-11-24,14,4,11,47,False,False,50,2023-11-10 00:00:00,False
BBI,BOM,G8,HIST-000,Economy,7025,INR,2023-06-20,14,1,6,25,False,False,50,2023-06-06 00:00:00,False
GOI,BBI,AI,HIST-000,Economy,10458,INR,2024-06-17,14,0,6,25,False,False,50,2024-06-03 00:00:00,False
COK,VNS,I5,HIST-000,Economy,7768,INR,2025-01-13,14,0,1,3,False,False,50,2024-12-30 00:00:00,False
STV,IDR,QP,HIST-000,Economy,10461,INR,2025-08-25,14,0,8,35,False,False,50,2025-08-11 00:00:00,False
JAI,COK,AI,HIST-000,Economy,13813,INR,2023-02-11,14,5,2,6,False,True,50,2023-01-28 00:00:00,False
HYD,VNS,QP,HIST-000,Economy,8928,INR,2025-01-15,14,2,1,3,False,False,50,2025-01-01 00:00:00,False
RPR,CCU,G8,HIST-000,Economy,11092,INR,2023-05-02,14,1,5,18,False,False,50,2023-04-18 00:00:00,False
MAA,VNS,AI,HIST-000,Economy,14334,INR,2025-10-28,14,1,10,44,False,False,50,2025-10-14 00:00:00,False
NAG,HYD,AI,HIST-000,Economy,12005,INR,2023-04-11,14,1,4,15,False,False,50,2023-03-28 00:00:00,False
PAT,NAG,9I,HIST-000,Economy,5889,INR,2025-12-28,14,6,12,52,False,True,50,2025-12-14 00:00:00,False
VNS,HYD,UK,HIST-000,Economy,8912,INR,2025-01-07,14,1,1,2,False,False,50,2024-12-24 00:00:00,False
MAA,JAI,UK,HIST-000,Economy,8676,INR,2023-03-04,14,5,3,9,False,True,50,2023-02-18 00:00:00,False
HYD,CCU,9I,HIST-000,Economy,3286,INR,2024-04-01,14,0,4,14,False,False,50,2024-03-18 00:00:00,False
DEL,LKO,I5,HIST-000,Economy,6438,INR,2024-03-03,14,6,3,9,False,True,50,2024-02-18 00:00:00,False
PNQ,COK,SG,HIST-000,Economy,4075,INR,2023-04-18,14,1,4,16,False,False,50,2023-04-04 00:00:00,False
BOM,VNS,AI,HIST-000,Economy,14273,INR,2023-08-26,14,5,8,34,False,True,50,2023-08-12 00:00:00,False
STV,BLR,UK,HIST-000,Economy,12549,INR,2025-08-01,14,4,8,31,False,False,50,2025-07-18 00:00:00,False
IDR,AMD,6E,HIST-000,Economy,5614,INR,2023-01-05,14,3,1,1,False,False,50,2022-12-22 00:00:00,False
AMD,PNQ,I5,HIST-000,Economy,11405,INR,2024-06-18,14,1,6,25,False,False,50,2024-06-04 00:00:00,False
COK,STV,2T,HIST-000,Economy,6135,INR,2024-03-08,14,4,3,10,False,False,50,2024-02-23 00:00:00,False
GAU,MAA,QP,HIST-000,Economy,10495,INR,2023-06-10,14,5,6,23,False,True,50,2023-05-27 00:00:00,False
MAA,AMD,QP,HIST-000,Economy,11534,INR,2023-11-06,14,0,11,45,False,False,50,2023-10-23 00:00:00,False
RPR,IDR,I5,HIST-000,Economy,10979,INR,2025-07-02,14,2,7,27,False,False,50,2025-06-18 00:00:00,False
CCU,PAT,SG,HIST-000,Economy,11677,INR,2025-05-21,14,2,5,21,False,False,50,2025-05-07 00:00:00,False
LKO,COK,SG,HIST-000,Economy,4313,INR,2023-05-10,14,2,5,19,False,False,50,2023-04-26 00:00:00,False
DEL,AMD,9I,HIST-000,Economy,6230,INR,2023-11-12,14,6,11,45,False,True,50,2023-10-29 00:00:00,False
PNQ,BOM,QP,HIST-000,Economy,17232,INR,2024-12-04,14,2,12,49,False,False,50,2024-11-20 00:00:00,False
AMD,MAA,UK,HIST-000,Economy,10232,INR,2023-02-18,14,5,2,7,False,True,50,2023-02-04 00:00:00,False
GAU,JAI,9I,HIST-000,Economy,13054,INR,2024-01-04,14,3,1,1,False,False,50,2023-12-21 00:00:00,False
GOI,STV,9I,HIST-000,Economy,10923,INR,2025-04-17,14,3,4,16,False,False,50,2025-04-03 00:00:00,False
AMD,BOM,6E,HIST-000,Economy,14661,INR,2024-05-07,14,1,5,19,False,False,50,2024-04-23 00:00:00,False
GAU,RPR,G8,HIST-000,Economy,4973,INR,2023-05-27,14,5,5,21,False,True,50,2023-05-13 00:00:00,False
DEL,CCU,AI,HIST-000,Economy,5351,INR,2023-02-01,14,2,2,5,False,False,50,2023-01-18 00:00:00,False
AMD,CCU,G8,HIST-000,Economy,13749,INR,2025-03-18,14,1,3,12,False,False,50,2025-03-04 00:00:00,False
PAT,AMD,SG,HIST-000,Economy,9413,INR,2025-02-10,14,0,2,7,False,False,50,2025-01-27 00:00:00,False
MAA,STV,6E,HIST-000,Economy,9619,INR,2025-09-04,14,3,9,36,False,False,50,2025-08-21 00:00:00,False
PNQ,BLR,9I,HIST-000,Economy,9167,INR,2025-02-06,14,3,2,6,False,False,50,2025-01-23 00:00:00,False
BLR,NAG,2T,HIST-000,Economy,10877,INR,2023-04-19,14,2,4,16,False,False,50,2023-04-05 00:00:00,False
JAI,STV,I5,HIST-000,Economy,15213,INR,2025-08-09,14,5,8,32,False,True,50,2025-07-26 00:00:00,False
AMD,LKO,UK,HIST-000,Economy,7684,INR,2024-07-14,14,6,7,28,False,True,50,2024-06-30 00:00:00,False
MAA,AMD,6E,HIST-000,Economy,4598,INR,2024-07-23,14,1,7,30,False,False,50,2024-07-09 00:00:00,False
DEL,STV,UK,HIST-000,Economy,12166,INR,2023-05-03,14,2,5,18,False,False,50,2023-04-19 00:00:00,False
GOI,CCU,AI,HIST-000,Economy,6663,INR,2023-12-14,14,3,12,50,False,False,50,2023-11-30 00:00:00,False
COK,VNS,2T,HIST-000,Economy,6201,INR,2025-07-14,14,0,7,29,False,False,50,2025-06-30 00:00:00,False
COK,BLR,G8,HIST-000,Economy,14767,INR,2023-03-03,14,4,3,9,False,False,50,2023-02-17 00:00:00,False
LKO,BBI,G8,HIST-000,Economy,14180,INR,2023-02-19,14,6,2,7,False,True,50,2023-02-05 00:00:00,False
DEL,STV,9I,HIST-000,Economy,8123,INR,2025-07-26,14,5,7,30,False,True,50,2025-07-12 00:00:00,False
VNS,CCU,2T,HIST-000,Economy,3439,INR,2024-12-17,14,1,12,51,False,False,50,2024-12-03 00:00:00,False
BLR,CCU,UK,HIST-000,Economy,13678,INR,2024-03-08,14,4,3,10,False,False,50,2024-02-23 00:00:00,False
BOM,COK,S5,HIST-000,Economy,8361,INR,2024-09-01,14,6,9,35,False,True,50,2024-08-18 00:00:00,False
NAG,BLR,QP,HIST-000,Economy,5730,INR,2024-02-01,14,3,2,5,False,False,50,2024-01-18 00:00:00,False
JAI,PAT,I5,HIST-000,Economy,11331,INR,2024-09-14,14,5,9,37,False,True,50,2024-08-31 00:00:00,False
IDR,DEL,2T,HIST-000,Economy,9889,INR,2023-10-02,14,0,10,40,False,False,50,2023-09-18 00:00:00,False
BOM,GAU,SG,HIST-000,Economy,3621,INR,2024-04-23,14,1,4,17,False,False,50,2024-04-09 00:00:00,False
AMD,HYD,I5,HIST-000,Economy,8459,INR,2023-08-24,14,3,8,34,False,False,50,2023-08-10 00:00:00,False
GOI,JAI,6E,HIST-000,Economy,10490,INR,2024-02-08,14,3,2,6,False,False,50,2024-01-25 00:00:00,False
GOI,PAT,2T,HIST-000,Economy,14851,INR,2024-05-22,14,2,5,21,False,False,50,2024-05-08 00:00:00,False
PAT,STV,6E,HIST-000,Economy,5912,INR,2025-03-26,14,2,3,13,False,False,50,2025-03-12 00:00:00,False
NAG,PNQ,S5,HIST-000,Economy,10017,INR,2023-07-16,14,6,7,28,False,True,50,2023-07-02 00:00:00,False
GOI,NAG,2T,HIST-000,Economy,11006,INR,2024-09-09,14,0,9,37,False,False,50,2024-08-26 00:00:00,False
LKO,STV,6E,HIST-000,Economy,5955,INR,2025-11-22,14,5,11,47,False,True,50,2025-11-08 00:00:00,False
JAI,LKO,QP,HIST-000,Economy,10627,INR,2023-04-12,14,2,4,15,False,False,50,2023-03-29 00:00:00,False
BBI,IDR,AI,HIST-000,Economy,7391,INR,2023-02-28,14,1,2,9,False,False,50,2023-02-14 00:00:00,False
MAA,COK,6E,HIST-000,Economy,9759,INR,2024-12-13,14,4,12,50,False,False,50,2024-11-29 00:00:00,False
HYD,NAG,G8,HIST-000,Economy,8358,INR,2025-11-18,14,1,11,47,False,False,50,2025-11-04 00:00:00,False
GAU,BOM,SG,HIST-000,Economy,7405,INR,2023-07-18,14,1,7,29,False,False,50,2023-07-04 00:00:00,False
VNS,PNQ,9I,HIST-000,Economy,14612,INR,2024-10-12,14,5,10,41,False,True,50,2024-09-28 00:00:00,False
CCU,LKO,9I,HIST-000,Economy,10497,INR,2024-10-24,14,3,10,43,False,False,50,2024-10-10 00:00:00,False
COK,VNS,I5,HIST-000,Economy,11662,INR,2023-02-02,14,3,2,5,False,False,50,2023-01-19 00:00:00,False
BLR,PNQ,6E,HIST-000,Economy,2698,INR,2024-03-11,14,0,3,11,False,False,50,2024-02-26 00:00:00,False
CCU,RPR,2T,HIST-000,Economy,5080,INR,2024-10-20,14,6,10,42,False,True,50,2024-10-06 00:00:00,False
RPR,BLR,S5,HIST-000,Economy,2645,INR,2023-01-10,14,1,1,2,False,False,50,2022-12-27 00:00:00,False
DEL,GAU,2T,HIST-000,Economy,9722,INR,2025-04-28,14,0,4,18,False,False,50,2025-04-14 00:00:00,False
PAT,MAA,AI,HIST-000,Economy,6836,INR,2024-01-04,14,3,1,1,False,False,50,2023-12-21 00:00:00,False
PAT,BOM,S5,HIST-000,Economy,13848,INR,2025-11-23,14,6,11,47,False,True,50,2025-11-09 00:00:00,False
MAA,BOM,QP,HIST-000,Economy,6700,INR,2024-08-16,14,4,8,33,False,False,50,2024-08-02 00:00:00,False
COK,DEL,QP,HIST-000,Economy,9033,INR,2025-11-10,14,0,11,46,False,False,50,2025-10-27 00:00:00,False
RPR,IDR,AI,HIST-000,Economy,12747,INR,2025-08-14,14,3,8,33,False,False,50,2025-07-31 00:00:00,False
PNQ,GOI,AI,HIST-000,Economy,11406,INR,2025-04-14,14,0,4,16,False,False,50,2025-03-31 00:00:00,False
MAA,STV,AI,HIST-000,Economy,9823,INR,2024-12-28,14,5,12,52,False,True,50,2024-12-14 00:00:00,False
STV,BOM,G8,HIST-000,Economy,6575,INR,2025-06-04,14,2,6,23,False,False,50,2025-05-21 00:00:00,False
PAT,IDR,6E,HIST-000,Economy,9021,INR,2025-05-18,14,6,5,20,False,True,50,2025-05-04 00:00:00,False
JAI,DEL,2T,HIST-000,Economy,10398,INR,2024-11-12,14,1,11,46,False,False,50,2024-10-29 00:00:00,False
BBI,LKO,G8,HIST-000,Economy,6400,INR,2025-05-28,14,2,5,22,False,False,50,2025-05-14 00:00:00,False
BLR,RPR,AI,HIST-000,Economy,7022,INR,2024-08-12,14,0,8,33,False,False,50,2024-07-29 00:00:00,False
PAT,NAG,S5,HIST-000,Economy,5828,INR,2025-12-18,14,3,12,51,False,False,50,2025-12-04 00:00:00,False
VNS,MAA,SG,HIST-000,Economy,7759,INR,2025-02-01,14,5,2,5,False,True,50,2025-01-18 00:00:00,False
MAA,CCU,G8,HIST-000,Economy,6451,INR,2025-06-01,14,6,6,22,False,True,50,2025-05-18 00:00:00,False
JAI,PNQ,UK,HIST-000,Economy,13048,INR,2025-12-11,14,3,12,50,False,False,50,2025-11-27 00:00:00,False
GOI,MAA,2T,HIST-000,Economy,5216,INR,2023-02-24,14,4,2,8,False,False,50,2023-02-10 00:00:00,False
RPR,BBI,6E,HIST-000,Economy,10388,INR,2023-12-07,14,3,12,49,False,False,50,2023-11-23 00:00:00,False
IDR,STV,S5,HIST-000,Economy,3686,INR,2023-06-18,14,6,6,24,False,True,50,2023-06-04 00:00:00,False
PNQ,STV,S5,HIST-000,Economy,7627,INR,2023-04-21,14,4,4,16,False,False,50,2023-04-07 00:00:00,False
CCU,JAI,AI,HIST-000,Economy,7397,INR,2024-06-16,14,6,6,24,False,True,50,2024-06-02 00:00:00,False
NAG,AMD,UK,HIST-000,Economy,8444,INR,2023-01-13,14,4,1,2,False,False,50,2022-12-30 00:00:00,False
HYD,GOI,9I,HIST-000,Economy,8978,INR,2023-06-28,14,2,6,26,False,False,50,2023-06-14 00:00:00,False
HYD,NAG,9I,HIST-000,Economy,17100,INR,2023-11-24,14,4,11,47,False,False,50,2023-11-10 00:00:00,False
PNQ,STV,2T,HIST-000,Economy,14661,INR,2023-05-21,14,6,5,20,False,True,50,2023-05-07 00:00:00,False
CCU,VNS,I5,HIST-000,Economy,9725,INR,2023-06-25,14,6,6,25,False,True,50,2023-06-11 00:00:00,False
BOM,JAI,G8,HIST-000,Economy,6652,INR,2023-10-18,14,2,10,42,False,False,50,2023-10-04 00:00:00,False
VNS,RPR,2T,HIST-000,Economy,10036,INR,2023-12-19,14,1,12,51,False,False,50,2023-12-05 00:00:00,False
PAT,LKO,2T,HIST-000,Economy,8766,INR,2025-04-26,14,5,4,17,False,True,50,2025-04-12 00:00:00,False
MAA,GAU,9I,HIST-000,Economy,15427,INR,2023-11-05,14,6,11,44,False,True,50,2023-10-22 00:00:00,False
COK,IDR,S5,HIST-000,Economy,7481,INR,2024-02-05,14,0,2,6,False,False,50,2024-01-22 00:00:00,False
PNQ,GAU,S5,HIST-000,Economy,6633,INR,2024-03-17,14,6,3,11,False,True,50,2024-03-03 00:00:00,False
BLR,RPR,AI,HIST-000,Economy,6841,INR,2024-05-19,14,6,5,20,False,True,50,2024-05-05 00:00:00,False
VNS,AMD,SG,HIST-000,Economy,13505,INR,2024-05-21,14,1,5,21,False,False,50,2024-05-07 00:00:00,False
STV,VNS,2T,HIST-000,Economy,8987,INR,2025-01-05,14,6,1,1,False,True,50,2024-12-22 00:00:00,False
BBI,BOM,AI,HIST-000,Economy,3158,INR,2024-01-16,14,1,1,3,False,False,50,2024-01-02 00:00:00,False
GAU,PNQ,2T,HIST-000,Economy,3247,INR,2023-08-14,14,0,8,33,False,False,50,2023-07-31 00:00:00,False
HYD,MAA,AI,HIST-000,Economy,13055,INR,2023-09-19,14,1,9,38,False,False,50,2023-09-05 00:00:00,False
GAU,DEL,SG,HIST-000,Economy,10377,INR,2024-08-01,14,3,8,31,False,False,50,2024-07-18 00:00:00,False
PNQ,AMD,G8,HIST-000,Economy,16991,INR,2025-07-19,14,5,7,29,False,True,50,2025-07-05 00:00:00,False
PAT,LKO,S5,HIST-000,Economy,6364,INR,2023-11-08,14,2,11,45,False,False,50,2023-10-25 00:00:00,False
BLR,VNS,SG,HIST-000,Economy,10188,INR,2023-02-14,14,1,2,7,False,False,50,2023-01-31 00:00:00,False
BBI,AMD,I5,HIST-000,Economy,8468,INR,2023-10-09,14,0,10,41,False,False,50,2023-09-25 00:00:00,False
MAA,JAI,I5,HIST-000,Economy,7047,INR,2025-02-16,14,6,2,7,False,True,50,2025-02-02 00:00:00,False
HYD,PNQ,UK,HIST-000,Economy,6558,INR,2023-11-08,14,2,11,45,False,False,50,2023-10-25 00:00:00,False
COK,BOM,S5,HIST-000,Economy,9855,INR,2025-07-25,14,4,7,30,False,False,50,2025-07-11 00:00:00,False
COK,CCU,I5,HIST-000,Economy,8182,INR,2023-05-25,14,3,5,21,False,False,50,2023-05-11 00:00:00,False
MAA,PAT,UK,HIST-000,Economy,13944,INR,2023-08-18,14,4,8,33,False,False,50,2023-08-04 00:00:00,False
STV,BOM,AI,HIST-000,Economy,16068,INR,2024-08-02,14,4,8,31,False,False,50,2024-07-19 00:00:00,False
IDR,BOM,9I,HIST-000,Economy,7251,INR,2023-11-02,14,3,11,44,False,False,50,2023-10-19 00:00:00,False
PNQ,JAI,AI,HIST-000,Economy,10907,INR,2024-10-26,14,5,10,43,False,True,50,2024-10-12 00:00:00,False
MAA,GAU,2T,HIST-000,Economy,17253,INR,2023-02-18,14,5,2,7,False,True,50,2023-02-04 00:00:00,False
JAI,IDR,UK,HIST-000,Economy,8911,INR,2023-06-03,14,5,6,22,False,True,50,2023-05-20 00:00:00,False
BBI,BLR,UK,HIST-000,Economy,6692,INR,2025-01-28,14,1,1,5,False,False,50,2025-01-14 00:00:00,False
NAG,AMD,9I,HIST-000,Economy,11994,INR,2025-07-16,14,2,7,29,False,False,50,2025-07-02 00:00:00,False
LKO,BOM,G8,HIST-000,Economy,7591,INR,2024-07-09,14,1,7,28,False,False,50,2024-06-25 00:00:00,False
LKO,BOM,AI,HIST-000,Economy,10921,INR,2024-10-05,14,5,10,40,False,True,50,2024-09-21 00:00:00,False
COK,PNQ,9I,HIST-000,Economy,2570,INR,2025-08-22,14,4,8,34,False,False,50,2025-08-08 00:00:00,False
GAU,GOI,QP,HIST-000,Economy,11125,INR,2025-08-25,14,0,8,35,False,False,50,2025-08-11 00:00:00,False
CCU,JAI,QP,HIST-000,Economy,9525,INR,2025-04-20,14,6,4,16,False,True,50,2025-04-06 00:00:00,False
AMD,STV,S5,HIST-000,Economy,13660,INR,2025-12-20,14,5,12,51,False,True,50,2025-12-06 00:00:00,False
AMD,PAT,AI,HIST-000,Economy,12710,INR,2024-08-20,14,1,8,34,False,False,50,2024-08-06 00:00:00,False
RPR,MAA,2T,HIST-000,Economy,12852,INR,2024-05-10,14,4,5,19,False,False,50,2024-04-26 00:00:00,False
AMD,COK,2T,HIST-000,Economy,5905,INR,2025-11-03,14,0,11,45,False,False,50,2025-10-20 00:00:00,False
PAT,VNS,6E,HIST-000,Economy,9554,INR,2023-01-07,14,5,1,1,False,True,50,2022-12-24 00:00:00,False
JAI,LKO,2T,HIST-000,Economy,4801,INR,2025-05-04,14,6,5,18,False,True,50,2025-04-20 00:00:00,False
MAA,CCU,2T,HIST-000,Economy,10075,INR,2024-05-06,14,0,5,19,False,False,50,2024-04-22 00:00:00,False
AMD,RPR,2T,HIST-000,Economy,11013,INR,2025-11-06,14,3,11,45,False,False,50,2025-10-23 00:00:00,False
BOM,HYD,S5,HIST-000,Economy,10935,INR,2025-11-24,14,0,11,48,False,False,50,2025-11-10 00:00:00,False
STV,GOI,AI,HIST-000,Economy,6181,INR,2025-01-04,14,5,1,1,False,True,50,2024-12-21 00:00:00,False
HYD,PAT,G8,HIST-000,Economy,16691,INR,2023-06-22,14,3,6,25,False,False,50,2023-06-08 00:00:00,False
NAG,AMD,AI,HIST-000,Economy,3949,INR,2023-04-08,14,5,4,14,False,True,50,2023-03-25 00:00:00,False
AMD,COK,S5,HIST-000,Economy,11790,INR,2023-02-24,14,4,2,8,False,False,50,2023-02-10 00:00:00,False
BLR,STV,S5,HIST-000,Economy,11778,INR,2024-02-04,14,6,2,5,False,True,50,2024-01-21 00:00:00,False
IDR,BOM,G8,HIST-000,Economy,9271,INR,2023-08-05,14,5,8,31,False,True,50,2023-07-22 00:00:00,False
BOM,RPR,UK,HIST-000,Economy,7053,INR,2024-05-05,14,6,5,18,False,True,50,2024-04-21 00:00:00,False
CCU,HYD,S5,HIST-000,Economy,8790,INR,2023-05-12,14,4,5,19,False,False,50,2023-04-28 00:00:00,False
RPR,IDR,QP,HIST-000,Economy,7294,INR,2025-07-20,14,6,7,29,False,True,50,2025-07-06 00:00:00,False
AMD,GAU,AI,HIST-000,Economy,13188,INR,2024-07-16,14,1,7,29,False,False,50,2024-07-02 00:00:00,False
MAA,BOM,QP,HIST-000,Economy,15149,INR,2025-01-02,14,3,1,1,False,False,50,2024-12-19 00:00:00,False
HYD,AMD,UK,HIST-000,Economy,8253,INR,2023-07-18,14,1,7,29,False,False,50,2023-07-04 00:00:00,False
BBI,GOI,S5,HIST-000,Economy,13270,INR,2024-11-20,14,2,11,47,False,False,50,2024-11-06 00:00:00,False
MAA,STV,AI,HIST-000,Economy,14322,INR,2024-10-22,14,1,10,43,False,False,50,2024-10-08 00:00:00,False
JAI,MAA,2T,HIST-000,Economy,9970,INR,2024-05-03,14,4,5,18,False,False,50,2024-04-19 00:00:00,False
HYD,CCU,QP,HIST-000,Economy,3361,INR,2025-04-05,14,5,4,14,False,True,50,2025-03-22 00:00:00,False
VNS,IDR,6E,HIST-000,Economy,17080,INR,2025-07-16,14,2,7,29,False,False,50,2025-07-02 00:00:00,False
IDR,BOM,6E,HIST-000,Economy,8481,INR,2025-05-20,14,1,5,21,False,False,50,2025-05-06 00:00:00,False
LKO,CCU,2T,HIST-000,Economy,5792,INR,2024-05-15,14,2,5,20,False,False,50,2024-05-01 00:00:00,False
HYD,DEL,G8,HIST-000,Economy,4451,INR,2025-12-27,14,5,12,52,False,True,50,2025-12-13 00:00:00,False
BOM,STV,QP,HIST-000,Economy,9291,INR,2023-03-07,14,1,3,10,False,False,50,2023-02-21 00:00:00,False
CCU,NAG,AI,HIST-000,Economy,7142,INR,2023-11-02,14,3,11,44,False,False,50,2023-10-19 00:00:00,False
BLR,CCU,AI,HIST-000,Economy,7167,INR,2023-05-05,14,4,5,18,False,False,50,2023-04-21 00:00:00,False
GAU,HYD,UK,HIST-000,Economy,6180,INR,2024-09-18,14,2,9,38,False,False,50,2024-09-04 00:00:00,False
STV,BLR,6E,HIST-000,Economy,8195,INR,2025-06-27,14,4,6,26,False,False,50,2025-06-13 00:00:00,False
BLR,CCU,QP,HIST-000,Economy,2805,INR,2024-11-23,14,5,11,47,False,True,50,2024-11-09 00:00:00,False
CCU,AMD,9I,HIST-000,Economy,14852,INR,2023-11-24,14,4,11,47,False,False,50,2023-11-10 00:00:00,False
JAI,GAU,2T,HIST-000,Economy,11021,INR,2025-02-27,14,3,2,9,False,False,50,2025-02-13 00:00:00,False
BLR,JAI,9I,HIST-000,Economy,7103,INR,2024-02-03,14,5,2,5,False,True,50,2024-01-20 00:00:00,False
BLR,IDR,UK,HIST-000,Economy,4681,INR,2023-11-28,14,1,11,48,False,False,50,2023-11-14 00:00:00,False
BOM,PAT,SG,HIST-000,Economy,10304,INR,2024-12-10,14,1,12,50,False,False,50,2024-11-26 00:00:00,False
GOI,PAT,UK,HIST-000,Economy,10482,INR,2024-11-04,14,0,11,45,False,False,50,2024-10-21 00:00:00,False
IDR,DEL,AI,HIST-000,Economy,11200,INR,2025-03-09,14,6,3,10,False,True,50,2025-02-23 00:00:00,False
RPR,COK,QP,HIST-000,Economy,9815,INR,2023-09-04,14,0,9,36,False,False,50,2023-08-21 00:00:00,False
JAI,IDR,UK,HIST-000,Economy,11314,INR,2024-03-23,14,5,3,12,False,True,50,2024-03-09 00:00:00,False
STV,COK,I5,HIST-000,Economy,4966,INR,2024-06-28,14,4,6,26,False,False,50,2024-06-14 00:00:00,False
COK,GAU,UK,HIST-000,Economy,3838,INR,2025-09-03,14,2,9,36,False,False,50,2025-08-20 00:00:00,False
PNQ,GAU,QP,HIST-000,Economy,6671,INR,2023-02-10,14,4,2,6,False,False,50,2023-01-27 00:00:00,False
AMD,GAU,SG,HIST-000,Economy,5613,INR,2025-05-22,14,3,5,21,False,False,50,2025-05-08 00:00:00,False
NAG,BBI,SG,HIST-000,Economy,5950,INR,2023-10-13,14,4,10,41,False,False,50,2023-09-29 00:00:00,False
DEL,RPR,UK,HIST-000,Economy,7096,INR,2025-03-12,14,2,3,11,False,False,50,2025-02-26 00:00:00,False
DEL,NAG,UK,HIST-000,Economy,8705,INR,2023-03-24,14,4,3,12,False,False,50,2023-03-10 00:00:00,False
RPR,BBI,UK,HIST-000,Economy,14943,INR,2024-03-02,14,5,3,9,False,True,50,2024-02-17 00:00:00,False
LKO,RPR,AI,HIST-000,Economy,9229,INR,2024-10-17,14,3,10,42,False,False,50,2024-10-03 00:00:00,False
STV,BLR,S5,HIST-000,Economy,9414,INR,2024-03-22,14,4,3,12,False,False,50,2024-03-08 00:00:00,False
CCU,IDR,2T,HIST-000,Economy,9967,INR,2025-04-16,14,2,4,16,False,False,50,2025-04-02 00:00:00,False
IDR,BBI,9I,HIST-000,Economy,8412,INR,2025-12-14,14,6,12,50,False,True,50,2025-11-30 00:00:00,False
RPR,VNS,SG,HIST-000,Economy,10443,INR,2023-04-09,14,6,4,14,False,True,50,2023-03-26 00:00:00,False
RPR,NAG,UK,HIST-000,Economy,11606,INR,2024-04-11,14,3,4,15,False,False,50,2024-03-28 00:00:00,False
PNQ,COK,AI,HIST-000,Economy,6786,INR,2023-12-12,14,1,12,50,False,False,50,2023-11-28 00:00:00,False
NAG,VNS,2T,HIST-000,Economy,7558,INR,2025-10-23,14,3,10,43,False,False,50,2025-10-09 00:00:00,False
HYD,VNS,AI,HIST-000,Economy,11488,INR,2023-09-19,14,1,9,38,False,False,50,2023-09-05 00:00:00,False
IDR,LKO,6E,HIST-000,Economy,10107,INR,2023-02-12,14,6,2,6,False,True,50,2023-01-29 00:00:00,False
NAG,HYD,G8,HIST-000,Economy,9970,INR,2025-12-04,14,3,12,49,False,False,50,2025-11-20 00:00:00,False
JAI,STV,SG,HIST-000,Economy,9762,INR,2023-07-12,14,2,7,28,False,False,50,2023-06-28 00:00:00,False
MAA,VNS,SG,HIST-000,Economy,13065,INR,2025-02-08,14,5,2,6,False,True,50,2025-01-25 00:00:00,False
AMD,IDR,6E,HIST-000,Economy,7785,INR,2024-02-05,14,0,2,6,False,False,50,2024-01-22 00:00:00,False
VNS,PNQ,UK,HIST-000,Economy,5709,INR,2023-05-28,14,6,5,21,False,True,50,2023-05-14 00:00:00,False
PAT,BLR,UK,HIST-000,Economy,6206,INR,2025-12-07,14,6,12,49,False,True,50,2025-11-23 00:00:00,False
DEL,BBI,SG,HIST-000,Economy,12949,INR,2024-08-03,14,5,8,31,False,True,50,2024-07-20 00:00:00,False
AMD,DEL,G8,HIST-000,Economy,8336,INR,2023-07-23,14,6,7,29,False,True,50,2023-07-09 00:00:00,False
GAU,PAT,AI,HIST-000,Economy,9530,INR,2024-12-21,14,5,12,51,False,True,50,2024-12-07 00:00:00,False
PAT,AMD,9I,HIST-000,Economy,11567,INR,2025-08-28,14,3,8,35,False,False,50,2025-08-14 00:00:00,False
HYD,GAU,I5,HIST-000,Economy,11381,INR,2023-08-13,14,6,8,32,False,True,50,2023-07-30 00:00:00,False
RPR,COK,SG,HIST-000,Economy,8841,INR,2023-07-28,14,4,7,30,False,False,50,2023-07-14 00:00:00,False
BBI,IDR,QP,HIST-000,Economy,14825,INR,2024-11-08,14,4,11,45,False,False,50,2024-10-25 00:00:00,False
PNQ,NAG,9I,HIST-000,Economy,5965,INR,2023-05-14,14,6,5,19,False,True,50,2023-04-30 00:00:00,False
HYD,AMD,UK,HIST-000,Economy,3620,INR,2025-02-14,14,4,2,7,False,False,50,2025-01-31 00:00:00,False
LKO,DEL,QP,HIST-000,Economy,11680,INR,2024-12-14,14,5,12,50,False,True,50,2024-11-30 00:00:00,False
IDR,GAU,2T,HIST-000,Economy,6503,INR,2023-12-27,14,2,12,52,False,False,50,2023-12-13 00:00:00,False
LKO,BLR,SG,HIST-000,Economy,2589,INR,2023-11-10,14,4,11,45,False,False,50,2023-10-27 00:00:00,False
AMD,JAI,G8,HIST-000,Economy,7455,INR,2024-06-05,14,2,6,23,False,False,50,2024-05-22 00:00:00,False
MAA,GOI,SG,HIST-000,Economy,4244,INR,2024-03-28,14,3,3,13,False,False,50,2024-03-14 00:00:00,False
BLR,AMD,G8,HIST-000,Economy,6982,INR,2024-05-13,14,0,5,20,False,False,50,2024-04-29 00:00:00,False
HYD,STV,AI,HIST-000,Economy,9756,INR,2025-01-06,14,0,1,2,False,False,50,2024-12-23 00:00:00,False
NAG,VNS,6E,HIST-000,Economy,5849,INR,2025-06-15,14,6,6,24,False,True,50,2025-06-01 00:00:00,False
CCU,BBI,I5,HIST-000,Economy,9957,INR,2024-10-27,14,6,10,43,False,True,50,2024-10-13 00:00:00,False
AMD,CCU,6E,HIST-000,Economy,7928,INR,2024-07-20,14,5,7,29,False,True,50,2024-07-06 00:00:00,False
GAU,BLR,I5,HIST-000,Economy,6866,INR,2025-12-26,14,4,12,52,False,False,50,2025-12-12 00:00:00,False
IDR,COK,UK,HIST-000,Economy,14269,INR,2025-05-13,14,1,5,20,False,False,50,2025-04-29 00:00:00,False
GAU,VNS,UK,HIST-000,Economy,6570,INR,2025-03-06,14,3,3,10,False,False,50,2025-02-20 00:00:00,False
GAU,NAG,I5,HIST-000,Economy,4074,INR,2024-12-09,14,0,12,50,False,False,50,2024-11-25 00:00:00,False
IDR,CCU,AI,HIST-000,Economy,15859,INR,2025-05-08,14,3,5,19,False,False,50,2025-04-24 00:00:00,False
DEL,AMD,G8,HIST-000,Economy,8172,INR,2025-05-03,14,5,5,18,False,True,50,2025-04-19 00:00:00,False
GAU,COK,S5,HIST-000,Economy,12430,INR,2024-03-03,14,6,3,9,False,True,50,2024-02-18 00:00:00,False
IDR,DEL,2T,HIST-000,Economy,5236,INR,2024-01-14,14,6,1,2,False,True,50,2023-12-31 00:00:00,False
BOM,PNQ,AI,HIST-000,Economy,8975,INR,2025-06-26,14,3,6,26,False,False,50,2025-06-12 00:00:00,False
MAA,LKO,G8,HIST-000,Economy,13232,INR,2025-09-02,14,1,9,36,False,False,50,2025-08-19 00:00:00,False
DEL,STV,SG,HIST-000,Economy,5368,INR,2025-03-05,14,2,3,10,False,False,50,2025-02-19 00:00:00,False
JAI,HYD,9I,HIST-000,Economy,10391,INR,2023-04-15,14,5,4,15,False,True,50,2023-04-01 00:00:00,False
STV,IDR,9I,HIST-000,Economy,14674,INR,2023-12-01,14,4,12,48,False,False,50,2023-11-17 00:00:00,False
BLR,COK,I5,HIST-000,Economy,14704,INR,2023-06-09,14,4,6,23,False,False,50,2023-05-26 00:00:00,False
COK,CCU,S5,HIST-000,Economy,4551,INR,2023-07-13,14,3,7,28,False,False,50,2023-06-29 00:00:00,False
VNS,RPR,2T,HIST-000,Economy,8988,INR,2024-04-27,14,5,4,17,False,True,50,2024-04-13 00:00:00,False
GOI,NAG,QP,HIST-000,Economy,11354,INR,2023-11-26,14,6,11,47,False,True,50,2023-11-12 00:00:00,False
GAU,DEL,2T,HIST-000,Economy,5413,INR,2024-12-05,14,3,12,49,False,False,50,2024-11-21 00:00:00,False
STV,BOM,I5,HIST-000,Economy,10198,INR,2024-09-07,14,5,9,36,False,True,50,2024-08-24 00:00:00,False
PAT,CCU,G8,HIST-000,Economy,3419,INR,2023-08-04,14,4,8,31,False,False,50,2023-07-21 00:00:00,False
GAU,VNS,UK,HIST-000,Economy,13649,INR,2024-01-06,14,5,1,1,False,True,50,2023-12-23 00:00:00,False
PAT,HYD,SG,HIST-000,Economy,8941,INR,2023-08-25,14,4,8,34,False,False,50,2023-08-11 00:00:00,False
BBI,GOI,QP,HIST-000,Economy,5532,INR,2025-04-24,14,3,4,17,False,False,50,2025-04-10 00:00:00,False
GAU,GOI,AI,HIST-000,Economy,12487,INR,2025-05-10,14,5,5,19,False,True,50,2025-04-26 00:00:00,False
PNQ,CCU,AI,HIST-000,Economy,11265,INR,2025-02-17,14,0,2,8,False,False,50,2025-02-03 00:00:00,False
MAA,STV,I5,HIST-000,Economy,10510,INR,2025-08-09,14,5,8,32,False,True,50,2025-07-26 00:00:00,False
LKO,BOM,I5,HIST-000,Economy,5824,INR,2025-08-14,14,3,8,33,False,False,50,2025-07-31 00:00:00,False
BLR,HYD,SG,HIST-000,Economy,12298,INR,2025-05-18,14,6,5,20,False,True,50,2025-05-04 00:00:00,False
MAA,BBI,2T,HIST-000,Economy,4978,INR,2023-01-24,14,1,1,4,False,False,50,2023-01-10 00:00:00,False
BLR,VNS,G8,HIST-000,Economy,5184,INR,2024-03-14,14,3,3,11,False,False,50,2024-02-29 00:00:00,False
JAI,PAT,6E,HIST-000,Economy,6997,INR,2025-09-17,14,2,9,38,False,False,50,2025-09-03 00:00:00,False
HYD,JAI,6E,HIST-000,Economy,5396,INR,2025-02-17,14,0,2,8,False,False,50,2025-02-03 00:00:00,False
GAU,RPR,I5,HIST-000,Economy,13253,INR,2024-07-07,14,6,7,27,False,True,50,2024-06-23 00:00:00,False
CCU,MAA,UK,HIST-000,Economy,10469,INR,2023-01-13,14,4,1,2,False,False,50,2022-12-30 00:00:00,False
GAU,COK,9I,HIST-000,Economy,7369,INR,2024-11-08,14,4,11,45,False,False,50,2024-10-25 00:00:00,False
DEL,HYD,UK,HIST-000,Economy,6545,INR,2024-03-05,14,1,3,10,False,False,50,2024-02-20 00:00:00,False
HYD,NAG,UK,HIST-000,Economy,11531,INR,2023-03-16,14,3,3,11,False,False,50,2023-03-02 00:00:00,False
STV,VNS,2T,HIST-000,Economy,11582,INR,2024-06-16,14,6,6,24,False,True,50,2024-06-02 00:00:00,False
AMD,BBI,SG,HIST-000,Economy,12987,INR,2024-09-27,14,4,9,39,False,False,50,2024-09-13 00:00:00,False
IDR,PNQ,QP,HIST-000,Economy,6317,INR,2023-07-12,14,2,7,28,False,False,50,2023-06-28 00:00:00,False
HYD,PAT,S5,HIST-000,Economy,5951,INR,2025-02-22,14,5,2,8,False,True,50,2025-02-08 00:00:00,False
PAT,NAG,SG,HIST-000,Economy,16652,INR,2023-01-25,14,2,1,4,False,False,50,2023-01-11 00:00:00,False
GOI,COK,AI,HIST-000,Economy,9478,INR,2023-05-15,14,0,5,20,False,False,50,2023-05-01 00:00:00,False
BOM,PNQ,G8,HIST-000,Economy,7470,INR,2025-01-06,14,0,1,2,False,False,50,2024-12-23 00:00:00,False
DEL,LKO,2T,HIST-000,Economy,7255,INR,2023-07-04,14,1,7,27,False,False,50,2023-06-20 00:00:00,False
GOI,AMD,S5,HIST-000,Economy,7976,INR,2024-07-26,14,4,7,30,False,False,50,2024-07-12 00:00:00,False
BLR,RPR,AI,HIST-000,Economy,8449,INR,2024-05-16,14,3,5,20,False,False,50,2024-05-02 00:00:00,False
JAI,STV,2T,HIST-000,Economy,9939,INR,2023-04-28,14,4,4,17,False,False,50,2023-04-14 00:00:00,False
JAI,BBI,SG,HIST-000,Economy,7887,INR,2024-04-18,14,3,4,16,False,False,50,2024-04-04 00:00:00,False
BBI,GOI,QP,HIST-000,Economy,13107,INR,2023-06-20,14,1,6,25,False,False,50,2023-06-06 00:00:00,False
DEL,MAA,I5,HIST-000,Economy,9746,INR,2025-08-02,14,5,8,31,False,True,50,2025-07-19 00:00:00,False
DEL,NAG,UK,HIST-000,Economy,10111,INR,2024-03-06,14,2,3,10,False,False,50,2024-02-21 00:00:00,False
NAG,JAI,2T,HIST-000,Economy,11558,INR,2025-04-10,14,3,4,15,False,False,50,2025-03-27 00:00:00,False
CCU,PAT,I5,HIST-000,Economy,6445,INR,2025-02-27,14,3,2,9,False,False,50,2025-02-13 00:00:00,False
BBI,GOI,G8,HIST-000,Economy,7162,INR,2023-06-16,14,4,6,24,False,False,50,2023-06-02 00:00:00,False
PNQ,BLR,2T,HIST-000,Economy,10317,INR,2024-04-05,14,4,4,14,False,False,50,2024-03-22 00:00:00,False
HYD,STV,QP,HIST-000,Economy,7924,INR,2025-02-05,14,2,2,6,False,False,50,2025-01-22 00:00:00,False
BLR,DEL,AI,HIST-000,Economy,9093,INR,2024-08-13,14,1,8,33,False,False,50,2024-07-30 00:00:00,False
RPR,VNS,QP,HIST-000,Economy,16690,INR,2023-09-28,14,3,9,39,False,False,50,2023-09-14 00:00:00,False
DEL,GAU,9I,HIST-000,Economy,4936,INR,2025-07-13,14,6,7,28,False,True,50,2025-06-29 00:00:00,False
DEL,BBI,QP,HIST-000,Economy,6509,INR,2023-09-21,14,3,9,38,False,False,50,2023-09-07 00:00:00,False
HYD,DEL,2T,HIST-000,Economy,10808,INR,2024-02-26,14,0,2,9,False,False,50,2024-02-12 00:00:00,False
BBI,NAG,2T,HIST-000,Economy,6538,INR,2024-06-17,14,0,6,25,False,False,50,2024-06-03 00:00:00,False
JAI,GAU,UK,HIST-000,Economy,9872,INR,2025-07-27,14,6,7,30,False,True,50,2025-07-13 00:00:00,False
MAA,DEL,S5,HIST-000,Economy,8231,INR,2024-07-01,14,0,7,27,False,False,50,2024-06-17 00:00:00,False
LKO,STV,UK,HIST-000,Economy,8478,INR,2025-11-02,14,6,11,44,False,True,50,2025-10-19 00:00:00,False
BBI,LKO,AI,HIST-000,Economy,4389,INR,2024-01-02,14,1,1,1,False,False,50,2023-12-19 00:00:00,False
HYD,IDR,I5,HIST-000,Economy,4174,INR,2024-05-05,14,6,5,18,False,True,50,2024-04-21 00:00:00,False
VNS,IDR,AI,HIST-000,Economy,12945,INR,2025-06-18,14,2,6,25,False,False,50,2025-06-04 00:00:00,False
DEL,NAG,G8,HIST-000,Economy,11257,INR,2025-05-18,14,6,5,20,False,True,50,2025-05-04 00:00:00,False
AMD,NAG,QP,HIST-000,Economy,7212,INR,2023-07-09,14,6,7,27,False,True,50,2023-06-25 00:00:00,False
RPR,BLR,9I,HIST-000,Economy,13599,INR,2023-10-25,14,2,10,43,False,False,50,2023-10-11 00:00:00,False
MAA,BOM,QP,HIST-000,Economy,14235,INR,2024-02-27,14,1,2,9,False,False,50,2024-02-13 00:00:00,False
LKO,IDR,AI,HIST-000,Economy,11721,INR,2024-12-10,14,1,12,50,False,False,50,2024-11-26 00:00:00,False
IDR,VNS,I5,HIST-000,Economy,6153,INR,2023-08-22,14,1,8,34,False,False,50,2023-08-08 00:00:00,False
IDR,PNQ,QP,HIST-000,Economy,4382,INR,2025-08-21,14,3,8,34,False,False,50,2025-08-07 00:00:00,False
HYD,GOI,SG,HIST-000,Economy,12423,INR,2025-11-05,14,2,11,45,False,False,50,2025-10-22 00:00:00,False
IDR,LKO,S5,HIST-000,Economy,10751,INR,2025-07-16,14,2,7,29,False,False,50,2025-07-02 00:00:00,False
LKO,PNQ,SG,HIST-000,Economy,5240,INR,2024-01-09,14,1,1,2,False,False,50,2023-12-26 00:00:00,False
GAU,MAA,G8,HIST-000,Economy,3550,INR,2025-03-12,14,2,3,11,False,False,50,2025-02-26 00:00:00,False
GOI,COK,2T,HIST-000,Economy,10948,INR,2024-11-13,14,2,11,46,False,False,50,2024-10-30 00:00:00,False
GOI,BOM,G8,HIST-000,Economy,6686,INR,2025-05-06,14,1,5,19,False,False,50,2025-04-22 00:00:00,False
HYD,LKO,G8,HIST-000,Economy,7127,INR,2023-03-11,14,5,3,10,False,True,50,2023-02-25 00:00:00,False
COK,PAT,2T,HIST-000,Economy,7379,INR,2024-05-13,14,0,5,20,False,False,50,2024-04-29 00:00:00,False
IDR,JAI,QP,HIST-000,Economy,4464,INR,2024-05-19,14,6,5,20,False,True,50,2024-05-05 00:00:00,False
LKO,PNQ,9I,HIST-000,Economy,8935,INR,2025-04-28,14,0,4,18,False,False,50,2025-04-14 00:00:00,False
AMD,GOI,SG,HIST-000,Economy,4203,INR,2024-09-19,14,3,9,38,False,False,50,2024-09-05 00:00:00,False
GAU,COK,G8,HIST-000,Economy,9806,INR,2023-12-11,14,0,12,50,False,False,50,2023-11-27 00:00:00,False
BBI,BLR,6E,HIST-000,Economy,6482,INR,2025-03-20,14,3,3,12,False,False,50,2025-03-06 00:00:00,False
JAI,DEL,QP,HIST-000,Economy,9655,INR,2024-01-12,14,4,1,2,False,False,50,2023-12-29 00:00:00,False
PAT,DEL,QP,HIST-000,Economy,7444,INR,2023-10-22,14,6,10,42,False,True,50,2023-10-08 00:00:00,False
DEL,IDR,I5,HIST-000,Economy,4670,INR,2023-04-20,14,3,4,16,False,False,50,2023-04-06 00:00:00,False
DEL,JAI,UK,HIST-000,Economy,9020,INR,2024-10-24,14,3,10,43,False,False,50,2024-10-10 00:00:00,False
IDR,CCU,G8,HIST-000,Economy,12108,INR,2023-02-06,14,0,2,6,False,False,50,2023-01-23 00:00:00,False
PAT,DEL,6E,HIST-000,Economy,12742,INR,2023-01-06,14,4,1,1,False,False,50,2022-12-23 00:00:00,False
BBI,DEL,SG,HIST-000,Economy,12861,INR,2023-12-07,14,3,12,49,False,False,50,2023-11-23 00:00:00,False
BOM,RPR,AI,HIST-000,Economy,6750,INR,2024-08-28,14,2,8,35,False,False,50,2024-08-14 00:00:00,False
CCU,RPR,2T,HIST-000,Economy,5280,INR,2025-07-05,14,5,7,27,False,True,50,2025-06-21 00:00:00,False
BBI,BOM,G8,HIST-000,Economy,2773,INR,2024-01-24,14,2,1,4,False,False,50,2024-01-10 00:00:00,False
JAI,COK,QP,HIST-000,Economy,9253,INR,2023-03-21,14,1,3,12,False,False,50,2023-03-07 00:00:00,False
DEL,GAU,QP,HIST-000,Economy,3293,INR,2024-04-19,14,4,4,16,False,False,50,2024-04-05 00:00:00,False
LKO,PAT,I5,HIST-000,Economy,8658,INR,2023-08-03,14,3,8,31,False,False,50,2023-07-20 00:00:00,False
MAA,NAG,QP,HIST-000,Economy,14582,INR,2025-12-24,14,2,12,52,False,False,50,2025-12-10 00:00:00,False
DEL,COK,SG,HIST-000,Economy,5095,INR,2023-03-27,14,0,3,13,False,False,50,2023-03-13 00:00:00,False
COK,BLR,G8,HIST-000,Economy,14164,INR,2025-08-05,14,1,8,32,False,False,50,2025-07-22 00:00:00,False
COK,CCU,S5,HIST-000,Economy,6892,INR,2025-08-16,14,5,8,33,False,True,50,2025-08-02 00:00:00,False
CCU,AMD,UK,HIST-000,Economy,7226,INR,2023-04-08,14,5,4,14,False,True,50,2023-03-25 00:00:00,False
BBI,COK,2T,HIST-000,Economy,12303,INR,2024-04-06,14,5,4,14,False,True,50,2024-03-23 00:00:00,False
NAG,STV,QP,HIST-000,Economy,10325,INR,2023-07-19,14,2,7,29,False,False,50,2023-07-05 00:00:00,False
HYD,BBI,2T,HIST-000,Economy,14024,INR,2025-12-06,14,5,12,49,False,True,50,2025-11-22 00:00:00,False
DEL,GAU,S5,HIST-000,Economy,4024,INR,2024-01-05,14,4,1,1,False,False,50,2023-12-22 00:00:00,False
NAG,CCU,G8,HIST-000,Economy,10419,INR,2024-01-10,14,2,1,2,False,False,50,2023-12-27 00:00:00,False
BBI,COK,9I,HIST-000,Economy,14144,INR,2023-05-13,14,5,5,19,False,True,50,2023-04-29 00:00:00,False
JAI,DEL,UK,HIST-000,Economy,13339,INR,2023-08-04,14,4,8,31,False,False,50,2023-07-21 00:00:00,False
VNS,JAI,2T,HIST-000,Economy,12264,INR,2025-09-14,14,6,9,37,False,True,50,2025-08-31 00:00:00,False
BLR,DEL,QP,HIST-000,Economy,14425,INR,2025-12-08,14,0,12,50,False,False,50,2025-11-24 00:00:00,False
IDR,CCU,UK,HIST-000,Economy,13645,INR,2025-12-24,14,2,12,52,False,False,50,2025-12-10 00:00:00,False
NAG,GAU,SG,HIST-000,Economy,11910,INR,2024-06-25,14,1,6,26,False,False,50,2024-06-11 00:00:00,False
RPR,VNS,UK,HIST-000,Economy,4823,INR,2023-07-17,14,0,7,29,False,False,50,2023-07-03 00:00:00,False
MAA,COK,QP,HIST-000,Economy,13558,INR,2024-04-25,14,3,4,17,False,False,50,2024-04-11 00:00:00,False
GOI,AMD,S5,HIST-000,Economy,6480,INR,2024-09-02,14,0,9,36,False,False,50,2024-08-19 00:00:00,False
CCU,BOM,S5,HIST-000,Economy,6943,INR,2025-07-05,14,5,7,27,False,True,50,2025-06-21 00:00:00,False
AMD,GOI,G8,HIST-000,Economy,4152,INR,2025-05-22,14,3,5,21,False,False,50,2025-05-08 00:00:00,False
GOI,MAA,6E,HIST-000,Economy,12780,INR,2024-10-17,14,3,10,42,False,False,50,2024-10-03 00:00:00,False
GAU,MAA,6E,HIST-000,Economy,10080,INR,2023-02-03,14,4,2,5,False,False,50,2023-01-20 00:00:00,False
JAI,AMD,I5,HIST-000,Economy,8069,INR,2023-12-20,14,2,12,51,False,False,50,2023-12-06 00:00:00,False
NAG,BLR,9I,HIST-000,Economy,10635,INR,2024-05-04,14,5,5,18,False,True,50,2024-04-20 00:00:00,False
COK,MAA,2T,HIST-000,Economy,5005,INR,2025-09-13,14,5,9,37,False,True,50,2025-08-30 00:00:00,False
HYD,VNS,S5,HIST-000,Economy,10452,INR,2025-08-17,14,6,8,33,False,True,50,2025-08-03 00:00:00,False
GAU,HYD,I5,HIST-000,Economy,11692,INR,2024-08-19,14,0,8,34,False,False,50,2024-08-05 00:00:00,False
HYD,CCU,QP,HIST-000,Economy,3647,INR,2025-12-03,14,2,12,49,False,False,50,2025-11-19 00:00:00,False
GOI,JAI,SG,HIST-000,Economy,7035,INR,2023-01-09,14,0,1,2,False,False,50,2022-12-26 00:00:00,False
IDR,VNS,G8,HIST-000,Economy,10874,INR,2023-12-09,14,5,12,49,False,True,50,2023-11-25 00:00:00,False
GOI,AMD,S5,HIST-000,Economy,9776,INR,2023-07-16,14,6,7,28,False,True,50,2023-07-02 00:00:00,False
JAI,GOI,QP,HIST-000,Economy,8611,INR,2023-10-05,14,3,10,40,False,False,50,2023-09-21 00:00:00,False
BOM,AMD,6E,HIST-000,Economy,8717,INR,2025-12-14,14,6,12,50,False,True,50,2025-11-30 00:00:00,False
BOM,DEL,6E,HIST-000,Economy,9926,INR,2023-06-03,14,5,6,22,False,True,50,2023-05-20 00:00:00,False
MAA,AMD,SG,HIST-000,Economy,9822,INR,2024-01-02,14,1,1,1,False,False,50,2023-12-19 00:00:00,False
BOM,CCU,AI,HIST-000,Economy,4557,INR,2024-03-07,14,3,3,10,False,False,50,2024-02-22 00:00:00,False
VNS,LKO,AI,HIST-000,Economy,12354,INR,2024-04-26,14,4,4,17,False,False,50,2024-04-12 00:00:00,False
LKO,STV,2T,HIST-000,Economy,6209,INR,2023-04-27,14,3,4,17,False,False,50,2023-04-13 00:00:00,False
DEL,PAT,QP,HIST-000,Economy,9892,INR,2024-08-27,14,1,8,35,False,False,50,2024-08-13 00:00:00,False
RPR,PNQ,I5,HIST-000,Economy,4989,INR,2024-03-07,14,3,3,10,False,False,50,2024-02-22 00:00:00,False
VNS,AMD,9I,HIST-000,Economy,11163,INR,2023-10-07,14,5,10,40,False,True,50,2023-09-23 00:00:00,False
AMD,DEL,2T,HIST-000,Economy,12841,INR,2025-03-05,14,2,3,10,False,False,50,2025-02-19 00:00:00,False
IDR,PNQ,6E,HIST-000,Economy,2858,INR,2023-01-02,14,0,1,1,False,False,50,2022-12-19 00:00:00,False
HYD,GOI,G8,HIST-000,Economy,4165,INR,2024-11-17,14,6,11,46,False,True,50,2024-11-03 00:00:00,False
LKO,PNQ,SG,HIST-000,Economy,7872,INR,2023-10-28,14,5,10,43,False,True,50,2023-10-14 00:00:00,False
RPR,JAI,G8,HIST-000,Economy,6743,INR,2024-04-06,14,5,4,14,False,True,50,2024-03-23 00:00:00,False
CCU,MAA,QP,HIST-000,Economy,11611,INR,2023-03-22,14,2,3,12,False,False,50,2023-03-08 00:00:00,False
DEL,STV,AI,HIST-000,Economy,8837,INR,2025-12-01,14,0,12,49,False,False,50,2025-11-17 00:00:00,False
LKO,BBI,6E,HIST-000,Economy,7735,INR,2023-11-09,14,3,11,45,False,False,50,2023-10-26 00:00:00,False
VNS,BBI,AI,HIST-000,Economy,5936,INR,2025-01-05,14,6,1,1,False,True,50,2024-12-22 00:00:00,False
AMD,LKO,6E,HIST-000,Economy,12643,INR,2025-10-16,14,3,10,42,False,False,50,2025-10-02 00:00:00,False
AMD,LKO,SG,HIST-000,Economy,3264,INR,2024-03-21,14,3,3,12,False,False,50,2024-03-07 00:00:00,False
LKO,HYD,9I,HIST-000,Economy,8218,INR,2023-04-15,14,5,4,15,False,True,50,2023-04-01 00:00:00,False
HYD,STV,UK,HIST-000,Economy,8814,INR,2025-03-17,14,0,3,12,False,False,50,2025-03-03 00:00:00,False
PAT,AMD,G8,HIST-000,Economy,5255,INR,2023-04-24,14,0,4,17,False,False,50,2023-04-10 00:00:00,False
STV,GAU,9I,HIST-000,Economy,9739,INR,2024-06-13,14,3,6,24,False,False,50,2024-05-30 00:00:00,False
JAI,LKO,UK,HIST-000,Economy,5416,INR,2023-01-09,14,0,1,2,False,False,50,2022-12-26 00:00:00,False
HYD,RPR,2T,HIST-000,Economy,11257,INR,2025-01-13,14,0,1,3,False,False,50,2024-12-30 00:00:00,False
BLR,PAT,9I,HIST-000,Economy,6669,INR,2024-01-12,14,4,1,2,False,False,50,2023-12-29 00:00:00,False
VNS,STV,I5,HIST-000,Economy,16203,INR,2025-06-09,14,0,6,24,False,False,50,2025-05-26 00:00:00,False
AMD,JAI,9I,HIST-000,Economy,4145,INR,2025-04-22,14,1,4,17,False,False,50,2025-04-08 00:00:00,False
LKO,CCU,2T,HIST-000,Economy,4018,INR,2023-10-13,14,4,10,41,False,False,50,2023-09-29 00:00:00,False
MAA,DEL,S5,HIST-000,Economy,8034,INR,2025-10-03,14,4,10,40,False,False,50,2025-09-19 00:00:00,False
GAU,BOM,I5,HIST-000,Economy,9364,INR,2024-07-13,14,5,7,28,False,True,50,2024-06-29 00:00:00,False
STV,HYD,2T,HIST-000,Economy,15447,INR,2023-04-09,14,6,4,14,False,True,50,2023-03-26 00:00:00,False
RPR,DEL,S5,HIST-000,Economy,5979,INR,2025-02-17,14,0,2,8,False,False,50,2025-02-03 00:00:00,False
PAT,BLR,UK,HIST-000,Economy,10487,INR,2024-02-26,14,0,2,9,False,False,50,2024-02-12 00:00:00,False
AMD,GOI,G8,HIST-000,Economy,15448,INR,2024-11-12,14,1,11,46,False,False,50,2024-10-29 00:00:00,False
LKO,BOM,AI,HIST-000,Economy,10494,INR,2025-01-04,14,5,1,1,False,True,50,2024-12-21 00:00:00,False
BLR,PNQ,6E,HIST-000,Economy,10414,INR,2023-11-01,14,2,11,44,False,False,50,2023-10-18 00:00:00,False
BOM,IDR,9I,HIST-000,Economy,3480,INR,2025-07-08,14,1,7,28,False,False,50,2025-06-24 00:00:00,False
MAA,PAT,9I,HIST-000,Economy,10545,INR,2024-09-26,14,3,9,39,False,False,50,2024-09-12 00:00:00,False
NAG,AMD,9I,HIST-000,Economy,15226,INR,2024-08-04,14,6,8,31,False,True,50,2024-07-21 00:00:00,False
COK,GAU,S5,HIST-000,Economy,6198,INR,2024-04-13,14,5,4,15,False,True,50,2024-03-30 00:00:00,False
CCU,BOM,S5,HIST-000,Economy,12081,INR,2025-12-28,14,6,12,52,False,True,50,2025-12-14 00:00:00,False
AMD,PNQ,S5,HIST-000,Economy,11425,INR,2025-09-02,14,1,9,36,False,False,50,2025-08-19 00:00:00,False
PNQ,AMD,2T,HIST-000,Economy,8555,INR,2025-12-09,14,1,12,50,False,False,50,2025-11-25 00:00:00,False
GOI,JAI,AI,HIST-000,Economy,6239,INR,2025-10-04,14,5,10,40,False,True,50,2025-09-20 00:00:00,False
GAU,IDR,SG,HIST-000,Economy,10308,INR,2025-02-22,14,5,2,8,False,True,50,2025-02-08 00:00:00,False
AMD,IDR,6E,HIST-000,Economy,3798,INR,2023-08-11,14,4,8,32,False,False,50,2023-07-28 00:00:00,False
VNS,CCU,G8,HIST-000,Economy,6159,INR,2024-03-23,14,5,3,12,False,True,50,2024-03-09 00:00:00,False
COK,BBI,6E,HIST-000,Economy,8640,INR,2025-08-23,14,5,8,34,False,True,50,2025-08-09 00:00:00,False
IDR,STV,QP,HIST-000,Economy,8484,INR,2023-05-15,14,0,5,20,False,False,50,2023-05-01 00:00:00,False
COK,MAA,SG,HIST-000,Economy,11009,INR,2024-09-15,14,6,9,37,False,True,50,2024-09-01 00:00:00,False
LKO,RPR,AI,HIST-000,Economy,14519,INR,2025-06-21,14,5,6,25,False,True,50,2025-06-07 00:00:00,False
MAA,JAI,9I,HIST-000,Economy,10065,INR,2024-03-05,14,1,3,10,False,False,50,2024-02-20 00:00:00,False
GAU,CCU,UK,HIST-000,Economy,8299,INR,2023-09-12,14,1,9,37,False,False,50,2023-08-29 00:00:00,False
DEL,NAG,9I,HIST-000,Economy,7180,INR,2023-04-09,14,6,4,14,False,True,50,2023-03-26 00:00:00,False
BLR,PNQ,S5,HIST-000,Economy,12726,INR,2023-08-05,14,5,8,31,False,True,50,2023-07-22 00:00:00,False
PNQ,BOM,S5,HIST-000,Economy,8123,INR,2024-04-14,14,6,4,15,False,True,50,2024-03-31 00:00:00,False
BOM,VNS,G8,HIST-000,Economy,6715,INR,2023-01-09,14,0,1,2,False,False,50,2022-12-26 00:00:00,False
STV,PAT,6E,HIST-000,Economy,5407,INR,2023-09-06,14,2,9,36,False,False,50,2023-08-23 00:00:00,False
BLR,AMD,AI,HIST-000,Economy,13329,INR,2023-02-16,14,3,2,7,False,False,50,2023-02-02 00:00:00,False
PNQ,PAT,AI,HIST-000,Economy,13942,INR,2024-08-05,14,0,8,32,False,False,50,2024-07-22 00:00:00,False
RPR,BLR,9I,HIST-000,Economy,5847,INR,2024-11-18,14,0,11,47,False,False,50,2024-11-04 00:00:00,False
PAT,CCU,S5,HIST-000,Economy,6468,INR,2025-07-12,14,5,7,28,False,True,50,2025-06-28 00:00:00,False
BBI,GOI,G8,HIST-000,Economy,9405,INR,2024-04-02,14,1,4,14,False,False,50,2024-03-19 00:00:00,False
BLR,VNS,SG,HIST-000,Economy,6036,INR,2023-01-04,14,2,1,1,False,False,50,2022-12-21 00:00:00,False
GOI,HYD,S5,HIST-000,Economy,6151,INR,2024-10-24,14,3,10,43,False,False,50,2024-10-10 00:00:00,False
DEL,HYD,G8,HIST-000,Economy,5045,INR,2023-09-09,14,5,9,36,False,True,50,2023-08-26 00:00:00,False
LKO,BLR,AI,HIST-000,Economy,6480,INR,2023-01-04,14,2,1,1,False,False,50,2022-12-21 00:00:00,False
NAG,PNQ,9I,HIST-000,Economy,10698,INR,2025-07-04,14,4,7,27,False,False,50,2025-06-20 00:00:00,False
HYD,VNS,S5,HIST-000,Economy,4930,INR,2024-11-09,14,5,11,45,False,True,50,2024-10-26 00:00:00,False
BLR,AMD,2T,HIST-000,Economy,8630,INR,2025-04-27,14,6,4,17,False,True,50,2025-04-13 00:00:00,False
JAI,GAU,9I,HIST-000,Economy,9514,INR,2024-11-18,14,0,11,47,False,False,50,2024-11-04 00:00:00,False
COK,BOM,AI,HIST-000,Economy,9589,INR,2024-05-10,14,4,5,19,False,False,50,2024-04-26 00:00:00,False
GAU,AMD,9I,HIST-000,Economy,5353,INR,2025-09-26,14,4,9,39,False,False,50,2025-09-12 00:00:00,False
JAI,CCU,9I,HIST-000,Economy,8580,INR,2024-01-28,14,6,1,4,False,True,50,2024-01-14 00:00:00,False
PNQ,BBI,SG,HIST-000,Economy,11141,INR,2025-01-04,14,5,1,1,False,True,50,2024-12-21 00:00:00,False
IDR,JAI,S5,HIST-000,Economy,9030,INR,2024-04-11,14,3,4,15,False,False,50,2024-03-28 00:00:00,False
HYD,STV,UK,HIST-000,Economy,7907,INR,2023-11-18,14,5,11,46,False,True,50,2023-11-04 00:00:00,False
HYD,PNQ,6E,HIST-000,Economy,6534,INR,2023-01-27,14,4,1,4,False,False,50,2023-01-13 00:00:00,False
IDR,HYD,AI,HIST-000,Economy,10181,INR,2024-08-28,14,2,8,35,False,False,50,2024-08-14 00:00:00,False
BBI,LKO,QP,HIST-000,Economy,6716,INR,2023-10-28,14,5,10,43,False,True,50,2023-10-14 00:00:00,False
RPR,STV,I5,HIST-000,Economy,13775,INR,2025-03-22,14,5,3,12,False,True,50,2025-03-08 00:00:00,False
LKO,JAI,I5,HIST-000,Economy,6010,INR,2023-07-22,14,5,7,29,False,True,50,2023-07-08 00:00:00,False
JAI,VNS,6E,HIST-000,Economy,9140,INR,2025-10-02,14,3,10,40,False,False,50,2025-09-18 00:00:00,False
NAG,GOI,QP,HIST-000,Economy,13001,INR,2024-05-24,14,4,5,21,False,False,50,2024-05-10 00:00:00,False
HYD,GAU,SG,HIST-000,Economy,14349,INR,2025-05-13,14,1,5,20,False,False,50,2025-04-29 00:00:00,False
DEL,CCU,6E,HIST-000,Economy,7042,INR,2025-06-12,14,3,6,24,False,False,50,2025-05-29 00:00:00,False
CCU,LKO,SG,HIST-000,Economy,9254,INR,2024-02-21,14,2,2,8,False,False,50,2024-02-07 00:00:00,False
RPR,IDR,S5,HIST-000,Economy,6788,INR,2024-02-05,14,0,2,6,False,False,50,2024-01-22 00:00:00,False
STV,IDR,SG,HIST-000,Economy,12056,INR,2025-04-08,14,1,4,15,False,False,50,2025-03-25 00:00:00,False
COK,GAU,9I,HIST-000,Economy,5739,INR,2024-05-11,14,5,5,19,False,True,50,2024-04-27 00:00:00,False
NAG,MAA,G8,HIST-000,Economy,8180,INR,2023-09-27,14,2,9,39,False,False,50,2023-09-13 00:00:00,False
MAA,JAI,QP,HIST-000,Economy,10320,INR,2023-09-10,14,6,9,36,False,True,50,2023-08-27 00:00:00,False
NAG,STV,6E,HIST-000,Economy,14117,INR,2023-11-10,14,4,11,45,False,False,50,2023-10-27 00:00:00,False
VNS,CCU,6E,HIST-000,Economy,10668,INR,2025-02-27,14,3,2,9,False,False,50,2025-02-13 00:00:00,False
JAI,LKO,QP,HIST-000,Economy,7223,INR,2024-07-07,14,6,7,27,False,True,50,2024-06-23 00:00:00,False
BOM,BLR,QP,HIST-000,Economy,10916,INR,2025-09-16,14,1,9,38,False,False,50,2025-09-02 00:00:00,False
BLR,GAU,UK,HIST-000,Economy,12524,INR,2023-03-06,14,0,3,10,False,False,50,2023-02-20 00:00:00,False
BOM,GOI,I5,HIST-000,Economy,4736,INR,2024-10-27,14,6,10,43,False,True,50,2024-10-13 00:00:00,False
GAU,JAI,S5,HIST-000,Economy,9987,INR,2024-08-05,14,0,8,32,False,False,50,2024-07-22 00:00:00,False
CCU,DEL,I5,HIST-000,Economy,10120,INR,2024-01-09,14,1,1,2,False,False,50,2023-12-26 00:00:00,False
AMD,COK,6E,HIST-000,Economy,8534,INR,2025-04-01,14,1,4,14,False,False,50,2025-03-18 00:00:00,False
BOM,GAU,QP,HIST-000,Economy,8605,INR,2023-08-17,14,3,8,33,False,False,50,2023-08-03 00:00:00,False
NAG,DEL,G8,HIST-000,Economy,8130,INR,2025-06-22,14,6,6,25,False,True,50,2025-06-08 00:00:00,False
VNS,JAI,6E,HIST-000,Economy,13668,INR,2023-02-10,14,4,2,6,False,False,50,2023-01-27 00:00:00,False
COK,RPR,6E,HIST-000,Economy,6847,INR,2025-12-26,14,4,12,52,False,False,50,2025-12-12 00:00:00,False
AMD,NAG,SG,HIST-000,Economy,15841,INR,2023-06-18,14,6,6,24,False,True,50,2023-06-04 00:00:00,False
CCU,JAI,S5,HIST-000,Economy,10041,INR,2023-12-17,14,6,12,50,False,True,50,2023-12-03 00:00:00,False
BOM,DEL,AI,HIST-000,Economy,9794,INR,2025-10-25,14,5,10,43,False,True,50,2025-10-11 00:00:00,False
PNQ,AMD,6E,HIST-000,Economy,16531,INR,2025-06-10,14,1,6,24,False,False,50,2025-05-27 00:00:00,False
AMD,COK,UK,HIST-000,Economy,3875,INR,2024-04-18,14,3,4,16,False,False,50,2024-04-04 00:00:00,False
AMD,JAI,6E,HIST-000,Economy,6944,INR,2023-10-25,14,2,10,43,False,False,50,2023-10-11 00:00:00,False
STV,LKO,S5,HIST-000,Economy,14625,INR,2024-03-04,14,0,3,10,False,False,50,2024-02-19 00:00:00,False
BOM,STV,6E,HIST-000,Economy,6695,INR,2025-02-03,14,0,2,6,False,False,50,2025-01-20 00:00:00,False
CCU,VNS,SG,HIST-000,Economy,14217,INR,2025-02-06,14,3,2,6,False,False,50,2025-01-23 00:00:00,False
NAG,JAI,SG,HIST-000,Economy,6206,INR,2025-10-26,14,6,10,43,False,True,50,2025-10-12 00:00:00,False
STV,JAI,AI,HIST-000,Economy,5540,INR,2025-08-10,14,6,8,32,False,True,50,2025-07-27 00:00:00,False
PAT,IDR,6E,HIST-000,Economy,7060,INR,2023-06-09,14,4,6,23,False,False,50,2023-05-26 00:00:00,False
JAI,AMD,6E,HIST-000,Economy,13290,INR,2023-04-18,14,1,4,16,False,False,50,2023-04-04 00:00:00,False
COK,PNQ,SG,HIST-000,Economy,6088,INR,2024-12-25,14,2,12,52,False,False,50,2024-12-11 00:00:00,False
LKO,GAU,UK,HIST-000,Economy,10762,INR,2025-10-02,14,3,10,40,False,False,50,2025-09-18 00:00:00,False
GOI,MAA,6E,HIST-000,Economy,3404,INR,2023-08-28,14,0,8,35,False,False,50,2023-08-14 00:00:00,False
NAG,JAI,I5,HIST-000,Economy,4100,INR,2023-11-17,14,4,11,46,False,False,50,2023-11-03 00:00:00,False
STV,RPR,SG,HIST-000,Economy,3100,INR,2025-03-02,14,6,3,9,False,True,50,2025-02-16 00:00:00,False
GAU,AMD,G8,HIST-000,Economy,3695,INR,2025-01-01,14,2,1,1,False,False,50,2024-12-18 00:00:00,False
RPR,IDR,QP,HIST-000,Economy,6608,INR,2025-05-09,14,4,5,19,False,False,50,2025-04-25 00:00:00,False
GAU,AMD,2T,HIST-000,Economy,7103,INR,2024-09-07,14,5,9,36,False,True,50,2024-08-24 00:00:00,False
DEL,IDR,QP,HIST-000,Economy,7760,INR,2024-07-03,14,2,7,27,False,False,50,2024-06-19 00:00:00,False
BOM,JAI,AI,HIST-000,Economy,4428,INR,2023-02-26,14,6,2,8,False,True,50,2023-02-12 00:00:00,False
JAI,BLR,G8,HIST-000,Economy,9760,INR,2025-08-09,14,5,8,32,False,True,50,2025-07-26 00:00:00,False
IDR,PNQ,2T,HIST-000,Economy,15720,INR,2024-01-25,14,3,1,4,False,False,50,2024-01-11 00:00:00,False
VNS,RPR,SG,HIST-000,Economy,13648,INR,2025-02-03,14,0,2,6,False,False,50,2025-01-20 00:00:00,False
DEL,AMD,2T,HIST-000,Economy,9052,INR,2023-10-03,14,1,10,40,False,False,50,2023-09-19 00:00:00,False
GAU,PNQ,2T,HIST-000,Economy,9345,INR,2024-04-26,14,4,4,17,False,False,50,2024-04-12 00:00:00,False
NAG,IDR,S5,HIST-000,Economy,11843,INR,2025-05-24,14,5,5,21,False,True,50,2025-05-10 00:00:00,False
VNS,IDR,AI,HIST-000,Economy,6057,INR,2025-07-04,14,4,7,27,False,False,50,2025-06-20 00:00:00,False
MAA,CCU,2T,HIST-000,Economy,13829,INR,2024-06-28,14,4,6,26,False,False,50,2024-06-14 00:00:00,False
HYD,AMD,AI,HIST-000,Economy,7546,INR,2025-11-26,14,2,11,48,False,False,50,2025-11-12 00:00:00,False
DEL,JAI,6E,HIST-000,Economy,6038,INR,2023-04-11,14,1,4,15,False,False,50,2023-03-28 00:00:00,False
HYD,NAG,QP,HIST-000,Economy,13188,INR,2024-06-11,14,1,6,24,False,False,50,2024-05-28 00:00:00,False
HYD,GOI,S5,HIST-000,Economy,14708,INR,2025-04-12,14,5,4,15,False,True,50,2025-03-29 00:00:00,False
PAT,BLR,I5,HIST-000,Economy,8705,INR,2023-11-21,14,1,11,47,False,False,50,2023-11-07 00:00:00,False
HYD,LKO,QP,HIST-000,Economy,11631,INR,2024-06-04,14,1,6,23,False,False,50,2024-05-21 00:00:00,False
IDR,COK,2T,HIST-000,Economy,7503,INR,2024-04-02,14,1,4,14,False,False,50,2024-03-19 00:00:00,False
IDR,GOI,2T,HIST-000,Economy,8656,INR,2024-06-11,14,1,6,24,False,False,50,2024-05-28 00:00:00,False
RPR,DEL,SG,HIST-000,Economy,8921,INR,2025-05-27,14,1,5,22,False,False,50,2025-05-13 00:00:00,False
GOI,NAG,S5,HIST-000,Economy,13723,INR,2023-02-20,14,0,2,8,False,False,50,2023-02-06 00:00:00,False
PNQ,CCU,QP,HIST-000,Economy,9774,INR,2023-05-21,14,6,5,20,False,True,50,2023-05-07 00:00:00,False
BBI,IDR,G8,HIST-000,Economy,10194,INR,2024-06-24,14,0,6,26,False,False,50,2024-06-10 00:00:00,False
PAT,LKO,QP,HIST-000,Economy,4851,INR,2024-08-13,14,1,8,33,False,False,50,2024-07-30 00:00:00,False
AMD,CCU,SG,HIST-000,Economy,10263,INR,2023-02-17,14,4,2,7,False,False,50,2023-02-03 00:00:00,False
IDR,AMD,SG,HIST-000,Economy,11698,INR,2023-09-07,14,3,9,36,False,False,50,2023-08-24 00:00:00,False
HYD,MAA,S5,HIST-000,Economy,5204,INR,2025-03-02,14,6,3,9,False,True,50,2025-02-16 00:00:00,False
IDR,BBI,9I,HIST-000,Economy,10044,INR,2023-06-12,14,0,6,24,False,False,50,2023-05-29 00:00:00,False
GAU,PNQ,I5,HIST-000,Economy,3299,INR,2023-05-25,14,3,5,21,False,False,50,2023-05-11 00:00:00,False
STV,DEL,SG,HIST-000,Economy,14051,INR,2025-08-07,14,3,8,32,False,False,50,2025-07-24 00:00:00,False
RPR,MAA,S5,HIST-000,Economy,7204,INR,2025-10-17,14,4,10,42,False,False,50,2025-10-03 00:00:00,False
HYD,BLR,9I,HIST-000,Economy,10330,INR,2024-12-17,14,1,12,51,False,False,50,2024-12-03 00:00:00,False
STV,COK,I5,HIST-000,Economy,6161,INR,2024-02-07,14,2,2,6,False,False,50,2024-01-24 00:00:00,False
BOM,PAT,QP,HIST-000,Economy,4926,INR,2023-03-10,14,4,3,10,False,False,50,2023-02-24 00:00:00,False
BBI,HYD,6E,HIST-000,Economy,3625,INR,2025-03-03,14,0,3,10,False,False,50,2025-02-17 00:00:00,False
AMD,COK,QP,HIST-000,Economy,10094,INR,2023-06-01,14,3,6,22,False,False,50,2023-05-18 00:00:00,False
HYD,NAG,G8,HIST-000,Economy,4345,INR,2023-10-11,14,2,10,41,False,False,50,2023-09-27 00:00:00,False
IDR,GAU,SG,HIST-000,Economy,14639,INR,2023-04-25,14,1,4,17,False,False,50,2023-04-11 00:00:00,False
STV,HYD,I5,HIST-000,Economy,9479,INR,2025-08-25,14,0,8,35,False,False,50,2025-08-11 00:00:00,False
JAI,MAA,S5,HIST-000,Economy,13011,INR,2024-06-11,14,1,6,24,False,False,50,2024-05-28 00:00:00,False
MAA,HYD,9I,HIST-000,Economy,9686,INR,2025-06-26,14,3,6,26,False,False,50,2025-06-12 00:00:00,False
PNQ,CCU,9I,HIST-000,Economy,6834,INR,2023-12-14,14,3,12,50,False,False,50,2023-11-30 00:00:00,False
CCU,GAU,QP,HIST-000,Economy,12249,INR,2024-04-19,14,4,4,16,False,False,50,2024-04-05 00:00:00,False
LKO,RPR,G8,HIST-000,Economy,3086,INR,2024-06-07,14,4,6,23,False,False,50,2024-05-24 00:00:00,False
COK,GAU,UK,HIST-000,Economy,11622,INR,2023-12-18,14,0,12,51,False,False,50,2023-12-04 00:00:00,False
DEL,BLR,SG,HIST-000,Economy,11253,INR,2025-07-08,14,1,7,28,False,False,50,2025-06-24 00:00:00,False
BLR,BOM,QP,HIST-000,Economy,15610,INR,2025-09-23,14,1,9,39,False,False,50,2025-09-09 00:00:00,False
GAU,GOI,6E,HIST-000,Economy,3980,INR,2025-10-24,14,4,10,43,False,False,50,2025-10-10 00:00:00,False
RPR,VNS,G8,HIST-000,Economy,11573,INR,2025-05-25,14,6,5,21,False,True,50,2025-05-11 00:00:00,False
PAT,GOI,SG,HIST-000,Economy,9220,INR,2024-02-25,14,6,2,8,False,True,50,2024-02-11 00:00:00,False
PAT,VNS,SG,HIST-000,Economy,8472,INR,2024-05-28,14,1,5,22,False,False,50,2024-05-14 00:00:00,False
JAI,PNQ,9I,HIST-000,Economy,7839,INR,2025-06-21,14,5,6,25,False,True,50,2025-06-07 00:00:00,False
RPR,GAU,S5,HIST-000,Economy,12337,INR,2023-01-20,14,4,1,3,False,False,50,2023-01-06 00:00:00,False
BOM,BBI,SG,HIST-000,Economy,11940,INR,2023-05-10,14,2,5,19,False,False,50,2023-04-26 00:00:00,False
LKO,RPR,SG,HIST-000,Economy,12871,INR,2023-08-06,14,6,8,31,False,True,50,2023-07-23 00:00:00,False
COK,MAA,G8,HIST-000,Economy,8019,INR,2024-12-12,14,3,12,50,False,False,50,2024-11-28 00:00:00,False
RPR,VNS,9I,HIST-000,Economy,5672,INR,2025-02-20,14,3,2,8,False,False,50,2025-02-06 00:00:00,False
GOI,NAG,9I,HIST-000,Economy,4841,INR,2023-10-22,14,6,10,42,False,True,50,2023-10-08 00:00:00,False
IDR,DEL,QP,HIST-000,Economy,8020,INR,2025-11-03,14,0,11,45,False,False,50,2025-10-20 00:00:00,False
AMD,BBI,I5,HIST-000,Economy,14675,INR,2024-07-23,14,1,7,30,False,False,50,2024-07-09 00:00:00,False
RPR,BBI,2T,HIST-000,Economy,15514,INR,2024-02-07,14,2,2,6,False,False,50,2024-01-24 00:00:00,False
COK,LKO,2T,HIST-000,Economy,12159,INR,2024-07-04,14,3,7,27,False,False,50,2024-06-20 00:00:00,False
PAT,MAA,G8,HIST-000,Economy,10489,INR,2025-08-01,14,4,8,31,False,False,50,2025-07-18 00:00:00,False
HYD,DEL,G8,HIST-000,Economy,4896,INR,2024-04-22,14,0,4,17,False,False,50,2024-04-08 00:00:00,False
DEL,IDR,QP,HIST-000,Economy,3703,INR,2025-11-08,14,5,11,45,False,True,50,2025-10-25 00:00:00,False
GOI,BBI,2T,HIST-000,Economy,13338,INR,2024-08-11,14,6,8,32,False,True,50,2024-07-28 00:00:00,False
PAT,HYD,G8,HIST-000,Economy,6437,INR,2023-08-03,14,3,8,31,False,False,50,2023-07-20 00:00:00,False
COK,PNQ,2T,HIST-000,Economy,12975,INR,2023-03-22,14,2,3,12,False,False,50,2023-03-08 00:00:00,False
RPR,BBI,I5,HIST-000,Economy,10594,INR,2025-10-22,14,2,10,43,False,False,50,2025-10-08 00:00:00,False
PAT,BOM,G8,HIST-000,Economy,6674,INR,2025-12-14,14,6,12,50,False,True,50,2025-11-30 00:00:00,False
JAI,GOI,S5,HIST-000,Economy,14977,INR,2023-01-07,14,5,1,1,False,True,50,2022-12-24 00:00:00,False
AMD,VNS,AI,HIST-000,Economy,11785,INR,2025-07-13,14,6,7,28,False,True,50,2025-06-29 00:00:00,False
CCU,PNQ,QP,HIST-000,Economy,12697,INR,2023-07-07,14,4,7,27,False,False,50,2023-06-23 00:00:00,False
NAG,STV,G8,HIST-000,Economy,6689,INR,2025-07-20,14,6,7,29,False,True,50,2025-07-06 00:00:00,False
LKO,IDR,G8,HIST-000,Economy,6368,INR,2023-10-15,14,6,10,41,False,True,50,2023-10-01 00:00:00,False
MAA,IDR,G8,HIST-000,Economy,10232,INR,2025-12-02,14,1,12,49,False,False,50,2025-11-18 00:00:00,False
LKO,BBI,I5,HIST-000,Economy,12931,INR,2025-02-28,14,4,2,9,False,False,50,2025-02-14 00:00:00,False
AMD,CCU,QP,HIST-000,Economy,11294,INR,2025-09-25,14,3,9,39,False,False,50,2025-09-11 00:00:00,False
RPR,HYD,AI,HIST-000,Economy,11284,INR,2025-05-15,14,3,5,20,False,False,50,2025-05-01 00:00:00,False
RPR,IDR,S5,HIST-000,Economy,10522,INR,2024-04-26,14,4,4,17,False,False,50,2024-04-12 00:00:00,False
IDR,PAT,2T,HIST-000,Economy,9459,INR,2024-06-21,14,4,6,25,False,False,50,2024-06-07 00:00:00,False
AMD,MAA,2T,HIST-000,Economy,10523,INR,2025-02-01,14,5,2,5,False,True,50,2025-01-18 00:00:00,False
BOM,HYD,SG,HIST-000,Economy,11712,INR,2023-07-02,14,6,7,26,False,True,50,2023-06-18 00:00:00,False
COK,GAU,QP,HIST-000,Economy,10414,INR,2023-12-17,14,6,12,50,False,True,50,2023-12-03 00:00:00,False
MAA,LKO,2T,HIST-000,Economy,10515,INR,2025-04-21,14,0,4,17,False,False,50,2025-04-07 00:00:00,False
LKO,HYD,2T,HIST-000,Economy,11742,INR,2025-09-28,14,6,9,39,False,True,50,2025-09-14 00:00:00,False
GAU,CCU,QP,HIST-000,Economy,7662,INR,2024-06-04,14,1,6,23,False,False,50,2024-05-21 00:00:00,False
BOM,VNS,9I,HIST-000,Economy,10745,INR,2024-08-21,14,2,8,34,False,False,50,2024-08-07 00:00:00,False
PAT,RPR,I5,HIST-000,Economy,9380,INR,2024-09-01,14,6,9,35,False,True,50,2024-08-18 00:00:00,False
GAU,AMD,AI,HIST-000,Economy,9936,INR,2023-03-25,14,5,3,12,False,True,50,2023-03-11 00:00:00,False
BBI,NAG,I5,HIST-000,Economy,5820,INR,2024-02-02,14,4,2,5,False,False,50,2024-01-19 00:00:00,False
DEL,GAU,G8,HIST-000,Economy,5105,INR,2025-12-16,14,1,12,51,False,False,50,2025-12-02 00:00:00,False
VNS,BBI,UK,HIST-000,Economy,6090,INR,2025-07-24,14,3,7,30,False,False,50,2025-07-10 00:00:00,False
MAA,HYD,AI,HIST-000,Economy,10607,INR,2024-04-23,14,1,4,17,False,False,50,2024-04-09 00:00:00,False
GOI,STV,6E,HIST-000,Economy,6160,INR,2024-08-18,14,6,8,33,False,True,50,2024-08-04 00:00:00,False
DEL,COK,S5,HIST-000,Economy,11267,INR,2024-04-17,14,2,4,16,False,False,50,2024-04-03 00:00:00,False
NAG,BBI,6E,HIST-000,Economy,6887,INR,2025-06-02,14,0,6,23,False,False,50,2025-05-19 00:00:00,False
PNQ,VNS,9I,HIST-000,Economy,10402,INR,2023-06-23,14,4,6,25,False,False,50,2023-06-09 00:00:00,False
BOM,JAI,QP,HIST-000,Economy,3012,INR,2024-09-26,14,3,9,39,False,False,50,2024-09-12 00:00:00,False
DEL,PAT,6E,HIST-000,Economy,12606,INR,2025-08-20,14,2,8,34,False,False,50,2025-08-06 00:00:00,False
NAG,BOM,9I,HIST-000,Economy,10217,INR,2023-01-02,14,0,1,1,False,False,50,2022-12-19 00:00:00,False
IDR,MAA,9I,HIST-000,Economy,5728,INR,2023-03-08,14,2,3,10,False,False,50,2023-02-22 00:00:00,False
BOM,GOI,6E,HIST-000,Economy,9402,INR,2023-07-24,14,0,7,30,False,False,50,2023-07-10 00:00:00,False
HYD,PAT,AI,HIST-000,Economy,7124,INR,2025-11-01,14,5,11,44,False,True,50,2025-10-18 00:00:00,False
LKO,BLR,AI,HIST-000,Economy,12000,INR,2025-07-04,14,4,7,27,False,False,50,2025-06-20 00:00:00,False
PNQ,VNS,G8,HIST-000,Economy,6117,INR,2023-04-03,14,0,4,14,False,False,50,2023-03-20 00:00:00,False
JAI,GAU,AI,HIST-000,Economy,11024,INR,2024-12-18,14,2,12,51,False,False,50,2024-12-04 00:00:00,False
DEL,LKO,QP,HIST-000,Economy,13565,INR,2023-03-14,14,1,3,11,False,False,50,2023-02-28 00:00:00,False
PNQ,BLR,2T,HIST-000,Economy,5975,INR,2025-11-21,14,4,11,47,False,False,50,2025-11-07 00:00:00,False
RPR,JAI,2T,HIST-000,Economy,6328,INR,2025-03-21,14,4,3,12,False,False,50,2025-03-07 00:00:00,False
HYD,IDR,2T,HIST-000,Economy,4213,INR,2023-12-21,14,3,12,51,False,False,50,2023-12-07 00:00:00,False
BBI,LKO,2T,HIST-000,Economy,11605,INR,2024-03-21,14,3,3,12,False,False,50,2024-03-07 00:00:00,False
GAU,DEL,9I,HIST-000,Economy,10884,INR,2023-07-16,14,6,7,28,False,True,50,2023-07-02 00:00:00,False
BLR,AMD,6E,HIST-000,Economy,12783,INR,2025-12-20,14,5,12,51,False,True,50,2025-12-06 00:00:00,False
DEL,BLR,UK,HIST-000,Economy,6071,INR,2023-11-28,14,1,11,48,False,False,50,2023-11-14 00:00:00,False
VNS,PAT,AI,HIST-000,Economy,9233,INR,2023-03-05,14,6,3,9,False,True,50,2023-02-19 00:00:00,False
AMD,IDR,G8,HIST-000,Economy,12439,INR,2025-04-09,14,2,4,15,False,False,50,2025-03-26 00:00:00,False
CCU,BOM,QP,HIST-000,Economy,9984,INR,2025-09-03,14,2,9,36,False,False,50,2025-08-20 00:00:00,False
NAG,CCU,S5,HIST-000,Economy,11225,INR,2024-09-17,14,1,9,38,False,False,50,2024-09-03 00:00:00,False
BOM,PAT,G8,HIST-000,Economy,12564,INR,2024-07-12,14,4,7,28,False,False,50,2024-06-28 00:00:00,False
AMD,JAI,UK,HIST-000,Economy,7102,INR,2024-01-21,14,6,1,3,False,True,50,2024-01-07 00:00:00,False
JAI,COK,AI,HIST-000,Economy,7300,INR,2023-03-01,14,2,3,9,False,False,50,2023-02-15 00:00:00,False
JAI,CCU,I5,HIST-000,Economy,11611,INR,2024-04-16,14,1,4,16,False,False,50,2024-04-02 00:00:00,False
STV,COK,I5,HIST-000,Economy,5382,INR,2024-05-25,14,5,5,21,False,True,50,2024-05-11 00:00:00,False
BOM,AMD,QP,HIST-000,Economy,15721,INR,2025-08-05,14,1,8,32,False,False,50,2025-07-22 00:00:00,False
DEL,HYD,G8,HIST-000,Economy,9419,INR,2024-01-20,14,5,1,3,False,True,50,2024-01-06 00:00:00,False
LKO,BBI,G8,HIST-000,Economy,12681,INR,2025-08-10,14,6,8,32,False,True,50,2025-07-27 00:00:00,False
BBI,BLR,I5,HIST-000,Economy,8884,INR,2025-11-11,14,1,11,46,False,False,50,2025-10-28 00:00:00,False
PAT,BOM,SG,HIST-000,Economy,10490,INR,2024-09-21,14,5,9,38,False,True,50,2024-09-07 00:00:00,False
BBI,DEL,AI,HIST-000,Economy,5963,INR,2025-12-12,14,4,12,50,False,False,50,2025-11-28 00:00:00,False
MAA,BOM,9I,HIST-000,Economy,7492,INR,2025-10-26,14,6,10,43,False,True,50,2025-10-12 00:00:00,False
BLR,GOI,SG,HIST-000,Economy,12956,INR,2023-08-14,14,0,8,33,False,False,50,2023-07-31 00:00:00,False
PNQ,BBI,AI,HIST-000,Economy,4320,INR,2023-01-05,14,3,1,1,False,False,50,2022-12-22 00:00:00,False
MAA,COK,2T,HIST-000,Economy,8009,INR,2023-06-05,14,0,6,23,False,False,50,2023-05-22 00:00:00,False
CCU,PNQ,SG,HIST-000,Economy,11006,INR,2023-09-05,14,1,9,36,False,False,50,2023-08-22 00:00:00,False
IDR,STV,9I,HIST-000,Economy,11692,INR,2023-03-28,14,1,3,13,False,False,50,2023-03-14 00:00:00,False
GAU,COK,SG,HIST-000,Economy,5856,INR,2024-08-28,14,2,8,35,False,False,50,2024-08-14 00:00:00,False
VNS,NAG,9I,HIST-000,Economy,10217,INR,2025-12-07,14,6,12,49,False,True,50,2025-11-23 00:00:00,False
VNS,DEL,2T,HIST-000,Economy,4150,INR,2023-09-20,14,2,9,38,False,False,50,2023-09-06 00:00:00,False
STV,HYD,AI,HIST-000,Economy,14832,INR,2023-05-26,14,4,5,21,False,False,50,2023-05-12 00:00:00,False
DEL,HYD,UK,HIST-000,Economy,6176,INR,2023-08-15,14,1,8,33,False,False,50,2023-08-01 00:00:00,False
GAU,HYD,I5,HIST-000,Economy,9806,INR,2023-02-26,14,6,2,8,False,True,50,2023-02-12 00:00:00,False
BLR,GOI,6E,HIST-000,Economy,4601,INR,2024-12-26,14,3,12,52,False,False,50,2024-12-12 00:00:00,False
STV,COK,SG,HIST-000,Economy,8054,INR,2025-08-19,14,1,8,34,False,False,50,2025-08-05 00:00:00,False
IDR,VNS,QP,HIST-000,Economy,3771,INR,2023-03-11,14,5,3,10,False,True,50,2023-02-25 00:00:00,False
IDR,GOI,G8,HIST-000,Economy,12422,INR,2023-01-22,14,6,1,3,False,True,50,2023-01-08 00:00:00,False
DEL,HYD,S5,HIST-000,Economy,5818,INR,2024-12-04,14,2,12,49,False,False,50,2024-11-20 00:00:00,False
BLR,BBI,I5,HIST-000,Economy,10352,INR,2025-09-22,14,0,9,39,False,False,50,2025-09-08 00:00:00,False
BOM,PAT,6E,HIST-000,Economy,7728,INR,2024-08-06,14,1,8,32,False,False,50,2024-07-23 00:00:00,False
LKO,COK,9I,HIST-000,Economy,7074,INR,2023-06-05,14,0,6,23,False,False,50,2023-05-22 00:00:00,False
VNS,GAU,9I,HIST-000,Economy,15486,INR,2024-09-28,14,5,9,39,False,True,50,2024-09-14 00:00:00,False
PNQ,VNS,2T,HIST-000,Economy,4248,INR,2023-08-21,14,0,8,34,False,False,50,2023-08-07 00:00:00,False
BOM,AMD,6E,HIST-000,Economy,8173,INR,2025-05-19,14,0,5,21,False,False,50,2025-05-05 00:00:00,False
MAA,STV,UK,HIST-000,Economy,12116,INR,2024-10-21,14,0,10,43,False,False,50,2024-10-07 00:00:00,False
MAA,AMD,UK,HIST-000,Economy,10443,INR,2025-08-14,14,3,8,33,False,False,50,2025-07-31 00:00:00,False
IDR,AMD,I5,HIST-000,Economy,10226,INR,2024-09-08,14,6,9,36,False,True,50,2024-08-25 00:00:00,False
JAI,BBI,9I,HIST-000,Economy,13951,INR,2024-11-19,14,1,11,47,False,False,50,2024-11-05 00:00:00,False
DEL,STV,I5,HIST-000,Economy,11015,INR,2025-07-16,14,2,7,29,False,False,50,2025-07-02 00:00:00,False
BOM,GAU,6E,HIST-000,Economy,12796,INR,2023-12-19,14,1,12,51,False,False,50,2023-12-05 00:00:00,False
JAI,PNQ,UK,HIST-000,Economy,4736,INR,2024-05-19,14,6,5,20,False,True,50,2024-05-05 00:00:00,False
PAT,BBI,I5,HIST-000,Economy,9459,INR,2024-02-17,14,5,2,7,False,True,50,2024-02-03 00:00:00,False
BOM,RPR,2T,HIST-000,Economy,11203,INR,2023-06-14,14,2,6,24,False,False,50,2023-05-31 00:00:00,False
IDR,CCU,9I,HIST-000,Economy,5241,INR,2025-08-05,14,1,8,32,False,False,50,2025-07-22 00:00:00,False
STV,PAT,QP,HIST-000,Economy,9966,INR,2024-06-19,14,2,6,25,False,False,50,2024-06-05 00:00:00,False
DEL,VNS,S5,HIST-000,Economy,5504,INR,2023-09-07,14,3,9,36,False,False,50,2023-08-24 00:00:00,False
STV,MAA,G8,HIST-000,Economy,6907,INR,2024-11-16,14,5,11,46,False,True,50,2024-11-02 00:00:00,False
BOM,HYD,I5,HIST-000,Economy,7891,INR,2024-08-26,14,0,8,35,False,False,50,2024-08-12 00:00:00,False
CCU,PAT,QP,HIST-000,Economy,6415,INR,2025-07-20,14,6,7,29,False,True,50,2025-07-06 00:00:00,False
BLR,CCU,AI,HIST-000,Economy,10264,INR,2023-03-28,14,1,3,13,False,False,50,2023-03-14 00:00:00,False
IDR,VNS,QP,HIST-000,Economy,10409,INR,2025-11-24,14,0,11,48,False,False,50,2025-11-10 00:00:00,False
RPR,COK,6E,HIST-000,Economy,8226,INR,2024-10-07,14,0,10,41,False,False,50,2024-09-23 00:00:00,False
GAU,BOM,I5,HIST-000,Economy,5002,INR,2024-03-09,14,5,3,10,False,True,50,2024-02-24 00:00:00,False
COK,NAG,2T,HIST-000,Economy,10798,INR,2025-07-24,14,3,7,30,False,False,50,2025-07-10 00:00:00,False
BLR,PNQ,9I,HIST-000,Economy,11001,INR,2023-01-08,14,6,1,1,False,True,50,2022-12-25 00:00:00,False
LKO,BLR,G8,HIST-000,Economy,4875,INR,2023-11-03,14,4,11,44,False,False,50,2023-10-20 00:00:00,False
BOM,LKO,UK,HIST-000,Economy,2806,INR,2025-04-22,14,1,4,17,False,False,50,2025-04-08 00:00:00,False
STV,GOI,AI,HIST-000,Economy,7920,INR,2024-03-13,14,2,3,11,False,False,50,2024-02-28 00:00:00,False
LKO,JAI,SG,HIST-000,Economy,12071,INR,2025-10-23,14,3,10,43,False,False,50,2025-10-09 00:00:00,False
PAT,DEL,S5,HIST-000,Economy,8687,INR,2023-01-13,14,4,1,2,False,False,50,2022-12-30 00:00:00,False
RPR,GOI,AI,HIST-000,Economy,11408,INR,2025-12-07,14,6,12,49,False,True,50,2025-11-23 00:00:00,False
STV,NAG,2T,HIST-000,Economy,5025,INR,2023-03-15,14,2,3,11,False,False,50,2023-03-01 00:00:00,False
PAT,BLR,9I,HIST-000,Economy,5367,INR,2023-05-02,14,1,5,18,False,False,50,2023-04-18 00:00:00,False
JAI,STV,SG,HIST-000,Economy,10977,INR,2025-04-27,14,6,4,17,False,True,50,2025-04-13 00:00:00,False
BLR,STV,UK,HIST-000,Economy,10023,INR,2025-11-27,14,3,11,48,False,False,50,2025-11-13 00:00:00,False
AMD,COK,2T,HIST-000,Economy,11534,INR,2023-04-11,14,1,4,15,False,False,50,2023-03-28 00:00:00,False
PNQ,JAI,2T,HIST-000,Economy,11387,INR,2024-11-06,14,2,11,45,False,False,50,2024-10-23 00:00:00,False
RPR,GOI,QP,HIST-000,Economy,14104,INR,2024-04-13,14,5,4,15,False,True,50,2024-03-30 00:00:00,False
JAI,RPR,I5,HIST-000,Economy,14151,INR,2023-04-20,14,3,4,16,False,False,50,2023-04-06 00:00:00,False
CCU,MAA,6E,HIST-000,Economy,11802,INR,2025-10-18,14,5,10,42,False,True,50,2025-10-04 00:00:00,False
MAA,PNQ,S5,HIST-000,Economy,4417,INR,2025-08-18,14,0,8,34,False,False,50,2025-08-04 00:00:00,False
NAG,JAI,QP,HIST-000,Economy,13172,INR,2024-04-11,14,3,4,15,False,False,50,2024-03-28 00:00:00,False
RPR,HYD,9I,HIST-000,Economy,15544,INR,2024-02-02,14,4,2,5,False,False,50,2024-01-19 00:00:00,False
VNS,BOM,6E,HIST-000,Economy,13968,INR,2025-12-06,14,5,12,49,False,True,50,2025-11-22 00:00:00,False
MAA,VNS,9I,HIST-000,Economy,6646,INR,2025-02-03,14,0,2,6,False,False,50,2025-01-20 00:00:00,False
VNS,DEL,SG,HIST-000,Economy,14469,INR,2025-11-06,14,3,11,45,False,False,50,2025-10-23 00:00:00,False
PNQ,PAT,QP,HIST-000,Economy,7349,INR,2024-06-04,14,1,6,23,False,False,50,2024-05-21 00:00:00,False
HYD,BLR,9I,HIST-000,Economy,6879,INR,2025-02-26,14,2,2,9,False,False,50,2025-02-12 00:00:00,False
COK,GOI,I5,HIST-000,Economy,12040,INR,2023-09-07,14,3,9,36,False,False,50,2023-08-24 00:00:00,False
RPR,NAG,2T,HIST-000,Economy,10847,INR,2025-07-04,14,4,7,27,False,False,50,2025-06-20 00:00:00,False
GAU,VNS,I5,HIST-000,Economy,9516,INR,2025-05-27,14,1,5,22,False,False,50,2025-05-13 00:00:00,False
BLR,VNS,6E,HIST-000,Economy,10844,INR,2024-03-16,14,5,3,11,False,True,50,2024-03-02 00:00:00,False
PAT,COK,9I,HIST-000,Economy,12233,INR,2024-11-28,14,3,11,48,False,False,50,2024-11-14 00:00:00,False
VNS,GOI,G8,HIST-000,Economy,7273,INR,2025-12-23,14,1,12,52,False,False,50,2025-12-09 00:00:00,False
COK,NAG,UK,HIST-000,Economy,8064,INR,2025-05-06,14,1,5,19,False,False,50,2025-04-22 00:00:00,False
BBI,IDR,9I,HIST-000,Economy,9661,INR,2023-09-15,14,4,9,37,False,False,50,2023-09-01 00:00:00,False
AMD,NAG,G8,HIST-000,Economy,5746,INR,2025-10-24,14,4,10,43,False,False,50,2025-10-10 00:00:00,False
AMD,VNS,S5,HIST-000,Economy,11215,INR,2024-09-22,14,6,9,38,False,True,50,2024-09-08 00:00:00,False
BOM,MAA,9I,HIST-000,Economy,8645,INR,2023-11-19,14,6,11,46,False,True,50,2023-11-05 00:00:00,False
VNS,AMD,UK,HIST-000,Economy,4761,INR,2025-09-06,14,5,9,36,False,True,50,2025-08-23 00:00:00,False
STV,VNS,6E,HIST-000,Economy,10486,INR,2023-03-16,14,3,3,11,False,False,50,2023-03-02 00:00:00,False
HYD,AMD,S5,HIST-000,Economy,8990,INR,2023-05-15,14,0,5,20,False,False,50,2023-05-01 00:00:00,False
STV,DEL,SG,HIST-000,Economy,9866,INR,2023-10-27,14,4,10,43,False,False,50,2023-10-13 00:00:00,False
BBI,DEL,G8,HIST-000,Economy,3785,INR,2024-08-03,14,5,8,31,False,True,50,2024-07-20 00:00:00,False
PAT,LKO,S5,HIST-000,Economy,8785,INR,2023-08-19,14,5,8,33,False,True,50,2023-08-05 00:00:00,False
MAA,PAT,UK,HIST-000,Economy,13962,INR,2025-07-14,14,0,7,29,False,False,50,2025-06-30 00:00:00,False
HYD,GAU,AI,HIST-000,Economy,6386,INR,2024-09-08,14,6,9,36,False,True,50,2024-08-25 00:00:00,False
JAI,NAG,6E,HIST-000,Economy,13609,INR,2025-08-19,14,1,8,34,False,False,50,2025-08-05 00:00:00,False
PAT,RPR,2T,HIST-000,Economy,6165,INR,2023-01-26,14,3,1,4,False,False,50,2023-01-12 00:00:00,False
BLR,JAI,AI,HIST-000,Economy,9330,INR,2024-09-15,14,6,9,37,False,True,50,2024-09-01 00:00:00,False
IDR,RPR,9I,HIST-000,Economy,13983,INR,2025-10-05,14,6,10,40,False,True,50,2025-09-21 00:00:00,False
IDR,PAT,9I,HIST-000,Economy,12504,INR,2025-08-13,14,2,8,33,False,False,50,2025-07-30 00:00:00,False
BLR,VNS,UK,HIST-000,Economy,10572,INR,2025-07-12,14,5,7,28,False,True,50,2025-06-28 00:00:00,False
HYD,RPR,G8,HIST-000,Economy,10033,INR,2025-03-03,14,0,3,10,False,False,50,2025-02-17 00:00:00,False
BLR,LKO,AI,HIST-000,Economy,14439,INR,2023-12-14,14,3,12,50,False,False,50,2023-11-30 00:00:00,False
COK,PNQ,2T,HIST-000,Economy,12199,INR,2025-10-24,14,4,10,43,False,False,50,2025-10-10 00:00:00,False
NAG,PAT,9I,HIST-000,Economy,6728,INR,2023-12-02,14,5,12,48,False,True,50,2023-11-18 00:00:00,False
VNS,STV,QP,HIST-000,Economy,10427,INR,2024-11-13,14,2,11,46,False,False,50,2024-10-30 00:00:00,False
VNS,BBI,S5,HIST-000,Economy,4194,INR,2025-06-27,14,4,6,26,False,False,50,2025-06-13 00:00:00,False
BLR,NAG,G8,HIST-000,Economy,11100,INR,2025-08-19,14,1,8,34,False,False,50,2025-08-05 00:00:00,False
CCU,PNQ,2T,HIST-000,Economy,13835,INR,2024-02-01,14,3,2,5,False,False,50,2024-01-18 00:00:00,False
GAU,AMD,SG,HIST-000,Economy,13067,INR,2025-11-24,14,0,11,48,False,False,50,2025-11-10 00:00:00,False
NAG,HYD,S5,HIST-000,Economy,5930,INR,2025-10-07,14,1,10,41,False,False,50,2025-09-23 00:00:00,False
IDR,BBI,9I,HIST-000,Economy,5541,INR,2025-10-28,14,1,10,44,False,False,50,2025-10-14 00:00:00,False
STV,JAI,QP,HIST-000,Economy,10312,INR,2025-05-09,14,4,5,19,False,False,50,2025-04-25 00:00:00,False
BOM,CCU,SG,HIST-000,Economy,13323,INR,2025-05-17,14,5,5,20,False,True,50,2025-05-03 00:00:00,False
GOI,PNQ,I5,HIST-000,Economy,7040,INR,2025-05-09,14,4,5,19,False,False,50,2025-04-25 00:00:00,False
JAI,PNQ,QP,HIST-000,Economy,5742,INR,2023-01-01,14,6,1,52,False,True,50,2022-12-18 00:00:00,False
JAI,RPR,SG,HIST-000,Economy,15265,INR,2024-05-14,14,1,5,20,False,False,50,2024-04-30 00:00:00,False
HYD,STV,AI,HIST-000,Economy,7139,INR,2023-12-01,14,4,12,48,False,False,50,2023-11-17 00:00:00,False
IDR,BBI,I5,HIST-000,Economy,7468,INR,2023-07-14,14,4,7,28,False,False,50,2023-06-30 00:00:00,False
BOM,IDR,I5,HIST-000,Economy,10956,INR,2024-01-18,14,3,1,3,False,False,50,2024-01-04 00:00:00,False
VNS,LKO,S5,HIST-000,Economy,11475,INR,2023-10-12,14,3,10,41,False,False,50,2023-09-28 00:00:00,False
RPR,CCU,G8,HIST-000,Economy,11478,INR,2023-02-14,14,1,2,7,False,False,50,2023-01-31 00:00:00,False
STV,BOM,AI,HIST-000,Economy,5346,INR,2023-12-21,14,3,12,51,False,False,50,2023-12-07 00:00:00,False
CCU,STV,6E,HIST-000,Economy,4819,INR,2023-06-17,14,5,6,24,False,True,50,2023-06-03 00:00:00,False
IDR,BBI,S5,HIST-000,Economy,2858,INR,2025-09-26,14,4,9,39,False,False,50,2025-09-12 00:00:00,False
PAT,NAG,G8,HIST-000,Economy,8070,INR,2024-01-05,14,4,1,1,False,False,50,2023-12-22 00:00:00,False
NAG,AMD,S5,HIST-000,Economy,13084,INR,2025-09-19,14,4,9,38,False,False,50,2025-09-05 00:00:00,False
JAI,BOM,I5,HIST-000,Economy,11001,INR,2024-12-07,14,5,12,49,False,True,50,2024-11-23 00:00:00,False
GOI,PNQ,2T,HIST-000,Economy,12994,INR,2025-06-20,14,4,6,25,False,False,50,2025-06-06 00:00:00,False
JAI,VNS,6E,HIST-000,Economy,5440,INR,2023-01-16,14,0,1,3,False,False,50,2023-01-02 00:00:00,False
PNQ,COK,G8,HIST-000,Economy,9384,INR,2024-08-02,14,4,8,31,False,False,50,2024-07-19 00:00:00,False
AMD,PNQ,6E,HIST-000,Economy,2620,INR,2023-09-25,14,0,9,39,False,False,50,2023-09-11 00:00:00,False
JAI,BBI,G8,HIST-000,Economy,13677,INR,2025-02-20,14,3,2,8,False,False,50,2025-02-06 00:00:00,False
GAU,CCU,QP,HIST-000,Economy,8917,INR,2025-03-10,14,0,3,11,False,False,50,2025-02-24 00:00:00,False
LKO,BLR,QP,HIST-000,Economy,6800,INR,2024-12-09,14,0,12,50,False,False,50,2024-11-25 00:00:00,False
PNQ,HYD,G8,HIST-000,Economy,7418,INR,2023-02-22,14,2,2,8,False,False,50,2023-02-08 00:00:00,False
IDR,AMD,G8,HIST-000,Economy,10742,INR,2025-11-27,14,3,11,48,False,False,50,2025-11-13 00:00:00,False
BOM,AMD,G8,HIST-000,Economy,6671,INR,2024-09-03,14,1,9,36,False,False,50,2024-08-20 00:00:00,False
RPR,BLR,9I,HIST-000,Economy,10339,INR,2025-03-11,14,1,3,11,False,False,50,2025-02-25 00:00:00,False
PAT,GOI,AI,HIST-000,Economy,8612,INR,2025-12-19,14,4,12,51,False,False,50,2025-12-05 00:00:00,False
BLR,HYD,AI,HIST-000,Economy,11766,INR,2024-08-17,14,5,8,33,False,True,50,2024-08-03 00:00:00,False
LKO,CCU,G8,HIST-000,Economy,11378,INR,2024-12-10,14,1,12,50,False,False,50,2024-11-26 00:00:00,False
BBI,IDR,2T,HIST-000,Economy,14379,INR,2025-10-22,14,2,10,43,False,False,50,2025-10-08 00:00:00,False
GOI,MAA,QP,HIST-000,Economy,8236,INR,2025-05-14,14,2,5,20,False,False,50,2025-04-30 00:00:00,False
MAA,HYD,I5,HIST-000,Economy,5421,INR,2023-03-18,14,5,3,11,False,True,50,2023-03-04 00:00:00,False
BBI,PNQ,SG,HIST-000,Economy,12632,INR,2023-07-07,14,4,7,27,False,False,50,2023-06-23 00:00:00,False
DEL,BBI,UK,HIST-000,Economy,10989,INR,2025-10-26,14,6,10,43,False,True,50,2025-10-12 00:00:00,False
HYD,BOM,UK,HIST-000,Economy,4818,INR,2024-09-01,14,6,9,35,False,True,50,2024-08-18 00:00:00,False
GAU,AMD,UK,HIST-000,Economy,6157,INR,2024-10-08,14,1,10,41,False,False,50,2024-09-24 00:00:00,False
BLR,GAU,2T,HIST-000,Economy,7624,INR,2024-03-21,14,3,3,12,False,False,50,2024-03-07 00:00:00,False
GAU,BLR,6E,HIST-000,Economy,9633,INR,2023-02-18,14,5,2,7,False,True,50,2023-02-04 00:00:00,False
GOI,LKO,9I,HIST-000,Economy,6615,INR,2025-06-02,14,0,6,23,False,False,50,2025-05-19 00:00:00,False
PAT,AMD,SG,HIST-000,Economy,8703,INR,2024-08-12,14,0,8,33,False,False,50,2024-07-29 00:00:00,False
PAT,BOM,I5,HIST-000,Economy,12412,INR,2025-03-04,14,1,3,10,False,False,50,2025-02-18 00:00:00,False
HYD,PAT,S5,HIST-000,Economy,11349,INR,2025-12-11,14,3,12,50,False,False,50,2025-11-27 00:00:00,False
NAG,GAU,QP,HIST-000,Economy,14335,INR,2023-11-27,14,0,11,48,False,False,50,2023-11-13 00:00:00,False
LKO,COK,9I,HIST-000,Economy,9379,INR,2024-08-01,14,3,8,31,False,False,50,2024-07-18 00:00:00,False
BBI,PNQ,S5,HIST-000,Economy,14452,INR,2024-08-05,14,0,8,32,False,False,50,2024-07-22 00:00:00,False
IDR,CCU,6E,HIST-000,Economy,13380,INR,2025-09-27,14,5,9,39,False,True,50,2025-09-13 00:00:00,False
BOM,CCU,S5,HIST-000,Economy,5396,INR,2023-07-28,14,4,7,30,False,False,50,2023-07-14 00:00:00,False
CCU,DEL,S5,HIST-000,Economy,13607,INR,2025-06-20,14,4,6,25,False,False,50,2025-06-06 00:00:00,False
IDR,GAU,2T,HIST-000,Economy,6941,INR,2023-11-16,14,3,11,46,False,False,50,2023-11-02 00:00:00,False
RPR,COK,2T,HIST-000,Economy,6671,INR,2023-04-28,14,4,4,17,False,False,50,2023-04-14 00:00:00,False
BBI,AMD,QP,HIST-000,Economy,10167,INR,2024-12-12,14,3,12,50,False,False,50,2024-11-28 00:00:00,False
PAT,RPR,UK,HIST-000,Economy,9038,INR,2025-08-09,14,5,8,32,False,True,50,2025-07-26 00:00:00,False
DEL,NAG,6E,HIST-000,Economy,6568,INR,2024-03-22,14,4,3,12,False,False,50,2024-03-08 00:00:00,False
IDR,GAU,6E,HIST-000,Economy,13688,INR,2023-07-22,14,5,7,29,False,True,50,2023-07-08 00:00:00,False
AMD,BOM,2T,HIST-000,Economy,12507,INR,2024-04-25,14,3,4,17,False,False,50,2024-04-11 00:00:00,False
PNQ,LKO,UK,HIST-000,Economy,11001,INR,2023-02-25,14,5,2,8,False,True,50,2023-02-11 00:00:00,False
RPR,BLR,SG,HIST-000,Economy,3464,INR,2024-01-07,14,6,1,1,False,True,50,2023-12-24 00:00:00,False
MAA,AMD,QP,HIST-000,Economy,8848,INR,2023-11-08,14,2,11,45,False,False,50,2023-10-25 00:00:00,False
IDR,NAG,2T,HIST-000,Economy,7560,INR,2024-02-04,14,6,2,5,False,True,50,2024-01-21 00:00:00,False
CCU,PAT,G8,HIST-000,Economy,8727,INR,2023-09-20,14,2,9,38,False,False,50,2023-09-06 00:00:00,False
CCU,VNS,I5,HIST-000,Economy,12910,INR,2024-10-18,14,4,10,42,False,False,50,2024-10-04 00:00:00,False
DEL,IDR,SG,HIST-000,Economy,5626,INR,2025-01-21,14,1,1,4,False,False,50,2025-01-07 00:00:00,False
STV,RPR,9I,HIST-000,Economy,7477,INR,2024-11-25,14,0,11,48,False,False,50,2024-11-11 00:00:00,False
NAG,GOI,UK,HIST-000,Economy,5552,INR,2023-08-17,14,3,8,33,False,False,50,2023-08-03 00:00:00,False
HYD,VNS,QP,HIST-000,Economy,4160,INR,2023-02-13,14,0,2,7,False,False,50,2023-01-30 00:00:00,False
BBI,BLR,G8,HIST-000,Economy,12596,INR,2023-09-23,14,5,9,38,False,True,50,2023-09-09 00:00:00,False
JAI,HYD,G8,HIST-000,Economy,8917,INR,2023-01-27,14,4,1,4,False,False,50,2023-01-13 00:00:00,False
COK,GAU,UK,HIST-000,Economy,10558,INR,2025-11-05,14,2,11,45,False,False,50,2025-10-22 00:00:00,False
STV,DEL,G8,HIST-000,Economy,11453,INR,2024-06-20,14,3,6,25,False,False,50,2024-06-06 00:00:00,False
GOI,BLR,6E,HIST-000,Economy,6832,INR,2023-12-04,14,0,12,49,False,False,50,2023-11-20 00:00:00,False
PNQ,VNS,2T,HIST-000,Economy,15924,INR,2023-07-04,14,1,7,27,False,False,50,2023-06-20 00:00:00,False
GOI,MAA,2T,HIST-000,Economy,12519,INR,2025-07-06,14,6,7,27,False,True,50,2025-06-22 00:00:00,False
PNQ,COK,9I,HIST-000,Economy,8771,INR,2024-05-04,14,5,5,18,False,True,50,2024-04-20 00:00:00,False
PNQ,MAA,SG,HIST-000,Economy,11967,INR,2025-11-12,14,2,11,46,False,False,50,2025-10-29 00:00:00,False
COK,DEL,S5,HIST-000,Economy,7927,INR,2025-06-27,14,4,6,26,False,False,50,2025-06-13 00:00:00,False
PAT,JAI,AI,HIST-000,Economy,7310,INR,2023-09-14,14,3,9,37,False,False,50,2023-08-31 00:00:00,False
COK,RPR,QP,HIST-000,Economy,12485,INR,2025-06-18,14,2,6,25,False,False,50,2025-06-04 00:00:00,False
PNQ,CCU,S5,HIST-000,Economy,6024,INR,2023-02-23,14,3,2,8,False,False,50,2023-02-09 00:00:00,False
AMD,BBI,9I,HIST-000,Economy,8022,INR,2025-07-08,14,1,7,28,False,False,50,2025-06-24 00:00:00,False
NAG,COK,SG,HIST-000,Economy,10765,INR,2023-08-11,14,4,8,32,False,False,50,2023-07-28 00:00:00,False
HYD,GOI,2T,HIST-000,Economy,12871,INR,2024-04-01,14,0,4,14,False,False,50,2024-03-18 00:00:00,False
JAI,RPR,QP,HIST-000,Economy,9744,INR,2025-01-20,14,0,1,4,False,False,50,2025-01-06 00:00:00,False
STV,NAG,9I,HIST-000,Economy,11162,INR,2023-10-07,14,5,10,40,False,True,50,2023-09-23 00:00:00,False
BLR,LKO,I5,HIST-000,Economy,8573,INR,2024-10-16,14,2,10,42,False,False,50,2024-10-02 00:00:00,False
MAA,GOI,G8,HIST-000,Economy,11092,INR,2025-01-19,14,6,1,3,False,True,50,2025-01-05 00:00:00,False
BOM,BBI,UK,HIST-000,Economy,12341,INR,2025-11-03,14,0,11,45,False,False,50,2025-10-20 00:00:00,False
PAT,LKO,QP,HIST-000,Economy,10520,INR,2023-11-23,14,3,11,47,False,False,50,2023-11-09 00:00:00,False
BLR,BOM,6E,HIST-000,Economy,10138,INR,2025-04-20,14,6,4,16,False,True,50,2025-04-06 00:00:00,False
LKO,BOM,UK,HIST-000,Economy,10395,INR,2023-12-12,14,1,12,50,False,False,50,2023-11-28 00:00:00,False
NAG,VNS,AI,HIST-000,Economy,8404,INR,2024-07-12,14,4,7,28,False,False,50,2024-06-28 00:00:00,False
MAA,STV,9I,HIST-000,Economy,3582,INR,2024-08-07,14,2,8,32,False,False,50,2024-07-24 00:00:00,False
CCU,BOM,I5,HIST-000,Economy,11954,INR,2025-03-19,14,2,3,12,False,False,50,2025-03-05 00:00:00,False
HYD,BLR,UK,HIST-000,Economy,9232,INR,2023-07-19,14,2,7,29,False,False,50,2023-07-05 00:00:00,False
HYD,AMD,AI,HIST-000,Economy,10106,INR,2025-11-12,14,2,11,46,False,False,50,2025-10-29 00:00:00,False
VNS,PNQ,2T,HIST-000,Economy,9224,INR,2024-10-05,14,5,10,40,False,True,50,2024-09-21 00:00:00,False
BOM,STV,QP,HIST-000,Economy,11926,INR,2024-06-17,14,0,6,25,False,False,50,2024-06-03 00:00:00,False
MAA,DEL,SG,HIST-000,Economy,9907,INR,2025-06-01,14,6,6,22,False,True,50,2025-05-18 00:00:00,False
GOI,BLR,2T,HIST-000,Economy,9386,INR,2024-10-25,14,4,10,43,False,False,50,2024-10-11 00:00:00,False
JAI,CCU,I5,HIST-000,Economy,5453,INR,2024-06-07,14,4,6,23,False,False,50,2024-05-24 00:00:00,False
IDR,NAG,2T,HIST-000,Economy,7912,INR,2025-06-20,14,4,6,25,False,False,50,2025-06-06 00:00:00,False
GAU,PAT,SG,HIST-000,Economy,8734,INR,2025-01-10,14,4,1,2,False,False,50,2024-12-27 00:00:00,False
MAA,RPR,I5,HIST-000,Economy,8998,INR,2025-07-06,14,6,7,27,False,True,50,2025-06-22 00:00:00,False
CCU,PNQ,AI,HIST-000,Economy,4291,INR,2025-08-02,14,5,8,31,False,True,50,2025-07-19 00:00:00,False
COK,STV,2T,HIST-000,Economy,10699,INR,2024-01-05,14,4,1,1,False,False,50,2023-12-22 00:00:00,False
BLR,PAT,AI,HIST-000,Economy,11927,INR,2024-01-20,14,5,1,3,False,True,50,2024-01-06 00:00:00,False
HYD,MAA,I5,HIST-000,Economy,10034,INR,2024-07-12,14,4,7,28,False,False,50,2024-06-28 00:00:00,False
MAA,BLR,SG,HIST-000,Economy,4121,INR,2024-10-01,14,1,10,40,False,False,50,2024-09-17 00:00:00,False
NAG,RPR,S5,HIST-000,Economy,6741,INR,2024-11-10,14,6,11,45,False,True,50,2024-10-27 00:00:00,False
VNS,PAT,I5,HIST-000,Economy,8561,INR,2024-12-22,14,6,12,51,False,True,50,2024-12-08 00:00:00,False
GAU,JAI,6E,HIST-000,Economy,10813,INR,2025-08-02,14,5,8,31,False,True,50,2025-07-19 00:00:00,False
BLR,GAU,S5,HIST-000,Economy,11242,INR,2024-03-19,14,1,3,12,False,False,50,2024-03-05 00:00:00,False
BOM,NAG,2T,HIST-000,Economy,11589,INR,2025-01-23,14,3,1,4,False,False,50,2025-01-09 00:00:00,False
NAG,PAT,9I,HIST-000,Economy,7567,INR,2024-05-20,14,0,5,21,False,False,50,2024-05-06 00:00:00,False
COK,NAG,I5,HIST-000,Economy,3179,INR,2023-03-21,14,1,3,12,False,False,50,2023-03-07 00:00:00,False
BBI,PAT,QP,HIST-000,Economy,7615,INR,2024-05-02,14,3,5,18,False,False,50,2024-04-18 00:00:00,False
BOM,GAU,SG,HIST-000,Economy,10559,INR,2024-06-21,14,4,6,25,False,False,50,2024-06-07 00:00:00,False
HYD,BLR,S5,HIST-000,Economy,3367,INR,2025-10-03,14,4,10,40,False,False,50,2025-09-19 00:00:00,False
LKO,MAA,SG,HIST-000,Economy,4321,INR,2025-09-24,14,2,9,39,False,False,50,2025-09-10 00:00:00,False
GAU,CCU,I5,HIST-000,Economy,12182,INR,2025-06-06,14,4,6,23,False,False,50,2025-05-23 00:00:00,False
HYD,COK,AI,HIST-000,Economy,9058,INR,2024-09-14,14,5,9,37,False,True,50,2024-08-31 00:00:00,False
BLR,GOI,2T,HIST-000,Economy,12413,INR,2024-11-08,14,4,11,45,False,False,50,2024-10-25 00:00:00,False
BLR,PNQ,2T,HIST-000,Economy,4152,INR,2024-07-10,14,2,7,28,False,False,50,2024-06-26 00:00:00,False
RPR,JAI,SG,HIST-000,Economy,8897,INR,2025-06-18,14,2,6,25,False,False,50,2025-06-04 00:00:00,False
BOM,NAG,G8,HIST-000,Economy,12032,INR,2023-06-16,14,4,6,24,False,False,50,2023-06-02 00:00:00,False
NAG,MAA,2T,HIST-000,Economy,6136,INR,2023-06-12,14,0,6,24,False,False,50,2023-05-29 00:00:00,False
LKO,DEL,I5,HIST-000,Economy,11289,INR,2023-01-06,14,4,1,1,False,False,50,2022-12-23 00:00:00,False
MAA,CCU,AI,HIST-000,Economy,17132,INR,2025-05-23,14,4,5,21,False,False,50,2025-05-09 00:00:00,False
BOM,RPR,AI,HIST-000,Economy,8694,INR,2024-08-02,14,4,8,31,False,False,50,2024-07-19 00:00:00,False
GAU,AMD,QP,HIST-000,Economy,11547,INR,2023-07-20,14,3,7,29,False,False,50,2023-07-06 00:00:00,False
MAA,BLR,6E,HIST-000,Economy,4469,INR,2025-12-01,14,0,12,49,False,False,50,2025-11-17 00:00:00,False
GAU,PNQ,SG,HIST-000,Economy,12947,INR,2025-12-22,14,0,12,52,False,False,50,2025-12-08 00:00:00,False
CCU,PAT,I5,HIST-000,Economy,4432,INR,2024-09-06,14,4,9,36,False,False,50,2024-08-23 00:00:00,False
BBI,CCU,2T,HIST-000,Economy,5309,INR,2025-08-22,14,4,8,34,False,False,50,2025-08-08 00:00:00,False
DEL,RPR,QP,HIST-000,Economy,6177,INR,2023-11-27,14,0,11,48,False,False,50,2023-11-13 00:00:00,False
STV,GOI,9I,HIST-000,Economy,7789,INR,2024-07-19,14,4,7,29,False,False,50,2024-07-05 00:00:00,False
PNQ,DEL,9I,HIST-000,Economy,2728,INR,2023-08-09,14,2,8,32,False,False,50,2023-07-26 00:00:00,False
AMD,GOI,AI,HIST-000,Economy,4903,INR,2025-07-15,14,1,7,29,False,False,50,2025-07-01 00:00:00,False
AMD,VNS,UK,HIST-000,Economy,11527,INR,2023-04-04,14,1,4,14,False,False,50,2023-03-21 00:00:00,False
MAA,RPR,G8,HIST-000,Economy,3039,INR,2024-05-08,14,2,5,19,False,False,50,2024-04-24 00:00:00,False
BBI,JAI,S5,HIST-000,Economy,4487,INR,2023-06-22,14,3,6,25,False,False,50,2023-06-08 00:00:00,False
RPR,NAG,9I,HIST-000,Economy,9662,INR,2024-08-05,14,0,8,32,False,False,50,2024-07-22 00:00:00,False
DEL,PAT,S5,HIST-000,Economy,9508,INR,2024-12-11,14,2,12,50,False,False,50,2024-11-27 00:00:00,False
HYD,LKO,2T,HIST-000,Economy,5567,INR,2023-07-05,14,2,7,27,False,False,50,2023-06-21 00:00:00,False
BLR,STV,G8,HIST-000,Economy,7298,INR,2023-02-08,14,2,2,6,False,False,50,2023-01-25 00:00:00,False
DEL,BBI,2T,HIST-000,Economy,13718,INR,2025-08-23,14,5,8,34,False,True,50,2025-08-09 00:00:00,False
MAA,CCU,I5,HIST-000,Economy,4031,INR,2025-03-06,14,3,3,10,False,False,50,2025-02-20 00:00:00,False
GOI,GAU,SG,HIST-000,Economy,7621,INR,2024-07-24,14,2,7,30,False,False,50,2024-07-10 00:00:00,False
GOI,MAA,6E,HIST-000,Economy,12604,INR,2023-09-19,14,1,9,38,False,False,50,2023-09-05 00:00:00,False
RPR,HYD,I5,HIST-000,Economy,7190,INR,2025-06-26,14,3,6,26,False,False,50,2025-06-12 00:00:00,False
PNQ,PAT,2T,HIST-000,Economy,11440,INR,2024-04-05,14,4,4,14,False,False,50,2024-03-22 00:00:00,False
LKO,IDR,SG,HIST-000,Economy,13692,INR,2025-06-17,14,1,6,25,False,False,50,2025-06-03 00:00:00,False
PAT,NAG,9I,HIST-000,Economy,4758,INR,2025-09-20,14,5,9,38,False,True,50,2025-09-06 00:00:00,False
NAG,LKO,I5,HIST-000,Economy,8980,INR,2025-04-06,14,6,4,14,False,True,50,2025-03-23 00:00:00,False
STV,VNS,G8,HIST-000,Economy,7508,INR,2025-02-03,14,0,2,6,False,False,50,2025-01-20 00:00:00,False
BOM,GAU,6E,HIST-000,Economy,11877,INR,2024-04-16,14,1,4,16,False,False,50,2024-04-02 00:00:00,False
DEL,PAT,AI,HIST-000,Economy,3553,INR,2024-09-14,14,5,9,37,False,True,50,2024-08-31 00:00:00,False
JAI,IDR,2T,HIST-000,Economy,4067,INR,2023-11-21,14,1,11,47,False,False,50,2023-11-07 00:00:00,False
HYD,VNS,2T,HIST-000,Economy,5628,INR,2023-04-19,14,2,4,16,False,False,50,2023-04-05 00:00:00,False
MAA,DEL,UK,HIST-000,Economy,3146,INR,2025-05-02,14,4,5,18,False,False,50,2025-04-18 00:00:00,False
IDR,CCU,S5,HIST-000,Economy,6478,INR,2024-03-08,14,4,3,10,False,False,50,2024-02-23 00:00:00,False
MAA,BBI,2T,HIST-000,Economy,11969,INR,2025-05-14,14,2,5,20,False,False,50,2025-04-30 00:00:00,False
HYD,DEL,6E,HIST-000,Economy,13053,INR,2024-10-15,14,1,10,42,False,False,50,2024-10-01 00:00:00,False
BLR,RPR,G8,HIST-000,Economy,8015,INR,2024-07-03,14,2,7,27,False,False,50,2024-06-19 00:00:00,False
HYD,PAT,AI,HIST-000,Economy,10552,INR,2023-11-15,14,2,11,46,False,False,50,2023-11-01 00:00:00,False
IDR,NAG,2T,HIST-000,Economy,9991,INR,2024-08-19,14,0,8,34,False,False,50,2024-08-05 00:00:00,False
AMD,MAA,UK,HIST-000,Economy,9890,INR,2023-10-05,14,3,10,40,False,False,50,2023-09-21 00:00:00,False
NAG,COK,S5,HIST-000,Economy,16316,INR,2025-11-13,14,3,11,46,False,False,50,2025-10-30 00:00:00,False
COK,RPR,UK,HIST-000,Economy,13815,INR,2023-01-12,14,3,1,2,False,False,50,2022-12-29 00:00:00,False
NAG,BLR,6E,HIST-000,Economy,11420,INR,2024-10-13,14,6,10,41,False,True,50,2024-09-29 00:00:00,False
DEL,VNS,2T,HIST-000,Economy,8094,INR,2024-02-11,14,6,2,6,False,True,50,2024-01-28 00:00:00,False
HYD,GAU,G8,HIST-000,Economy,6178,INR,2023-11-04,14,5,11,44,False,True,50,2023-10-21 00:00:00,False
RPR,AMD,6E,HIST-000,Economy,5190,INR,2024-09-21,14,5,9,38,False,True,50,2024-09-07 00:00:00,False
DEL,LKO,6E,HIST-000,Economy,8438,INR,2024-03-12,14,1,3,11,False,False,50,2024-02-27 00:00:00,False
VNS,CCU,6E,HIST-000,Economy,14393,INR,2023-03-13,14,0,3,11,False,False,50,2023-02-27 00:00:00,False
JAI,STV,QP,HIST-000,Economy,2724,INR,2024-08-08,14,3,8,32,False,False,50,2024-07-25 00:00:00,False
GOI,LKO,G8,HIST-000,Economy,10998,INR,2023-02-19,14,6,2,7,False,True,50,2023-02-05 00:00:00,False
CCU,LKO,G8,HIST-000,Economy,15595,INR,2023-06-02,14,4,6,22,False,False,50,2023-05-19 00:00:00,False
GAU,PAT,G8,HIST-000,Economy,6314,INR,2025-02-14,14,4,2,7,False,False,50,2025-01-31 00:00:00,False
IDR,LKO,6E,HIST-000,Economy,7693,INR,2023-02-03,14,4,2,5,False,False,50,2023-01-20 00:00:00,False
HYD,DEL,QP,HIST-000,Economy,12655,INR,2025-06-21,14,5,6,25,False,True,50,2025-06-07 00:00:00,False
BOM,RPR,SG,HIST-000,Economy,13332,INR,2023-12-07,14,3,12,49,False,False,50,2023-11-23 00:00:00,False
JAI,DEL,QP,HIST-000,Economy,5517,INR,2025-01-02,14,3,1,1,False,False,50,2024-12-19 00:00:00,False
NAG,PNQ,I5,HIST-000,Economy,13036,INR,2025-12-18,14,3,12,51,False,False,50,2025-12-04 00:00:00,False
BLR,JAI,6E,HIST-000,Economy,12455,INR,2023-03-28,14,1,3,13,False,False,50,2023-03-14 00:00:00,False
VNS,GOI,QP,HIST-000,Economy,12418,INR,2023-11-05,14,6,11,44,False,True,50,2023-10-22 00:00:00,False
AMD,LKO,SG,HIST-000,Economy,8583,INR,2025-08-09,14,5,8,32,False,True,50,2025-07-26 00:00:00,False
GAU,BLR,2T,HIST-000,Economy,10429,INR,2023-01-24,14,1,1,4,False,False,50,2023-01-10 00:00:00,False
BLR,MAA,6E,HIST-000,Economy,5756,INR,2025-08-24,14,6,8,34,False,True,50,2025-08-10 00:00:00,False
BBI,CCU,S5,HIST-000,Economy,4761,INR,2024-11-03,14,6,11,44,False,True,50,2024-10-20 00:00:00,False
MAA,JAI,UK,HIST-000,Economy,4949,INR,2025-03-13,14,3,3,11,False,False,50,2025-02-27 00:00:00,False
CCU,COK,QP,HIST-000,Economy,12782,INR,2025-07-28,14,0,7,31,False,False,50,2025-07-14 00:00:00,False
COK,CCU,SG,HIST-000,Economy,6601,INR,2024-07-26,14,4,7,30,False,False,50,2024-07-12 00:00:00,False
GOI,PAT,S5,HIST-000,Economy,11913,INR,2025-01-08,14,2,1,2,False,False,50,2024-12-25 00:00:00,False
HYD,DEL,QP,HIST-000,Economy,8706,INR,2025-10-18,14,5,10,42,False,True,50,2025-10-04 00:00:00,False
LKO,JAI,SG,HIST-000,Economy,7564,INR,2024-05-12,14,6,5,19,False,True,50,2024-04-28 00:00:00,False
PNQ,COK,UK,HIST-000,Economy,7758,INR,2024-01-04,14,3,1,1,False,False,50,2023-12-21 00:00:00,False
JAI,BOM,AI,HIST-000,Economy,9373,INR,2025-02-27,14,3,2,9,False,False,50,2025-02-13 00:00:00,False
BLR,PAT,9I,HIST-000,Economy,7265,INR,2023-06-28,14,2,6,26,False,False,50,2023-06-14 00:00:00,False
AMD,NAG,UK,HIST-000,Economy,10420,INR,2025-11-02,14,6,11,44,False,True,50,2025-10-19 00:00:00,False
BBI,GAU,G8,HIST-000,Economy,12318,INR,2023-04-27,14,3,4,17,False,False,50,2023-04-13 00:00:00,False
VNS,JAI,2T,HIST-000,Economy,10002,INR,2024-12-07,14,5,12,49,False,True,50,2024-11-23 00:00:00,False
LKO,CCU,I5,HIST-000,Economy,6267,INR,2025-07-08,14,1,7,28,False,False,50,2025-06-24 00:00:00,False
BBI,GAU,I5,HIST-000,Economy,4431,INR,2024-12-13,14,4,12,50,False,False,50,2024-11-29 00:00:00,False
PNQ,IDR,SG,HIST-000,Economy,12910,INR,2024-11-14,14,3,11,46,False,False,50,2024-10-31 00:00:00,False
IDR,COK,G8,HIST-000,Economy,9628,INR,2023-11-07,14,1,11,45,False,False,50,2023-10-24 00:00:00,False
DEL,HYD,AI,HIST-000,Economy,8550,INR,2024-08-26,14,0,8,35,False,False,50,2024-08-12 00:00:00,False
COK,GOI,S5,HIST-000,Economy,3145,INR,2025-07-04,14,4,7,27,False,False,50,2025-06-20 00:00:00,False
RPR,BOM,UK,HIST-000,Economy,6063,INR,2025-11-24,14,0,11,48,False,False,50,2025-11-10 00:00:00,False
DEL,NAG,6E,HIST-000,Economy,10538,INR,2025-11-09,14,6,11,45,False,True,50,2025-10-26 00:00:00,False
CCU,HYD,S5,HIST-000,Economy,10443,INR,2023-08-17,14,3,8,33,False,False,50,2023-08-03 00:00:00,False
GAU,RPR,QP,HIST-000,Economy,16465,INR,2023-10-14,14,5,10,41,False,True,50,2023-09-30 00:00:00,False
CCU,BLR,6E,HIST-000,Economy,11672,INR,2025-12-10,14,2,12,50,False,False,50,2025-11-26 00:00:00,False
GAU,BBI,SG,HIST-000,Economy,10520,INR,2025-09-28,14,6,9,39,False,True,50,2025-09-14 00:00:00,False
PAT,STV,AI,HIST-000,Economy,10139,INR,2024-10-07,14,0,10,41,False,False,50,2024-09-23 00:00:00,False
BLR,CCU,G8,HIST-000,Economy,9437,INR,2025-06-13,14,4,6,24,False,False,50,2025-05-30 00:00:00,False
PNQ,DEL,QP,HIST-000,Economy,15183,INR,2025-01-18,14,5,1,3,False,True,50,2025-01-04 00:00:00,False
LKO,STV,9I,HIST-000,Economy,6919,INR,2024-01-17,14,2,1,3,False,False,50,2024-01-03 00:00:00,False
GOI,JAI,SG,HIST-000,Economy,14695,INR,2025-04-23,14,2,4,17,False,False,50,2025-04-09 00:00:00,False
GAU,PNQ,9I,HIST-000,Economy,8325,INR,2025-05-07,14,2,5,19,False,False,50,2025-04-23 00:00:00,False
JAI,LKO,2T,HIST-000,Economy,11512,INR,2024-05-21,14,1,5,21,False,False,50,2024-05-07 00:00:00,False
MAA,GAU,2T,HIST-000,Economy,8044,INR,2024-03-04,14,0,3,10,False,False,50,2024-02-19 00:00:00,False
GOI,CCU,SG,HIST-000,Economy,5299,INR,2025-03-07,14,4,3,10,False,False,50,2025-02-21 00:00:00,False
BBI,COK,SG,HIST-000,Economy,7083,INR,2025-02-23,14,6,2,8,False,True,50,2025-02-09 00:00:00,False
BLR,GOI,SG,HIST-000,Economy,7836,INR,2024-05-27,14,0,5,22,False,False,50,2024-05-13 00:00:00,False
LKO,STV,SG,HIST-000,Economy,9379,INR,2024-11-13,14,2,11,46,False,False,50,2024-10-30 00:00:00,False
GAU,MAA,AI,HIST-000,Economy,15671,INR,2023-11-07,14,1,11,45,False,False,50,2023-10-24 00:00:00,False
LKO,PNQ,AI,HIST-000,Economy,10135,INR,2023-10-21,14,5,10,42,False,True,50,2023-10-07 00:00:00,False
HYD,JAI,2T,HIST-000,Economy,9188,INR,2023-07-23,14,6,7,29,False,True,50,2023-07-09 00:00:00,False
JAI,DEL,QP,HIST-000,Economy,7587,INR,2025-06-04,14,2,6,23,False,False,50,2025-05-21 00:00:00,False
GAU,IDR,G8,HIST-000,Economy,9732,INR,2023-09-24,14,6,9,38,False,True,50,2023-09-10 00:00:00,False
GOI,BBI,SG,HIST-000,Economy,12081,INR,2024-04-14,14,6,4,15,False,True,50,2024-03-31 00:00:00,False
BBI,RPR,QP,HIST-000,Economy,12833,INR,2023-01-12,14,3,1,2,False,False,50,2022-12-29 00:00:00,False
STV,GOI,QP,HIST-000,Economy,9355,INR,2023-01-12,14,3,1,2,False,False,50,2022-12-29 00:00:00,False
RPR,PAT,AI,HIST-000,Economy,14422,INR,2024-09-23,14,0,9,39,False,False,50,2024-09-09 00:00:00,False
STV,GAU,2T,HIST-000,Economy,8849,INR,2025-10-27,14,0,10,44,False,False,50,2025-10-13 00:00:00,False
DEL,VNS,QP,HIST-000,Economy,14252,INR,2024-09-16,14,0,9,38,False,False,50,2024-09-02 00:00:00,False
HYD,IDR,I5,HIST-000,Economy,8058,INR,2025-01-17,14,4,1,3,False,False,50,2025-01-03 00:00:00,False
GOI,JAI,AI,HIST-000,Economy,7509,INR,2023-01-08,14,6,1,1,False,True,50,2022-12-25 00:00:00,False
RPR,AMD,6E,HIST-000,Economy,13211,INR,2025-09-07,14,6,9,36,False,True,50,2025-08-24 00:00:00,False
AMD,CCU,UK,HIST-000,Economy,4413,INR,2023-06-09,14,4,6,23,False,False,50,2023-05-26 00:00:00,False
PAT,LKO,6E,HIST-000,Economy,12875,INR,2025-08-01,14,4,8,31,False,False,50,2025-07-18 00:00:00,False
DEL,BLR,I5,HIST-000,Economy,11949,INR,2024-03-22,14,4,3,12,False,False,50,2024-03-08 00:00:00,False
BLR,GAU,UK,HIST-000,Economy,10322,INR,2023-11-11,14,5,11,45,False,True,50,2023-10-28 00:00:00,False
JAI,AMD,UK,HIST-000,Economy,11071,INR,2024-02-14,14,2,2,7,False,False,50,2024-01-31 00:00:00,False
PAT,IDR,I5,HIST-000,Economy,4644,INR,2025-02-11,14,1,2,7,False,False,50,2025-01-28 00:00:00,False
BOM,LKO,G8,HIST-000,Economy,10446,INR,2024-09-05,14,3,9,36,False,False,50,2024-08-22 00:00:00,False
VNS,STV,UK,HIST-000,Economy,6381,INR,2023-03-15,14,2,3,11,False,False,50,2023-03-01 00:00:00,False
JAI,BLR,2T,HIST-000,Economy,7675,INR,2025-11-28,14,4,11,48,False,False,50,2025-11-14 00:00:00,False
BOM,MAA,QP,HIST-000,Economy,13641,INR,2025-10-15,14,2,10,42,False,False,50,2025-10-01 00:00:00,False
MAA,GAU,S5,HIST-000,Economy,8288,INR,2025-07-18,14,4,7,29,False,False,50,2025-07-04 00:00:00,False
HYD,MAA,UK,HIST-000,Economy,12120,INR,2023-03-17,14,4,3,11,False,False,50,2023-03-03 00:00:00,False
COK,HYD,9I,HIST-000,Economy,4451,INR,2024-08-13,14,1,8,33,False,False,50,2024-07-30 00:00:00,False
HYD,GOI,UK,HIST-000,Economy,11598,INR,2025-06-15,14,6,6,24,False,True,50,2025-06-01 00:00:00,False
HYD,RPR,I5,HIST-000,Economy,11098,INR,2025-04-13,14,6,4,15,False,True,50,2025-03-30 00:00:00,False
PNQ,BBI,QP,HIST-000,Economy,13459,INR,2023-11-08,14,2,11,45,False,False,50,2023-10-25 00:00:00,False
VNS,BOM,I5,HIST-000,Economy,11425,INR,2023-02-22,14,2,2,8,False,False,50,2023-02-08 00:00:00,False
AMD,COK,QP,HIST-000,Economy,11974,INR,2025-07-17,14,3,7,29,False,False,50,2025-07-03 00:00:00,False
BOM,BBI,I5,HIST-000,Economy,3979,INR,2025-06-21,14,5,6,25,False,True,50,2025-06-07 00:00:00,False
GOI,NAG,9I,HIST-000,Economy,10894,INR,2023-02-01,14,2,2,5,False,False,50,2023-01-18 00:00:00,False
COK,MAA,SG,HIST-000,Economy,8354,INR,2024-08-19,14,0,8,34,False,False,50,2024-08-05 00:00:00,False
MAA,PAT,9I,HIST-000,Economy,10105,INR,2024-02-06,14,1,2,6,False,False,50,2024-01-23 00:00:00,False
DEL,HYD,AI,HIST-000,Economy,10668,INR,2025-07-18,14,4,7,29,False,False,50,2025-07-04 00:00:00,False
DEL,COK,G8,HIST-000,Economy,10747,INR,2024-04-20,14,5,4,16,False,True,50,2024-04-06 00:00:00,False
COK,DEL,S5,HIST-000,Economy,10031,INR,2023-06-17,14,5,6,24,False,True,50,2023-06-03 00:00:00,False
HYD,BOM,AI,HIST-000,Economy,14020,INR,2024-06-11,14,1,6,24,False,False,50,2024-05-28 00:00:00,False
RPR,NAG,G8,HIST-000,Economy,8862,INR,2023-12-07,14,3,12,49,False,False,50,2023-11-23 00:00:00,False
GAU,STV,9I,HIST-000,Economy,4096,INR,2024-06-14,14,4,6,24,False,False,50,2024-05-31 00:00:00,False
BLR,PNQ,UK,HIST-000,Economy,4379,INR,2024-02-04,14,6,2,5,False,True,50,2024-01-21 00:00:00,False
PAT,MAA,S5,HIST-000,Economy,13705,INR,2023-12-25,14,0,12,52,False,False,50,2023-12-11 00:00:00,False
COK,BBI,2T,HIST-000,Economy,6173,INR,2024-06-10,14,0,6,24,False,False,50,2024-05-27 00:00:00,False
HYD,NAG,6E,HIST-000,Economy,7324,INR,2024-06-03,14,0,6,23,False,False,50,2024-05-20 00:00:00,False
STV,BBI,2T,HIST-000,Economy,14251,INR,2024-06-17,14,0,6,25,False,False,50,2024-06-03 00:00:00,False
CCU,DEL,2T,HIST-000,Economy,7494,INR,2024-02-01,14,3,2,5,False,False,50,2024-01-18 00:00:00,False
PNQ,LKO,AI,HIST-000,Economy,3137,INR,2024-09-20,14,4,9,38,False,False,50,2024-09-06 00:00:00,False
GAU,HYD,9I,HIST-000,Economy,5396,INR,2023-04-10,14,0,4,15,False,False,50,2023-03-27 00:00:00,False
CCU,RPR,G8,HIST-000,Economy,15840,INR,2025-03-01,14,5,3,9,False,True,50,2025-02-15 00:00:00,False
IDR,CCU,G8,HIST-000,Economy,5795,INR,2023-11-02,14,3,11,44,False,False,50,2023-10-19 00:00:00,False
COK,PNQ,QP,HIST-000,Economy,4111,INR,2023-01-09,14,0,1,2,False,False,50,2022-12-26 00:00:00,False
JAI,CCU,6E,HIST-000,Economy,12054,INR,2025-07-09,14,2,7,28,False,False,50,2025-06-25 00:00:00,False
BBI,GOI,SG,HIST-000,Economy,5982,INR,2023-12-07,14,3,12,49,False,False,50,2023-11-23 00:00:00,False
GAU,IDR,SG,HIST-000,Economy,7436,INR,2025-02-13,14,3,2,7,False,False,50,2025-01-30 00:00:00,False
BOM,BLR,SG,HIST-000,Economy,7333,INR,2023-12-17,14,6,12,50,False,True,50,2023-12-03 00:00:00,False
GAU,AMD,S5,HIST-000,Economy,12743,INR,2024-09-01,14,6,9,35,False,True,50,2024-08-18 00:00:00,False
GAU,AMD,UK,HIST-000,Economy,4759,INR,2024-11-27,14,2,11,48,False,False,50,2024-11-13 00:00:00,False
DEL,JAI,I5,HIST-000,Economy,7941,INR,2025-06-13,14,4,6,24,False,False,50,2025-05-30 00:00:00,False
RPR,DEL,2T,HIST-000,Economy,12656,INR,2025-11-10,14,0,11,46,False,False,50,2025-10-27 00:00:00,False
BOM,GOI,UK,HIST-000,Economy,8704,INR,2023-06-15,14,3,6,24,False,False,50,2023-06-01 00:00:00,False
BBI,STV,I5,HIST-000,Economy,16711,INR,2025-06-06,14,4,6,23,False,False,50,2025-05-23 00:00:00,False
STV,PAT,QP,HIST-000,Economy,15348,INR,2025-01-07,14,1,1,2,False,False,50,2024-12-24 00:00:00,False
CCU,STV,2T,HIST-000,Economy,3921,INR,2025-07-10,14,3,7,28,False,False,50,2025-06-26 00:00:00,False
GOI,NAG,2T,HIST-000,Economy,7964,INR,2024-01-13,14,5,1,2,False,True,50,2023-12-30 00:00:00,False
CCU,GOI,QP,HIST-000,Economy,3104,INR,2025-05-15,14,3,5,20,False,False,50,2025-05-01 00:00:00,False
DEL,GAU,6E,HIST-000,Economy,10971,INR,2024-04-21,14,6,4,16,False,True,50,2024-04-07 00:00:00,False
AMD,MAA,2T,HIST-000,Economy,11968,INR,2023-04-05,14,2,4,14,False,False,50,2023-03-22 00:00:00,False
MAA,AMD,2T,HIST-000,Economy,4495,INR,2025-05-25,14,6,5,21,False,True,50,2025-05-11 00:00:00,False
RPR,IDR,AI,HIST-000,Economy,13619,INR,2023-04-28,14,4,4,17,False,False,50,2023-04-14 00:00:00,False
AMD,MAA,I5,HIST-000,Economy,5167,INR,2023-02-26,14,6,2,8,False,True,50,2023-02-12 00:00:00,False
IDR,BOM,I5,HIST-000,Economy,13044,INR,2023-07-01,14,5,7,26,False,True,50,2023-06-17 00:00:00,False
GAU,RPR,S5,HIST-000,Economy,12621,INR,2025-06-09,14,0,6,24,False,False,50,2025-05-26 00:00:00,False
MAA,DEL,G8,HIST-000,Economy,7336,INR,2024-11-02,14,5,11,44,False,True,50,2024-10-19 00:00:00,False
BLR,STV,9I,HIST-000,Economy,10134,INR,2024-02-12,14,0,2,7,False,False,50,2024-01-29 00:00:00,False
HYD,CCU,QP,HIST-000,Economy,4891,INR,2025-04-25,14,4,4,17,False,False,50,2025-04-11 00:00:00,False
GOI,DEL,SG,HIST-000,Economy,7050,INR,2025-12-11,14,3,12,50,False,False,50,2025-11-27 00:00:00,False
DEL,GAU,QP,HIST-000,Economy,2651,INR,2024-01-12,14,4,1,2,False,False,50,2023-12-29 00:00:00,False
BLR,RPR,SG,HIST-000,Economy,11302,INR,2025-10-05,14,6,10,40,False,True,50,2025-09-21 00:00:00,False
BBI,VNS,AI,HIST-000,Economy,8386,INR,2024-05-08,14,2,5,19,False,False,50,2024-04-24 00:00:00,False
IDR,CCU,6E,HIST-000,Economy,9630,INR,2025-01-07,14,1,1,2,False,False,50,2024-12-24 00:00:00,False
PNQ,RPR,SG,HIST-000,Economy,8487,INR,2024-05-11,14,5,5,19,False,True,50,2024-04-27 00:00:00,False
LKO,BLR,9I,HIST-000,Economy,13458,INR,2024-09-12,14,3,9,37,False,False,50,2024-08-29 00:00:00,False
MAA,LKO,9I,HIST-000,Economy,8545,INR,2023-03-07,14,1,3,10,False,False,50,2023-02-21 00:00:00,False
MAA,BOM,9I,HIST-000,Economy,12007,INR,2024-03-07,14,3,3,10,False,False,50,2024-02-22 00:00:00,False
GOI,LKO,SG,HIST-000,Economy,11646,INR,2025-09-20,14,5,9,38,False,True,50,2025-09-06 00:00:00,False
BBI,DEL,I5,HIST-000,Economy,12271,INR,2024-02-27,14,1,2,9,False,False,50,2024-02-13 00:00:00,False
JAI,HYD,9I,HIST-000,Economy,8222,INR,2024-11-17,14,6,11,46,False,True,50,2024-11-03 00:00:00,False
BBI,CCU,2T,HIST-000,Economy,6412,INR,2023-10-03,14,1,10,40,False,False,50,2023-09-19 00:00:00,False
MAA,VNS,G8,HIST-000,Economy,13650,INR,2025-01-27,14,0,1,5,False,False,50,2025-01-13 00:00:00,False
PAT,IDR,S5,HIST-000,Economy,15317,INR,2024-09-15,14,6,9,37,False,True,50,2024-09-01 00:00:00,False
PNQ,GOI,G8,HIST-000,Economy,11274,INR,2023-09-23,14,5,9,38,False,True,50,2023-09-09 00:00:00,False
DEL,IDR,G8,HIST-000,Economy,11446,INR,2024-11-17,14,6,11,46,False,True,50,2024-11-03 00:00:00,False
STV,PAT,AI,HIST-000,Economy,6275,INR,2023-05-23,14,1,5,21,False,False,50,2023-05-09 00:00:00,False
JAI,LKO,SG,HIST-000,Economy,10971,INR,2025-06-17,14,1,6,25,False,False,50,2025-06-03 00:00:00,False
COK,JAI,UK,HIST-000,Economy,6722,INR,2025-12-19,14,4,12,51,False,False,50,2025-12-05 00:00:00,False
BLR,MAA,9I,HIST-000,Economy,9354,INR,2025-09-15,14,0,9,38,False,False,50,2025-09-01 00:00:00,False
BBI,BLR,I5,HIST-000,Economy,6513,INR,2023-04-10,14,0,4,15,False,False,50,2023-03-27 00:00:00,False
BBI,COK,S5,HIST-000,Economy,6719,INR,2025-04-07,14,0,4,15,False,False,50,2025-03-24 00:00:00,False
MAA,BLR,UK,HIST-000,Economy,15980,INR,2024-07-17,14,2,7,29,False,False,50,2024-07-03 00:00:00,False
IDR,CCU,9I,HIST-000,Economy,8705,INR,2024-04-14,14,6,4,15,False,True,50,2024-03-31 00:00:00,False
MAA,JAI,AI,HIST-000,Economy,15439,INR,2025-04-24,14,3,4,17,False,False,50,2025-04-10 00:00:00,False
VNS,HYD,6E,HIST-000,Economy,11980,INR,2025-09-27,14,5,9,39,False,True,50,2025-09-13 00:00:00,False
VNS,BOM,AI,HIST-000,Economy,15160,INR,2023-11-07,14,1,11,45,False,False,50,2023-10-24 00:00:00,False
STV,BBI,QP,HIST-000,Economy,5309,INR,2023-05-11,14,3,5,19,False,False,50,2023-04-27 00:00:00,False
AMD,VNS,9I,HIST-000,Economy,12078,INR,2024-07-26,14,4,7,30,False,False,50,2024-07-12 00:00:00,False
PAT,NAG,UK,HIST-000,Economy,7420,INR,2024-05-15,14,2,5,20,False,False,50,2024-05-01 00:00:00,False
STV,COK,2T,HIST-000,Economy,16802,INR,2023-05-20,14,5,5,20,False,True,50,2023-05-06 00:00:00,False
NAG,GOI,SG,HIST-000,Economy,5449,INR,2024-11-07,14,3,11,45,False,False,50,2024-10-24 00:00:00,False
GAU,DEL,2T,HIST-000,Economy,8251,INR,2025-05-21,14,2,5,21,False,False,50,2025-05-07 00:00:00,False
AMD,IDR,G8,HIST-000,Economy,9049,INR,2024-08-12,14,0,8,33,False,False,50,2024-07-29 00:00:00,False
LKO,GOI,AI,HIST-000,Economy,8951,INR,2024-08-07,14,2,8,32,False,False,50,2024-07-24 00:00:00,False
BLR,BOM,G8,HIST-000,Economy,12100,INR,2024-05-14,14,1,5,20,False,False,50,2024-04-30 00:00:00,False
AMD,CCU,S5,HIST-000,Economy,12499,INR,2025-08-18,14,0,8,34,False,False,50,2025-08-04 00:00:00,False
PNQ,HYD,G8,HIST-000,Economy,6605,INR,2025-12-25,14,3,12,52,False,False,50,2025-12-11 00:00:00,False
BBI,HYD,2T,HIST-000,Economy,5509,INR,2023-05-18,14,3,5,20,False,False,50,2023-05-04 00:00:00,False
HYD,STV,AI,HIST-000,Economy,10018,INR,2024-05-02,14,3,5,18,False,False,50,2024-04-18 00:00:00,False
JAI,BBI,9I,HIST-000,Economy,9456,INR,2023-01-25,14,2,1,4,False,False,50,2023-01-11 00:00:00,False
BLR,RPR,6E,HIST-000,Economy,7210,INR,2023-01-23,14,0,1,4,False,False,50,2023-01-09 00:00:00,False
BLR,GOI,AI,HIST-000,Economy,9782,INR,2025-01-03,14,4,1,1,False,False,50,2024-12-20 00:00:00,False
AMD,IDR,S5,HIST-000,Economy,3037,INR,2023-12-11,14,0,12,50,False,False,50,2023-11-27 00:00:00,False
RPR,COK,I5,HIST-000,Economy,10564,INR,2024-02-18,14,6,2,7,False,True,50,2024-02-04 00:00:00,False
DEL,BLR,I5,HIST-000,Economy,7763,INR,2024-09-06,14,4,9,36,False,False,50,2024-08-23 00:00:00,False
GAU,LKO,UK,HIST-000,Economy,3061,INR,2024-03-21,14,3,3,12,False,False,50,2024-03-07 00:00:00,False
VNS,CCU,QP,HIST-000,Economy,2884,INR,2025-05-11,14,6,5,19,False,True,50,2025-04-27 00:00:00,False
BLR,VNS,S5,HIST-000,Economy,9132,INR,2024-03-27,14,2,3,13,False,False,50,2024-03-13 00:00:00,False
CCU,JAI,6E,HIST-000,Economy,12092,INR,2025-09-11,14,3,9,37,False,False,50,2025-08-28 00:00:00,False
GOI,RPR,I5,HIST-000,Economy,5467,INR,2023-11-27,14,0,11,48,False,False,50,2023-11-13 00:00:00,False
JAI,BOM,AI,HIST-000,Economy,8320,INR,2023-02-20,14,0,2,8,False,False,50,2023-02-06 00:00:00,False
JAI,PAT,2T,HIST-000,Economy,7796,INR,2025-08-22,14,4,8,34,False,False,50,2025-08-08 00:00:00,False
RPR,BBI,6E,HIST-000,Economy,11193,INR,2023-03-21,14,1,3,12,False,False,50,2023-03-07 00:00:00,False
PAT,BOM,G8,HIST-000,Economy,6574,INR,2023-06-02,14,4,6,22,False,False,50,2023-05-19 00:00:00,False
HYD,IDR,QP,HIST-000,Economy,9507,INR,2025-06-03,14,1,6,23,False,False,50,2025-05-20 00:00:00,False
AMD,DEL,I5,HIST-000,Economy,4906,INR,2024-06-02,14,6,6,22,False,True,50,2024-05-19 00:00:00,False
PNQ,BLR,AI,HIST-000,Economy,10696,INR,2025-02-02,14,6,2,5,False,True,50,2025-01-19 00:00:00,False
AMD,BOM,UK,HIST-000,Economy,9181,INR,2025-10-25,14,5,10,43,False,True,50,2025-10-11 00:00:00,False
PNQ,LKO,AI,HIST-000,Economy,8829,INR,2025-12-05,14,4,12,49,False,False,50,2025-11-21 00:00:00,False
AMD,COK,UK,HIST-000,Economy,9359,INR,2025-01-23,14,3,1,4,False,False,50,2025-01-09 00:00:00,False
CCU,LKO,G8,HIST-000,Economy,7686,INR,2024-12-20,14,4,12,51,False,False,50,2024-12-06 00:00:00,False
NAG,BOM,9I,HIST-000,Economy,5492,INR,2023-12-11,14,0,12,50,False,False,50,2023-11-27 00:00:00,False
IDR,NAG,G8,HIST-000,Economy,14359,INR,2024-07-15,14,0,7,29,False,False,50,2024-07-01 00:00:00,False
COK,DEL,2T,HIST-000,Economy,2578,INR,2024-06-09,14,6,6,23,False,True,50,2024-05-26 00:00:00,False
DEL,PNQ,S5,HIST-000,Economy,7541,INR,2024-08-05,14,0,8,32,False,False,50,2024-07-22 00:00:00,False
STV,NAG,QP,HIST-000,Economy,11238,INR,2023-12-04,14,0,12,49,False,False,50,2023-11-20 00:00:00,False
RPR,PAT,G8,HIST-000,Economy,9309,INR,2023-07-01,14,5,7,26,False,True,50,2023-06-17 00:00:00,False
PAT,GOI,9I,HIST-000,Economy,9157,INR,2025-12-01,14,0,12,49,False,False,50,2025-11-17 00:00:00,False
PAT,RPR,UK,HIST-000,Economy,10853,INR,2024-02-07,14,2,2,6,False,False,50,2024-01-24 00:00:00,False
CCU,AMD,SG,HIST-000,Economy,5577,INR,2024-12-01,14,6,12,48,False,True,50,2024-11-17 00:00:00,False
PNQ,PAT,9I,HIST-000,Economy,12708,INR,2025-12-21,14,6,12,51,False,True,50,2025-12-07 00:00:00,False
PNQ,HYD,I5,HIST-000,Economy,7691,INR,2025-09-10,14,2,9,37,False,False,50,2025-08-27 00:00:00,False
RPR,BLR,S5,HIST-000,Economy,5568,INR,2023-05-08,14,0,5,19,False,False,50,2023-04-24 00:00:00,False
DEL,BOM,9I,HIST-000,Economy,15527,INR,2023-09-09,14,5,9,36,False,True,50,2023-08-26 00:00:00,False
PNQ,BBI,AI,HIST-000,Economy,10975,INR,2023-04-20,14,3,4,16,False,False,50,2023-04-06 00:00:00,False
BOM,NAG,QP,HIST-000,Economy,16319,INR,2023-10-14,14,5,10,41,False,True,50,2023-09-30 00:00:00,False
GOI,NAG,6E,HIST-000,Economy,4678,INR,2023-08-05,14,5,8,31,False,True,50,2023-07-22 00:00:00,False
VNS,NAG,AI,HIST-000,Economy,11614,INR,2024-06-01,14,5,6,22,False,True,50,2024-05-18 00:00:00,False
HYD,GOI,AI,HIST-000,Economy,13653,INR,2024-02-16,14,4,2,7,False,False,50,2024-02-02 00:00:00,False
PNQ,CCU,9I,HIST-000,Economy,12699,INR,2023-07-02,14,6,7,26,False,True,50,2023-06-18 00:00:00,False
LKO,NAG,6E,HIST-000,Economy,4315,INR,2024-06-11,14,1,6,24,False,False,50,2024-05-28 00:00:00,False
BLR,VNS,SG,HIST-000,Economy,3977,INR,2024-11-15,14,4,11,46,False,False,50,2024-11-01 00:00:00,False
LKO,IDR,S5,HIST-000,Economy,9662,INR,2025-03-21,14,4,3,12,False,False,50,2025-03-07 00:00:00,False
RPR,AMD,QP,HIST-000,Economy,9046,INR,2024-07-15,14,0,7,29,False,False,50,2024-07-01 00:00:00,False
NAG,PNQ,9I,HIST-000,Economy,9051,INR,2025-07-04,14,4,7,27,False,False,50,2025-06-20 00:00:00,False
BOM,MAA,6E,HIST-000,Economy,10148,INR,2024-11-14,14,3,11,46,False,False,50,2024-10-31 00:00:00,False
JAI,BLR,G8,HIST-000,Economy,11698,INR,2023-03-04,14,5,3,9,False,True,50,2023-02-18 00:00:00,False
MAA,IDR,UK,HIST-000,Economy,10733,INR,2025-09-10,14,2,9,37,False,False,50,2025-08-27 00:00:00,False
IDR,GAU,2T,HIST-000,Economy,11295,INR,2025-05-19,14,0,5,21,False,False,50,2025-05-05 00:00:00,False
RPR,PNQ,AI,HIST-000,Economy,10406,INR,2025-09-13,14,5,9,37,False,True,50,2025-08-30 00:00:00,False
GOI,BBI,I5,HIST-000,Economy,4938,INR,2023-01-07,14,5,1,1,False,True,50,2022-12-24 00:00:00,False
HYD,GAU,UK,HIST-000,Economy,17431,INR,2023-05-13,14,5,5,19,False,True,50,2023-04-29 00:00:00,False
DEL,JAI,SG,HIST-000,Economy,11036,INR,2024-08-02,14,4,8,31,False,False,50,2024-07-19 00:00:00,False
AMD,DEL,G8,HIST-000,Economy,11991,INR,2023-01-06,14,4,1,1,False,False,50,2022-12-23 00:00:00,False
MAA,JAI,AI,HIST-000,Economy,6040,INR,2023-12-26,14,1,12,52,False,False,50,2023-12-12 00:00:00,False
STV,AMD,9I,HIST-000,Economy,10615,INR,2023-09-25,14,0,9,39,False,False,50,2023-09-11 00:00:00,False
BBI,AMD,AI,HIST-000,Economy,11207,INR,2023-06-28,14,2,6,26,False,False,50,2023-06-14 00:00:00,False
BBI,LKO,2T,HIST-000,Economy,11949,INR,2024-04-18,14,3,4,16,False,False,50,2024-04-04 00:00:00,False
BOM,PNQ,AI,HIST-000,Economy,13980,INR,2025-10-16,14,3,10,42,False,False,50,2025-10-02 00:00:00,False
NAG,DEL,G8,HIST-000,Economy,5923,INR,2025-12-17,14,2,12,51,False,False,50,2025-12-03 00:00:00,False
MAA,RPR,I5,HIST-000,Economy,12593,INR,2024-10-11,14,4,10,41,False,False,50,2024-09-27 00:00:00,False
RPR,STV,6E,HIST-000,Economy,8042,INR,2025-11-26,14,2,11,48,False,False,50,2025-11-12 00:00:00,False
BBI,PAT,QP,HIST-000,Economy,7011,INR,2025-05-25,14,6,5,21,False,True,50,2025-05-11 00:00:00,False
BOM,AMD,G8,HIST-000,Economy,6161,INR,2023-01-10,14,1,1,2,False,False,50,2022-12-27 00:00:00,False
MAA,LKO,I5,HIST-000,Economy,13052,INR,2024-09-05,14,3,9,36,False,False,50,2024-08-22 00:00:00,False
STV,NAG,9I,HIST-000,Economy,4132,INR,2025-03-01,14,5,3,9,False,True,50,2025-02-15 00:00:00,False
HYD,BOM,6E,HIST-000,Economy,8359,INR,2025-06-04,14,2,6,23,False,False,50,2025-05-21 00:00:00,False
NAG,PAT,QP,HIST-000,Economy,9311,INR,2024-03-17,14,6,3,11,False,True,50,2024-03-03 00:00:00,False
PAT,JAI,6E,HIST-000,Economy,8527,INR,2024-11-12,14,1,11,46,False,False,50,2024-10-29 00:00:00,False
GOI,IDR,6E,HIST-000,Economy,11242,INR,2023-07-01,14,5,7,26,False,True,50,2023-06-17 00:00:00,False
RPR,BBI,I5,HIST-000,Economy,10708,INR,2024-08-08,14,3,8,32,False,False,50,2024-07-25 00:00:00,False
BOM,JAI,G8,HIST-000,Economy,10809,INR,2023-12-23,14,5,12,51,False,True,50,2023-12-09 00:00:00,False
GOI,VNS,6E,HIST-000,Economy,7605,INR,2024-06-01,14,5,6,22,False,True,50,2024-05-18 00:00:00,False
AMD,GAU,I5,HIST-000,Economy,13683,INR,2024-02-14,14,2,2,7,False,False,50,2024-01-31 00:00:00,False
HYD,COK,QP,HIST-000,Economy,9642,INR,2024-05-16,14,3,5,20,False,False,50,2024-05-02 00:00:00,False
IDR,PAT,AI,HIST-000,Economy,5326,INR,2023-10-08,14,6,10,40,False,True,50,2023-09-24 00:00:00,False
NAG,HYD,UK,HIST-000,Economy,10044,INR,2023-05-18,14,3,5,20,False,False,50,2023-05-04 00:00:00,False
NAG,LKO,UK,HIST-000,Economy,10394,INR,2025-02-16,14,6,2,7,False,True,50,2025-02-02 00:00:00,False
LKO,JAI,2T,HIST-000,Economy,7096,INR,2025-01-24,14,4,1,4,False,False,50,2025-01-10 00:00:00,False
COK,BOM,AI,HIST-000,Economy,14162,INR,2024-04-10,14,2,4,15,False,False,50,2024-03-27 00:00:00,False
GAU,RPR,AI,HIST-000,Economy,8382,INR,2023-12-18,14,0,12,51,False,False,50,2023-12-04 00:00:00,False
AMD,PNQ,9I,HIST-000,Economy,10137,INR,2023-12-23,14,5,12,51,False,True,50,2023-12-09 00:00:00,False
STV,GAU,6E,HIST-000,Economy,8482,INR,2025-01-26,14,6,1,4,False,True,50,2025-01-12 00:00:00,False
PNQ,STV,6E,HIST-000,Economy,10901,INR,2024-04-13,14,5,4,15,False,True,50,2024-03-30 00:00:00,False
LKO,NAG,G8,HIST-000,Economy,5809,INR,2025-08-08,14,4,8,32,False,False,50,2025-07-25 00:00:00,False
MAA,PNQ,QP,HIST-000,Economy,7328,INR,2025-03-20,14,3,3,12,False,False,50,2025-03-06 00:00:00,False
RPR,HYD,SG,HIST-000,Economy,10696,INR,2023-09-04,14,0,9,36,False,False,50,2023-08-21 00:00:00,False
PNQ,BLR,6E,HIST-000,Economy,3638,INR,2023-02-15,14,2,2,7,False,False,50,2023-02-01 00:00:00,False
GAU,GOI,S5,HIST-000,Economy,4045,INR,2023-01-05,14,3,1,1,False,False,50,2022-12-22 00:00:00,False
BLR,RPR,AI,HIST-000,Economy,7382,INR,2023-08-10,14,3,8,32,False,False,50,2023-07-27 00:00:00,False
IDR,GAU,SG,HIST-000,Economy,12946,INR,2023-07-23,14,6,7,29,False,True,50,2023-07-09 00:00:00,False
BOM,AMD,SG,HIST-000,Economy,9385,INR,2024-12-22,14,6,12,51,False,True,50,2024-12-08 00:00:00,False
GOI,DEL,UK,HIST-000,Economy,13593,INR,2024-06-19,14,2,6,25,False,False,50,2024-06-05 00:00:00,False
CCU,HYD,6E,HIST-000,Economy,2573,INR,2023-10-12,14,3,10,41,False,False,50,2023-09-28 00:00:00,False
IDR,STV,I5,HIST-000,Economy,3728,INR,2025-02-18,14,1,2,8,False,False,50,2025-02-04 00:00:00,False
VNS,CCU,UK,HIST-000,Economy,5146,INR,2024-06-02,14,6,6,22,False,True,50,2024-05-19 00:00:00,False
VNS,GAU,9I,HIST-000,Economy,13963,INR,2023-11-24,14,4,11,47,False,False,50,2023-11-10 00:00:00,False
PAT,JAI,6E,HIST-000,Economy,5194,INR,2023-09-16,14,5,9,37,False,True,50,2023-09-02 00:00:00,False
JAI,RPR,2T,HIST-000,Economy,9943,INR,2024-11-06,14,2,11,45,False,False,50,2024-10-23 00:00:00,False
JAI,PAT,6E,HIST-000,Economy,6507,INR,2023-02-04,14,5,2,5,False,True,50,2023-01-21 00:00:00,False
GOI,PNQ,9I,HIST-000,Economy,9446,INR,2025-06-11,14,2,6,24,False,False,50,2025-05-28 00:00:00,False
DEL,COK,I5,HIST-000,Economy,5671,INR,2023-03-27,14,0,3,13,False,False,50,2023-03-13 00:00:00,False
RPR,LKO,AI,HIST-000,Economy,14495,INR,2023-06-24,14,5,6,25,False,True,50,2023-06-10 00:00:00,False
GOI,LKO,UK,HIST-000,Economy,11053,INR,2024-12-15,14,6,12,50,False,True,50,2024-12-01 00:00:00,False
COK,NAG,I5,HIST-000,Economy,3688,INR,2025-01-17,14,4,1,3,False,False,50,2025-01-03 00:00:00,False
BOM,AMD,SG,HIST-000,Economy,6079,INR,2023-05-04,14,3,5,18,False,False,50,2023-04-20 00:00:00,False
COK,VNS,G8,HIST-000,Economy,12088,INR,2023-12-25,14,0,12,52,False,False,50,2023-12-11 00:00:00,False
HYD,PAT,G8,HIST-000,Economy,7608,INR,2023-07-16,14,6,7,28,False,True,50,2023-07-02 00:00:00,False
STV,BBI,2T,HIST-000,Economy,11000,INR,2024-03-16,14,5,3,11,False,True,50,2024-03-02 00:00:00,False
CCU,NAG,I5,HIST-000,Economy,9459,INR,2024-06-11,14,1,6,24,False,False,50,2024-05-28 00:00:00,False
PAT,AMD,S5,HIST-000,Economy,6235,INR,2025-08-02,14,5,8,31,False,True,50,2025-07-19 00:00:00,False
LKO,PAT,QP,HIST-000,Economy,11341,INR,2025-07-12,14,5,7,28,False,True,50,2025-06-28 00:00:00,False
STV,PAT,I5,HIST-000,Economy,9491,INR,2023-05-15,14,0,5,20,False,False,50,2023-05-01 00:00:00,False
AMD,HYD,QP,HIST-000,Economy,15899,INR,2023-06-14,14,2,6,24,False,False,50,2023-05-31 00:00:00,False
DEL,GOI,S5,HIST-000,Economy,15133,INR,2024-09-14,14,5,9,37,False,True,50,2024-08-31 00:00:00,False
AMD,DEL,G8,HIST-000,Economy,7916,INR,2023-06-25,14,6,6,25,False,True,50,2023-06-11 00:00:00,False
VNS,MAA,AI,HIST-000,Economy,5056,INR,2024-09-15,14,6,9,37,False,True,50,2024-09-01 00:00:00,False
LKO,AMD,2T,HIST-000,Economy,10712,INR,2023-04-21,14,4,4,16,False,False,50,2023-04-07 00:00:00,False
IDR,JAI,AI,HIST-000,Economy,9124,INR,2024-06-16,14,6,6,24,False,True,50,2024-06-02 00:00:00,False
IDR,STV,SG,HIST-000,Economy,6549,INR,2025-03-28,14,4,3,13,False,False,50,2025-03-14 00:00:00,False
PAT,STV,9I,HIST-000,Economy,11626,INR,2024-04-19,14,4,4,16,False,False,50,2024-04-05 00:00:00,False
AMD,GAU,9I,HIST-000,Economy,16222,INR,2025-02-04,14,1,2,6,False,False,50,2025-01-21 00:00:00,False
LKO,GOI,6E,HIST-000,Economy,3677,INR,2023-02-18,14,5,2,7,False,True,50,2023-02-04 00:00:00,False
GAU,DEL,QP,HIST-000,Economy,10712,INR,2024-11-26,14,1,11,48,False,False,50,2024-11-12 00:00:00,False
BLR,AMD,2T,HIST-000,Economy,10218,INR,2025-11-04,14,1,11,45,False,False,50,2025-10-21 00:00:00,False
NAG,LKO,2T,HIST-000,Economy,11646,INR,2023-09-07,14,3,9,36,False,False,50,2023-08-24 00:00:00,False
HYD,PAT,UK,HIST-000,Economy,10084,INR,2024-04-07,14,6,4,14,False,True,50,2024-03-24 00:00:00,False
CCU,VNS,9I,HIST-000,Economy,12550,INR,2023-03-16,14,3,3,11,False,False,50,2023-03-02 00:00:00,False
DEL,HYD,9I,HIST-000,Economy,12079,INR,2025-12-02,14,1,12,49,False,False,50,2025-11-18 00:00:00,False
DEL,VNS,G8,HIST-000,Economy,10404,INR,2025-08-05,14,1,8,32,False,False,50,2025-07-22 00:00:00,False
PNQ,LKO,2T,HIST-000,Economy,4695,INR,2025-10-09,14,3,10,41,False,False,50,2025-09-25 00:00:00,False
IDR,CCU,UK,HIST-000,Economy,4368,INR,2023-10-04,14,2,10,40,False,False,50,2023-09-20 00:00:00,False
PAT,VNS,UK,HIST-000,Economy,8409,INR,2024-08-15,14,3,8,33,False,False,50,2024-08-01 00:00:00,False
GAU,DEL,6E,HIST-000,Economy,12722,INR,2023-06-23,14,4,6,25,False,False,50,2023-06-09 00:00:00,False
RPR,DEL,6E,HIST-000,Economy,9908,INR,2025-05-27,14,1,5,22,False,False,50,2025-05-13 00:00:00,False
PAT,GAU,AI,HIST-000,Economy,4342,INR,2024-02-23,14,4,2,8,False,False,50,2024-02-09 00:00:00,False
DEL,RPR,UK,HIST-000,Economy,14766,INR,2023-11-08,14,2,11,45,False,False,50,2023-10-25 00:00:00,False
JAI,DEL,UK,HIST-000,Economy,8392,INR,2025-07-19,14,5,7,29,False,True,50,2025-07-05 00:00:00,False
COK,GAU,6E,HIST-000,Economy,4489,INR,2025-10-05,14,6,10,40,False,True,50,2025-09-21 00:00:00,False
PAT,GAU,S5,HIST-000,Economy,12551,INR,2025-06-16,14,0,6,25,False,False,50,2025-06-02 00:00:00,False
RPR,LKO,SG,HIST-000,Economy,8892,INR,2023-01-01,14,6,1,52,False,True,50,2022-12-18 00:00:00,False
CCU,STV,QP,HIST-000,Economy,5550,INR,2025-09-13,14,5,9,37,False,True,50,2025-08-30 00:00:00,False
PAT,BOM,I5,HIST-000,Economy,5381,INR,2025-06-12,14,3,6,24,False,False,50,2025-05-29 00:00:00,False
NAG,RPR,G8,HIST-000,Economy,7013,INR,2024-04-02,14,1,4,14,False,False,50,2024-03-19 00:00:00,False
GOI,BOM,AI,HIST-000,Economy,8802,INR,2024-01-20,14,5,1,3,False,True,50,2024-01-06 00:00:00,False
CCU,HYD,I5,HIST-000,Economy,5410,INR,2024-07-17,14,2,7,29,False,False,50,2024-07-03 00:00:00,False
JAI,LKO,I5,HIST-000,Economy,8387,INR,2025-11-22,14,5,11,47,False,True,50,2025-11-08 00:00:00,False
LKO,NAG,S5,HIST-000,Economy,13369,INR,2024-07-05,14,4,7,27,False,False,50,2024-06-21 00:00:00,False
VNS,BLR,S5,HIST-000,Economy,5186,INR,2025-03-25,14,1,3,13,False,False,50,2025-03-11 00:00:00,False
BBI,PAT,QP,HIST-000,Economy,10998,INR,2023-10-27,14,4,10,43,False,False,50,2023-10-13 00:00:00,False
GOI,CCU,UK,HIST-000,Economy,7650,INR,2025-07-25,14,4,7,30,False,False,50,2025-07-11 00:00:00,False
COK,DEL,G8,HIST-000,Economy,7577,INR,2025-06-05,14,3,6,23,False,False,50,2025-05-22 00:00:00,False
GOI,BLR,S5,HIST-000,Economy,15608,INR,2025-11-11,14,1,11,46,False,False,50,2025-10-28 00:00:00,False
GOI,VNS,G8,HIST-000,Economy,10575,INR,2024-12-28,14,5,12,52,False,True,50,2024-12-14 00:00:00,False
BLR,BOM,QP,HIST-000,Economy,10817,INR,2023-12-02,14,5,12,48,False,True,50,2023-11-18 00:00:00,False
IDR,BLR,AI,HIST-000,Economy,3974,INR,2023-09-19,14,1,9,38,False,False,50,2023-09-05 00:00:00,False
BLR,VNS,QP,HIST-000,Economy,11008,INR,2023-05-10,14,2,5,19,False,False,50,2023-04-26 00:00:00,False
VNS,HYD,SG,HIST-000,Economy,13013,INR,2024-01-26,14,4,1,4,False,False,50,2024-01-12 00:00:00,False
NAG,MAA,SG,HIST-000,Economy,8015,INR,2023-06-02,14,4,6,22,False,False,50,2023-05-19 00:00:00,False
PNQ,RPR,S5,HIST-000,Economy,9873,INR,2024-01-16,14,1,1,3,False,False,50,2024-01-02 00:00:00,False
MAA,PNQ,UK,HIST-000,Economy,10447,INR,2023-03-09,14,3,3,10,False,False,50,2023-02-23 00:00:00,False
MAA,STV,6E,HIST-000,Economy,6476,INR,2023-03-12,14,6,3,10,False,True,50,2023-02-26 00:00:00,False
BLR,CCU,AI,HIST-000,Economy,6776,INR,2025-10-03,14,4,10,40,False,False,50,2025-09-19 00:00:00,False
AMD,COK,S5,HIST-000,Economy,6714,INR,2023-07-25,14,1,7,30,False,False,50,2023-07-11 00:00:00,False
COK,STV,S5,HIST-000,Economy,5353,INR,2025-09-27,14,5,9,39,False,True,50,2025-09-13 00:00:00,False
LKO,HYD,6E,HIST-000,Economy,12282,INR,2025-11-21,14,4,11,47,False,False,50,2025-11-07 00:00:00,False
NAG,GOI,I5,HIST-000,Economy,5598,INR,2023-12-01,14,4,12,48,False,False,50,2023-11-17 00:00:00,False
PNQ,RPR,AI,HIST-000,Economy,7436,INR,2023-05-28,14,6,5,21,False,True,50,2023-05-14 00:00:00,False
BLR,HYD,I5,HIST-000,Economy,7467,INR,2023-05-04,14,3,5,18,False,False,50,2023-04-20 00:00:00,False
GAU,BOM,2T,HIST-000,Economy,14463,INR,2025-10-05,14,6,10,40,False,True,50,2025-09-21 00:00:00,False
VNS,BBI,SG,HIST-000,Economy,10047,INR,2023-04-15,14,5,4,15,False,True,50,2023-04-01 00:00:00,False
GAU,STV,UK,HIST-000,Economy,12714,INR,2025-06-05,14,3,6,23,False,False,50,2025-05-22 00:00:00,False
HYD,AMD,S5,HIST-000,Economy,4666,INR,2024-04-08,14,0,4,15,False,False,50,2024-03-25 00:00:00,False
VNS,NAG,9I,HIST-000,Economy,9555,INR,2025-11-07,14,4,11,45,False,False,50,2025-10-24 00:00:00,False
PAT,MAA,9I,HIST-000,Economy,15926,INR,2025-11-13,14,3,11,46,False,False,50,2025-10-30 00:00:00,False
BLR,JAI,S5,HIST-000,Economy,8596,INR,2023-09-23,14,5,9,38,False,True,50,2023-09-09 00:00:00,False
JAI,IDR,AI,HIST-000,Economy,6528,INR,2023-12-25,14,0,12,52,False,False,50,2023-12-11 00:00:00,False
BLR,MAA,9I,HIST-000,Economy,7029,INR,2024-03-23,14,5,3,12,False,True,50,2024-03-09 00:00:00,False
BBI,PAT,I5,HIST-000,Economy,2814,INR,2023-05-23,14,1,5,21,False,False,50,2023-05-09 00:00:00,False
NAG,IDR,SG,HIST-000,Economy,10937,INR,2023-08-09,14,2,8,32,False,False,50,2023-07-26 00:00:00,False
GAU,BOM,S5,HIST-000,Economy,12385,INR,2023-01-25,14,2,1,4,False,False,50,2023-01-11 00:00:00,False
PNQ,CCU,G8,HIST-000,Economy,9586,INR,2025-11-25,14,1,11,48,False,False,50,2025-11-11 00:00:00,False
CCU,STV,S5,HIST-000,Economy,8432,INR,2024-09-12,14,3,9,37,False,False,50,2024-08-29 00:00:00,False
DEL,STV,UK,HIST-000,Economy,6408,INR,2025-10-08,14,2,10,41,False,False,50,2025-09-24 00:00:00,False
HYD,MAA,2T,HIST-000,Economy,11355,INR,2025-09-05,14,4,9,36,False,False,50,2025-08-22 00:00:00,False
HYD,PAT,6E,HIST-000,Economy,13842,INR,2023-12-08,14,4,12,49,False,False,50,2023-11-24 00:00:00,False
NAG,PAT,2T,HIST-000,Economy,9813,INR,2024-01-14,14,6,1,2,False,True,50,2023-12-31 00:00:00,False
AMD,BBI,G8,HIST-000,Economy,9730,INR,2024-02-11,14,6,2,6,False,True,50,2024-01-28 00:00:00,False
RPR,MAA,2T,HIST-000,Economy,12508,INR,2025-05-01,14,3,5,18,False,False,50,2025-04-17 00:00:00,False
COK,HYD,S5,HIST-000,Economy,10144,INR,2023-12-12,14,1,12,50,False,False,50,2023-11-28 00:00:00,False
MAA,PNQ,G8,HIST-000,Economy,11982,INR,2025-09-20,14,5,9,38,False,True,50,2025-09-06 00:00:00,False
BLR,PNQ,S5,HIST-000,Economy,9121,INR,2025-06-01,14,6,6,22,False,True,50,2025-05-18 00:00:00,False
GOI,MAA,2T,HIST-000,Economy,10031,INR,2023-04-18,14,1,4,16,False,False,50,2023-04-04 00:00:00,False
MAA,BBI,6E,HIST-000,Economy,9062,INR,2024-09-13,14,4,9,37,False,False,50,2024-08-30 00:00:00,False
HYD,COK,6E,HIST-000,Economy,12492,INR,2025-06-18,14,2,6,25,False,False,50,2025-06-04 00:00:00,False
COK,IDR,G8,HIST-000,Economy,5663,INR,2025-04-12,14,5,4,15,False,True,50,2025-03-29 00:00:00,False
STV,BOM,I5,HIST-000,Economy,6999,INR,2023-02-28,14,1,2,9,False,False,50,2023-02-14 00:00:00,False
BOM,MAA,9I,HIST-000,Economy,14660,INR,2024-05-14,14,1,5,20,False,False,50,2024-04-30 00:00:00,False
LKO,CCU,I5,HIST-000,Economy,8493,INR,2025-11-06,14,3,11,45,False,False,50,2025-10-23 00:00:00,False
LKO,HYD,6E,HIST-000,Economy,4863,INR,2025-02-16,14,6,2,7,False,True,50,2025-02-02 00:00:00,False
COK,LKO,AI,HIST-000,Economy,3982,INR,2024-01-15,14,0,1,3,False,False,50,2024-01-01 00:00:00,False
AMD,VNS,AI,HIST-000,Economy,8224,INR,2025-03-03,14,0,3,10,False,False,50,2025-02-17 00:00:00,False
CCU,VNS,QP,HIST-000,Economy,8040,INR,2025-10-12,14,6,10,41,False,True,50,2025-09-28 00:00:00,False
RPR,BBI,2T,HIST-000,Economy,8892,INR,2024-06-15,14,5,6,24,False,True,50,2024-06-01 00:00:00,False
VNS,PAT,9I,HIST-000,Economy,9498,INR,2024-10-10,14,3,10,41,False,False,50,2024-09-26 00:00:00,False
HYD,PAT,9I,HIST-000,Economy,8307,INR,2025-03-09,14,6,3,10,False,True,50,2025-02-23 00:00:00,False
RPR,PAT,SG,HIST-000,Economy,10626,INR,2025-04-14,14,0,4,16,False,False,50,2025-03-31 00:00:00,False
DEL,MAA,9I,HIST-000,Economy,8200,INR,2025-09-12,14,4,9,37,False,False,50,2025-08-29 00:00:00,False
CCU,LKO,QP,HIST-000,Economy,9951,INR,2025-09-26,14,4,9,39,False,False,50,2025-09-12 00:00:00,False
BBI,MAA,S5,HIST-000,Economy,12130,INR,2025-07-10,14,3,7,28,False,False,50,2025-06-26 00:00:00,False
NAG,JAI,6E,HIST-000,Economy,7168,INR,2024-01-03,14,2,1,1,False,False,50,2023-12-20 00:00:00,False
PNQ,PAT,9I,HIST-000,Economy,14461,INR,2023-10-22,14,6,10,42,False,True,50,2023-10-08 00:00:00,False
IDR,BLR,6E,HIST-000,Economy,15070,INR,2024-09-28,14,5,9,39,False,True,50,2024-09-14 00:00:00,False
GAU,STV,2T,HIST-000,Economy,13210,INR,2024-10-16,14,2,10,42,False,False,50,2024-10-02 00:00:00,False
NAG,JAI,AI,HIST-000,Economy,9540,INR,2023-02-09,14,3,2,6,False,False,50,2023-01-26 00:00:00,False
CCU,BLR,9I,HIST-000,Economy,9477,INR,2024-06-16,14,6,6,24,False,True,50,2024-06-02 00:00:00,False
HYD,IDR,9I,HIST-000,Economy,12713,INR,2023-10-21,14,5,10,42,False,True,50,2023-10-07 00:00:00,False
MAA,PNQ,G8,HIST-000,Economy,5049,INR,2023-04-12,14,2,4,15,False,False,50,2023-03-29 00:00:00,False
BBI,HYD,I5,HIST-000,Economy,11756,INR,2025-08-12,14,1,8,33,False,False,50,2025-07-29 00:00:00,False
BOM,GAU,G8,HIST-000,Economy,8412,INR,2023-01-21,14,5,1,3,False,True,50,2023-01-07 00:00:00,False
PAT,VNS,AI,HIST-000,Economy,9402,INR,2025-10-09,14,3,10,41,False,False,50,2025-09-25 00:00:00,False
PNQ,MAA,G8,HIST-000,Economy,4670,INR,2024-02-17,14,5,2,7,False,True,50,2024-02-03 00:00:00,False
NAG,HYD,9I,HIST-000,Economy,12861,INR,2024-09-17,14,1,9,38,False,False,50,2024-09-03 00:00:00,False
BLR,GAU,9I,HIST-000,Economy,2727,INR,2023-01-19,14,3,1,3,False,False,50,2023-01-05 00:00:00,False
HYD,GOI,UK,HIST-000,Economy,11008,INR,2025-07-10,14,3,7,28,False,False,50,2025-06-26 00:00:00,False
HYD,BOM,SG,HIST-000,Economy,12545,INR,2025-04-05,14,5,4,14,False,True,50,2025-03-22 00:00:00,False
GOI,STV,UK,HIST-000,Economy,9806,INR,2024-05-25,14,5,5,21,False,True,50,2024-05-11 00:00:00,False
CCU,RPR,2T,HIST-000,Economy,7723,INR,2024-03-17,14,6,3,11,False,True,50,2024-03-03 00:00:00,False
STV,AMD,2T,HIST-000,Economy,11024,INR,2023-03-07,14,1,3,10,False,False,50,2023-02-21 00:00:00,False
AMD,NAG,2T,HIST-000,Economy,10216,INR,2023-10-18,14,2,10,42,False,False,50,2023-10-04 00:00:00,False
DEL,STV,SG,HIST-000,Economy,8634,INR,2024-10-25,14,4,10,43,False,False,50,2024-10-11 00:00:00,False
PNQ,GAU,S5,HIST-000,Economy,8180,INR,2023-06-16,14,4,6,24,False,False,50,2023-06-02 00:00:00,False
DEL,AMD,2T,HIST-000,Economy,5871,INR,2025-11-13,14,3,11,46,False,False,50,2025-10-30 00:00:00,False
BOM,PNQ,UK,HIST-000,Economy,5859,INR,2025-02-27,14,3,2,9,False,False,50,2025-02-13 00:00:00,False
HYD,GOI,QP,HIST-000,Economy,3847,INR,2024-06-20,14,3,6,25,False,False,50,2024-06-06 00:00:00,False
JAI,HYD,SG,HIST-000,Economy,9137,INR,2025-01-01,14,2,1,1,False,False,50,2024-12-18 00:00:00,False
CCU,IDR,I5,HIST-000,Economy,3318,INR,2023-05-17,14,2,5,20,False,False,50,2023-05-03 00:00:00,False
NAG,PAT,S5,HIST-000,Economy,3810,INR,2024-07-22,14,0,7,30,False,False,50,2024-07-08 00:00:00,False
GOI,LKO,6E,HIST-000,Economy,7932,INR,2024-12-20,14,4,12,51,False,False,50,2024-12-06 00:00:00,False
COK,JAI,I5,HIST-000,Economy,5717,INR,2025-07-03,14,3,7,27,False,False,50,2025-06-19 00:00:00,False
STV,IDR,6E,HIST-000,Economy,5338,INR,2025-06-20,14,4,6,25,False,False,50,2025-06-06 00:00:00,False
COK,AMD,6E,HIST-000,Economy,12141,INR,2023-01-14,14,5,1,2,False,True,50,2022-12-31 00:00:00,False
MAA,BLR,SG,HIST-000,Economy,9885,INR,2023-07-25,14,1,7,30,False,False,50,2023-07-11 00:00:00,False
JAI,HYD,I5,HIST-000,Economy,13637,INR,2023-04-11,14,1,4,15,False,False,50,2023-03-28 00:00:00,False
BOM,GOI,S5,HIST-000,Economy,10763,INR,2025-01-22,14,2,1,4,False,False,50,2025-01-08 00:00:00,False
HYD,GAU,2T,HIST-000,Economy,11112,INR,2024-01-23,14,1,1,4,False,False,50,2024-01-09 00:00:00,False
JAI,COK,2T,HIST-000,Economy,11595,INR,2024-12-25,14,2,12,52,False,False,50,2024-12-11 00:00:00,False
BBI,CCU,SG,HIST-000,Economy,10545,INR,2025-01-04,14,5,1,1,False,True,50,2024-12-21 00:00:00,False
AMD,BOM,6E,HIST-000,Economy,6210,INR,2023-05-19,14,4,5,20,False,False,50,2023-05-05 00:00:00,False
BLR,BBI,SG,HIST-000,Economy,8036,INR,2023-09-14,14,3,9,37,False,False,50,2023-08-31 00:00:00,False
BLR,BOM,9I,HIST-000,Economy,3430,INR,2025-02-06,14,3,2,6,False,False,50,2025-01-23 00:00:00,False
MAA,BBI,G8,HIST-000,Economy,10717,INR,2025-05-05,14,0,5,19,False,False,50,2025-04-21 00:00:00,False
HYD,VNS,UK,HIST-000,Economy,3235,INR,2025-05-12,14,0,5,20,False,False,50,2025-04-28 00:00:00,False
PNQ,HYD,2T,HIST-000,Economy,3631,INR,2023-11-03,14,4,11,44,False,False,50,2023-10-20 00:00:00,False
COK,STV,SG,HIST-000,Economy,13304,INR,2023-01-10,14,1,1,2,False,False,50,2022-12-27 00:00:00,False
BOM,CCU,UK,HIST-000,Economy,12858,INR,2023-08-24,14,3,8,34,False,False,50,2023-08-10 00:00:00,False
HYD,JAI,S5,HIST-000,Economy,5860,INR,2023-10-21,14,5,10,42,False,True,50,2023-10-07 00:00:00,False
LKO,GOI,9I,HIST-000,Economy,4450,INR,2025-06-27,14,4,6,26,False,False,50,2025-06-13 00:00:00,False
NAG,VNS,G8,HIST-000,Economy,6436,INR,2023-06-19,14,0,6,25,False,False,50,2023-06-05 00:00:00,False
IDR,GOI,UK,HIST-000,Economy,10820,INR,2024-03-07,14,3,3,10,False,False,50,2024-02-22 00:00:00,False
JAI,LKO,SG,HIST-000,Economy,7951,INR,2025-05-20,14,1,5,21,False,False,50,2025-05-06 00:00:00,False
GOI,MAA,UK,HIST-000,Economy,8215,INR,2023-12-18,14,0,12,51,False,False,50,2023-12-04 00:00:00,False
NAG,DEL,I5,HIST-000,Economy,3124,INR,2025-12-11,14,3,12,50,False,False,50,2025-11-27 00:00:00,False
COK,CCU,G8,HIST-000,Economy,8956,INR,2023-05-01,14,0,5,18,False,False,50,2023-04-17 00:00:00,False
GOI,STV,AI,HIST-000,Economy,3316,INR,2024-01-08,14,0,1,2,False,False,50,2023-12-25 00:00:00,False
HYD,CCU,G8,HIST-000,Economy,14372,INR,2023-05-05,14,4,5,18,False,False,50,2023-04-21 00:00:00,False
BBI,PNQ,G8,HIST-000,Economy,13048,INR,2024-06-01,14,5,6,22,False,True,50,2024-05-18 00:00:00,False
LKO,HYD,2T,HIST-000,Economy,7522,INR,2023-07-02,14,6,7,26,False,True,50,2023-06-18 00:00:00,False
VNS,COK,SG,HIST-000,Economy,4350,INR,2024-03-10,14,6,3,10,False,True,50,2024-02-25 00:00:00,False
MAA,GOI,I5,HIST-000,Economy,4349,INR,2024-12-11,14,2,12,50,False,False,50,2024-11-27 00:00:00,False
BBI,GAU,AI,HIST-000,Economy,6194,INR,2025-11-28,14,4,11,48,False,False,50,2025-11-14 00:00:00,False
JAI,BLR,QP,HIST-000,Economy,6501,INR,2023-07-21,14,4,7,29,False,False,50,2023-07-07 00:00:00,False
BBI,GAU,6E,HIST-000,Economy,9004,INR,2025-01-03,14,4,1,1,False,False,50,2024-12-20 00:00:00,False
STV,CCU,AI,HIST-000,Economy,13599,INR,2024-11-16,14,5,11,46,False,True,50,2024-11-02 00:00:00,False
HYD,GOI,9I,HIST-000,Economy,8802,INR,2023-02-20,14,0,2,8,False,False,50,2023-02-06 00:00:00,False
COK,STV,I5,HIST-000,Economy,13591,INR,2023-06-05,14,0,6,23,False,False,50,2023-05-22 00:00:00,False
HYD,BLR,QP,HIST-000,Economy,9978,INR,2023-03-04,14,5,3,9,False,True,50,2023-02-18 00:00:00,False
CCU,RPR,2T,HIST-000,Economy,6359,INR,2024-12-16,14,0,12,51,False,False,50,2024-12-02 00:00:00,False
GAU,STV,SG,HIST-000,Economy,3055,INR,2025-02-08,14,5,2,6,False,True,50,2025-01-25 00:00:00,False
BBI,HYD,UK,HIST-000,Economy,8016,INR,2025-06-14,14,5,6,24,False,True,50,2025-05-31 00:00:00,False
HYD,AMD,S5,HIST-000,Economy,11988,INR,2025-10-16,14,3,10,42,False,False,50,2025-10-02 00:00:00,False
GAU,BOM,2T,HIST-000,Economy,13378,INR,2024-11-19,14,1,11,47,False,False,50,2024-11-05 00:00:00,False
LKO,VNS,9I,HIST-000,Economy,7870,INR,2023-07-20,14,3,7,29,False,False,50,2023-07-06 00:00:00,False
COK,BOM,G8,HIST-000,Economy,2734,INR,2024-01-11,14,3,1,2,False,False,50,2023-12-28 00:00:00,False
GOI,IDR,S5,HIST-000,Economy,9877,INR,2024-08-03,14,5,8,31,False,True,50,2024-07-20 00:00:00,False
PAT,STV,9I,HIST-000,Economy,14156,INR,2023-10-15,14,6,10,41,False,True,50,2023-10-01 00:00:00,False
BBI,PAT,SG,HIST-000,Economy,9529,INR,2023-07-12,14,2,7,28,False,False,50,2023-06-28 00:00:00,False
JAI,HYD,9I,HIST-000,Economy,12424,INR,2025-05-13,14,1,5,20,False,False,50,2025-04-29 00:00:00,False
GOI,RPR,2T,HIST-000,Economy,5546,INR,2024-09-18,14,2,9,38,False,False,50,2024-09-04 00:00:00,False
GAU,VNS,9I,HIST-000,Economy,9864,INR,2025-05-04,14,6,5,18,False,True,50,2025-04-20 00:00:00,False
BOM,CCU,SG,HIST-000,Economy,6944,INR,2023-11-06,14,0,11,45,False,False,50,2023-10-23 00:00:00,False
HYD,GAU,G8,HIST-000,Economy,5447,INR,2024-03-21,14,3,3,12,False,False,50,2024-03-07 00:00:00,False
BLR,LKO,6E,HIST-000,Economy,5851,INR,2025-03-13,14,3,3,11,False,False,50,2025-02-27 00:00:00,False
CCU,BOM,6E,HIST-000,Economy,6553,INR,2024-08-09,14,4,8,32,False,False,50,2024-07-26 00:00:00,False
BLR,BBI,S5,HIST-000,Economy,15637,INR,2023-07-09,14,6,7,27,False,True,50,2023-06-25 00:00:00,False
MAA,IDR,S5,HIST-000,Economy,11040,INR,2023-05-15,14,0,5,20,False,False,50,2023-05-01 00:00:00,False
VNS,GAU,G8,HIST-000,Economy,6657,INR,2025-09-28,14,6,9,39,False,True,50,2025-09-14 00:00:00,False
BOM,STV,AI,HIST-000,Economy,7043,INR,2025-08-08,14,4,8,32,False,False,50,2025-07-25 00:00:00,False
HYD,BOM,9I,HIST-000,Economy,13144,INR,2023-06-12,14,0,6,24,False,False,50,2023-05-29 00:00:00,False
BBI,PAT,I5,HIST-000,Economy,7200,INR,2024-02-22,14,3,2,8,False,False,50,2024-02-08 00:00:00,False
HYD,PNQ,I5,HIST-000,Economy,13659,INR,2023-01-20,14,4,1,3,False,False,50,2023-01-06 00:00:00,False
DEL,CCU,S5,HIST-000,Economy,10529,INR,2023-05-04,14,3,5,18,False,False,50,2023-04-20 00:00:00,False
CCU,COK,G8,HIST-000,Economy,11728,INR,2024-06-26,14,2,6,26,False,False,50,2024-06-12 00:00:00,False
IDR,JAI,G8,HIST-000,Economy,9588,INR,2025-11-13,14,3,11,46,False,False,50,2025-10-30 00:00:00,False
PNQ,COK,9I,HIST-000,Economy,4321,INR,2024-09-06,14,4,9,36,False,False,50,2024-08-23 00:00:00,False
JAI,LKO,I5,HIST-000,Economy,10009,INR,2023-09-14,14,3,9,37,False,False,50,2023-08-31 00:00:00,False
HYD,BLR,2T,HIST-000,Economy,5854,INR,2024-04-12,14,4,4,15,False,False,50,2024-03-29 00:00:00,False
GOI,NAG,6E,HIST-000,Economy,16666,INR,2025-08-13,14,2,8,33,False,False,50,2025-07-30 00:00:00,False
PNQ,STV,UK,HIST-000,Economy,4730,INR,2023-08-02,14,2,8,31,False,False,50,2023-07-19 00:00:00,False
CCU,BLR,I5,HIST-000,Economy,3110,INR,2024-10-26,14,5,10,43,False,True,50,2024-10-12 00:00:00,False
GOI,GAU,G8,HIST-000,Economy,11786,INR,2023-03-10,14,4,3,10,False,False,50,2023-02-24 00:00:00,False
IDR,JAI,QP,HIST-000,Economy,7340,INR,2025-12-11,14,3,12,50,False,False,50,2025-11-27 00:00:00,False
STV,PAT,QP,HIST-000,Economy,12093,INR,2024-04-17,14,2,4,16,False,False,50,2024-04-03 00:00:00,False
VNS,DEL,2T,HIST-000,Economy,13208,INR,2025-08-23,14,5,8,34,False,True,50,2025-08-09 00:00:00,False
IDR,BLR,9I,HIST-000,Economy,10065,INR,2024-11-20,14,2,11,47,False,False,50,2024-11-06 00:00:00,False
RPR,NAG,AI,HIST-000,Economy,11063,INR,2025-12-18,14,3,12,51,False,False,50,2025-12-04 00:00:00,False
RPR,IDR,S5,HIST-000,Economy,10519,INR,2023-05-11,14,3,5,19,False,False,50,2023-04-27 00:00:00,False
STV,PNQ,2T,HIST-000,Economy,7763,INR,2023-11-10,14,4,11,45,False,False,50,2023-10-27 00:00:00,False
BBI,PAT,9I,HIST-000,Economy,3060,INR,2025-06-02,14,0,6,23,False,False,50,2025-05-19 00:00:00,False
BOM,BBI,S5,HIST-000,Economy,9617,INR,2025-08-05,14,1,8,32,False,False,50,2025-07-22 00:00:00,False
BBI,GAU,S5,HIST-000,Economy,6342,INR,2024-12-17,14,1,12,51,False,False,50,2024-12-03 00:00:00,False
JAI,COK,SG,HIST-000,Economy,5796,INR,2023-11-06,14,0,11,45,False,False,50,2023-10-23 00:00:00,False
DEL,CCU,UK,HIST-000,Economy,13957,INR,2023-01-26,14,3,1,4,False,False,50,2023-01-12 00:00:00,False
BLR,VNS,G8,HIST-000,Economy,14039,INR,2025-02-15,14,5,2,7,False,True,50,2025-02-01 00:00:00,False
PAT,BLR,SG,HIST-000,Economy,15937,INR,2023-01-04,14,2,1,1,False,False,50,2022-12-21 00:00:00,False
PAT,HYD,UK,HIST-000,Economy,8225,INR,2025-01-22,14,2,1,4,False,False,50,2025-01-08 00:00:00,False
DEL,IDR,S5,HIST-000,Economy,13173,INR,2023-05-24,14,2,5,21,False,False,50,2023-05-10 00:00:00,False
PAT,COK,AI,HIST-000,Economy,9633,INR,2024-04-06,14,5,4,14,False,True,50,2024-03-23 00:00:00,False
BOM,GAU,G8,HIST-000,Economy,8628,INR,2024-04-11,14,3,4,15,False,False,50,2024-03-28 00:00:00,False
DEL,AMD,I5,HIST-000,Economy,11704,INR,2025-07-05,14,5,7,27,False,True,50,2025-06-21 00:00:00,False
CCU,LKO,UK,HIST-000,Economy,6465,INR,2024-08-08,14,3,8,32,False,False,50,2024-07-25 00:00:00,False
HYD,BBI,2T,HIST-000,Economy,14290,INR,2024-10-05,14,5,10,40,False,True,50,2024-09-21 00:00:00,False
PAT,CCU,9I,HIST-000,Economy,6329,INR,2024-12-08,14,6,12,49,False,True,50,2024-11-24 00:00:00,False
GAU,NAG,SG,HIST-000,Economy,10299,INR,2025-11-06,14,3,11,45,False,False,50,2025-10-23 00:00:00,False
BLR,MAA,9I,HIST-000,Economy,5163,INR,2024-11-07,14,3,11,45,False,False,50,2024-10-24 00:00:00,False
COK,MAA,S5,HIST-000,Economy,7697,INR,2025-12-19,14,4,12,51,False,False,50,2025-12-05 00:00:00,False
DEL,JAI,G8,HIST-000,Economy,5143,INR,2025-08-17,14,6,8,33,False,True,50,2025-08-03 00:00:00,False
GAU,BOM,AI,HIST-000,Economy,10149,INR,2023-10-23,14,0,10,43,False,False,50,2023-10-09 00:00:00,False
HYD,IDR,I5,HIST-000,Economy,7571,INR,2023-03-18,14,5,3,11,False,True,50,2023-03-04 00:00:00,False
GAU,IDR,2T,HIST-000,Economy,9410,INR,2024-09-07,14,5,9,36,False,True,50,2024-08-24 00:00:00,False
COK,STV,QP,HIST-000,Economy,11453,INR,2025-02-22,14,5,2,8,False,True,50,2025-02-08 00:00:00,False
NAG,DEL,S5,HIST-000,Economy,7968,INR,2023-03-27,14,0,3,13,False,False,50,2023-03-13 00:00:00,False
AMD,IDR,S5,HIST-000,Economy,4079,INR,2023-02-21,14,1,2,8,False,False,50,2023-02-07 00:00:00,False
RPR,COK,6E,HIST-000,Economy,3808,INR,2023-11-04,14,5,11,44,False,True,50,2023-10-21 00:00:00,False
BLR,HYD,SG,HIST-000,Economy,13367,INR,2024-08-02,14,4,8,31,False,False,50,2024-07-19 00:00:00,False
RPR,BBI,G8,HIST-000,Economy,11612,INR,2024-09-03,14,1,9,36,False,False,50,2024-08-20 00:00:00,False
IDR,HYD,QP,HIST-000,Economy,5849,INR,2023-02-28,14,1,2,9,False,False,50,2023-02-14 00:00:00,False
DEL,MAA,I5,HIST-000,Economy,7939,INR,2025-12-28,14,6,12,52,False,True,50,2025-12-14 00:00:00,False
DEL,BLR,SG,HIST-000,Economy,2788,INR,2025-06-21,14,5,6,25,False,True,50,2025-06-07 00:00:00,False
MAA,IDR,S5,HIST-000,Economy,13573,INR,2024-09-01,14,6,9,35,False,True,50,2024-08-18 00:00:00,False
PNQ,MAA,I5,HIST-000,Economy,10913,INR,2023-05-05,14,4,5,18,False,False,50,2023-04-21 00:00:00,False
PAT,BOM,9I,HIST-000,Economy,10920,INR,2024-12-22,14,6,12,51,False,True,50,2024-12-08 00:00:00,False
MAA,GOI,6E,HIST-000,Economy,4880,INR,2025-10-06,14,0,10,41,False,False,50,2025-09-22 00:00:00,False
RPR,AMD,I5,HIST-000,Economy,2619,INR,2024-12-09,14,0,12,50,False,False,50,2024-11-25 00:00:00,False
JAI,CCU,UK,HIST-000,Economy,6822,INR,2024-06-22,14,5,6,25,False,True,50,2024-06-08 00:00:00,False
VNS,COK,6E,HIST-000,Economy,10333,INR,2023-09-13,14,2,9,37,False,False,50,2023-08-30 00:00:00,False
BLR,LKO,SG,HIST-000,Economy,9879,INR,2023-02-18,14,5,2,7,False,True,50,2023-02-04 00:00:00,False
CCU,DEL,SG,HIST-000,Economy,6871,INR,2025-08-01,14,4,8,31,False,False,50,2025-07-18 00:00:00,False
PNQ,AMD,UK,HIST-000,Economy,6496,INR,2023-09-07,14,3,9,36,False,False,50,2023-08-24 00:00:00,False
CCU,BLR,G8,HIST-000,Economy,6966,INR,2023-07-14,14,4,7,28,False,False,50,2023-06-30 00:00:00,False
PAT,AMD,UK,HIST-000,Economy,10029,INR,2023-02-14,14,1,2,7,False,False,50,2023-01-31 00:00:00,False
PNQ,GOI,S5,HIST-000,Economy,13866,INR,2025-09-14,14,6,9,37,False,True,50,2025-08-31 00:00:00,False
LKO,COK,UK,HIST-000,Economy,10842,INR,2025-09-18,14,3,9,38,False,False,50,2025-09-04 00:00:00,False
NAG,CCU,2T,HIST-000,Economy,7416,INR,2025-02-14,14,4,2,7,False,False,50,2025-01-31 00:00:00,False
BBI,LKO,9I,HIST-000,Economy,7964,INR,2025-12-01,14,0,12,49,False,False,50,2025-11-17 00:00:00,False
GAU,HYD,6E,HIST-000,Economy,5072,INR,2024-01-02,14,1,1,1,False,False,50,2023-12-19 00:00:00,False
MAA,BBI,I5,HIST-000,Economy,14998,INR,2023-07-14,14,4,7,28,False,False,50,2023-06-30 00:00:00,False
GAU,PAT,QP,HIST-000,Economy,5841,INR,2025-01-09,14,3,1,2,False,False,50,2024-12-26 00:00:00,False
NAG,RPR,AI,HIST-000,Economy,3726,INR,2023-06-11,14,6,6,23,False,True,50,2023-05-28 00:00:00,False
VNS,LKO,G8,HIST-000,Economy,16652,INR,2024-10-17,14,3,10,42,False,False,50,2024-10-03 00:00:00,False
CCU,AMD,SG,HIST-000,Economy,3899,INR,2024-05-23,14,3,5,21,False,False,50,2024-05-09 00:00:00,False
AMD,GAU,AI,HIST-000,Economy,8806,INR,2024-01-28,14,6,1,4,False,True,50,2024-01-14 00:00:00,False
VNS,COK,9I,HIST-000,Economy,6260,INR,2025-10-28,14,1,10,44,False,False,50,2025-10-14 00:00:00,False
PNQ,LKO,QP,HIST-000,Economy,5622,INR,2025-09-17,14,2,9,38,False,False,50,2025-09-03 00:00:00,False
VNS,BBI,S5,HIST-000,Economy,7999,INR,2024-04-07,14,6,4,14,False,True,50,2024-03-24 00:00:00,False
BBI,RPR,I5,HIST-000,Economy,8044,INR,2025-09-02,14,1,9,36,False,False,50,2025-08-19 00:00:00,False
GOI,NAG,9I,HIST-000,Economy,4765,INR,2024-12-06,14,4,12,49,False,False,50,2024-11-22 00:00:00,False
GOI,BBI,UK,HIST-000,Economy,11643,INR,2023-07-01,14,5,7,26,False,True,50,2023-06-17 00:00:00,False
BOM,VNS,QP,HIST-000,Economy,6058,INR,2025-04-04,14,4,4,14,False,False,50,2025-03-21 00:00:00,False
LKO,PNQ,AI,HIST-000,Economy,6809,INR,2025-11-07,14,4,11,45,False,False,50,2025-10-24 00:00:00,False
STV,CCU,AI,HIST-000,Economy,9082,INR,2023-03-02,14,3,3,9,False,False,50,2023-02-16 00:00:00,False
GOI,HYD,AI,HIST-000,Economy,10811,INR,2024-04-10,14,2,4,15,False,False,50,2024-03-27 00:00:00,False
CCU,STV,G8,HIST-000,Economy,4832,INR,2024-09-10,14,1,9,37,False,False,50,2024-08-27 00:00:00,False
MAA,JAI,S5,HIST-000,Economy,6159,INR,2025-02-11,14,1,2,7,False,False,50,2025-01-28 00:00:00,False
JAI,GAU,SG,HIST-000,Economy,12537,INR,2024-08-15,14,3,8,33,False,False,50,2024-08-01 00:00:00,False
IDR,PNQ,G8,HIST-000,Economy,4719,INR,2025-01-27,14,0,1,5,False,False,50,2025-01-13 00:00:00,False
NAG,IDR,9I,HIST-000,Economy,13683,INR,2024-07-22,14,0,7,30,False,False,50,2024-07-08 00:00:00,False
IDR,STV,G8,HIST-000,Economy,8018,INR,2023-08-13,14,6,8,32,False,True,50,2023-07-30 00:00:00,False
NAG,BBI,QP,HIST-000,Economy,8039,INR,2023-02-10,14,4,2,6,False,False,50,2023-01-27 00:00:00,False
BLR,AMD,9I,HIST-000,Economy,12000,INR,2024-12-15,14,6,12,50,False,True,50,2024-12-01 00:00:00,False
IDR,BOM,2T,HIST-000,Economy,12257,INR,2023-12-03,14,6,12,48,False,True,50,2023-11-19 00:00:00,False
GAU,NAG,I5,HIST-000,Economy,14017,INR,2025-07-08,14,1,7,28,False,False,50,2025-06-24 00:00:00,False
BLR,AMD,UK,HIST-000,Economy,5167,INR,2025-10-19,14,6,10,42,False,True,50,2025-10-05 00:00:00,False
COK,GOI,9I,HIST-000,Economy,10392,INR,2024-12-25,14,2,12,52,False,False,50,2024-12-11 00:00:00,False
RPR,HYD,2T,HIST-000,Economy,5518,INR,2024-02-02,14,4,2,5,False,False,50,2024-01-19 00:00:00,False
COK,BBI,UK,HIST-000,Economy,6194,INR,2025-02-09,14,6,2,6,False,True,50,2025-01-26 00:00:00,False
CCU,LKO,G8,HIST-000,Economy,4160,INR,2025-03-09,14,6,3,10,False,True,50,2025-02-23 00:00:00,False
NAG,STV,UK,HIST-000,Economy,6124,INR,2024-01-19,14,4,1,3,False,False,50,2024-01-05 00:00:00,False
GAU,LKO,6E,HIST-000,Economy,8205,INR,2023-01-22,14,6,1,3,False,True,50,2023-01-08 00:00:00,False
PNQ,GAU,AI,HIST-000,Economy,8617,INR,2023-04-27,14,3,4,17,False,False,50,2023-04-13 00:00:00,False
GOI,LKO,G8,HIST-000,Economy,2604,INR,2024-09-06,14,4,9,36,False,False,50,2024-08-23 00:00:00,False
DEL,LKO,I5,HIST-000,Economy,6776,INR,2025-02-05,14,2,2,6,False,False,50,2025-01-22 00:00:00,False
HYD,PAT,I5,HIST-000,Economy,7212,INR,2025-03-04,14,1,3,10,False,False,50,2025-02-18 00:00:00,False
COK,NAG,S5,HIST-000,Economy,16708,INR,2024-06-13,14,3,6,24,False,False,50,2024-05-30 00:00:00,False
MAA,IDR,AI,HIST-000,Economy,6595,INR,2025-09-03,14,2,9,36,False,False,50,2025-08-20 00:00:00,False
DEL,BLR,UK,HIST-000,Economy,7993,INR,2024-07-19,14,4,7,29,False,False,50,2024-07-05 00:00:00,False
MAA,JAI,UK,HIST-000,Economy,3975,INR,2023-03-25,14,5,3,12,False,True,50,2023-03-11 00:00:00,False
GOI,PNQ,UK,HIST-000,Economy,10142,INR,2024-04-27,14,5,4,17,False,True,50,2024-04-13 00:00:00,False
VNS,IDR,9I,HIST-000,Economy,10401,INR,2023-08-13,14,6,8,32,False,True,50,2023-07-30 00:00:00,False
BLR,RPR,S5,HIST-000,Economy,10619,INR,2025-05-18,14,6,5,20,False,True,50,2025-05-04 00:00:00,False
GAU,LKO,6E,HIST-000,Economy,7679,INR,2025-02-07,14,4,2,6,False,False,50,2025-01-24 00:00:00,False
JAI,BOM,QP,HIST-000,Economy,10305,INR,2025-08-09,14,5,8,32,False,True,50,2025-07-26 00:00:00,False
HYD,CCU,QP,HIST-000,Economy,8305,INR,2024-11-15,14,4,11,46,False,False,50,2024-11-01 00:00:00,False
GAU,DEL,QP,HIST-000,Economy,12865,INR,2024-04-25,14,3,4,17,False,False,50,2024-04-11 00:00:00,False
PNQ,BLR,SG,HIST-000,Economy,16936,INR,2024-10-24,14,3,10,43,False,False,50,2024-10-10 00:00:00,False
VNS,CCU,2T,HIST-000,Economy,9264,INR,2023-04-05,14,2,4,14,False,False,50,2023-03-22 00:00:00,False
RPR,BOM,6E,HIST-000,Economy,7453,INR,2023-07-06,14,3,7,27,False,False,50,2023-06-22 00:00:00,False
MAA,BOM,G8,HIST-000,Economy,7472,INR,2025-08-10,14,6,8,32,False,True,50,2025-07-27 00:00:00,False
CCU,PNQ,QP,HIST-000,Economy,11064,INR,2023-12-25,14,0,12,52,False,False,50,2023-12-11 00:00:00,False
COK,PAT,SG,HIST-000,Economy,14554,INR,2024-03-06,14,2,3,10,False,False,50,2024-02-21 00:00:00,False
JAI,STV,6E,HIST-000,Economy,9266,INR,2025-12-15,14,0,12,51,False,False,50,2025-12-01 00:00:00,False
STV,BOM,6E,HIST-000,Economy,7518,INR,2025-11-16,14,6,11,46,False,True,50,2025-11-02 00:00:00,False
AMD,LKO,I5,HIST-000,Economy,14472,INR,2025-01-24,14,4,1,4,False,False,50,2025-01-10 00:00:00,False
VNS,LKO,SG,HIST-000,Economy,9642,INR,2023-10-18,14,2,10,42,False,False,50,2023-10-04 00:00:00,False
CCU,DEL,2T,HIST-000,Economy,9979,INR,2024-01-01,14,0,1,1,False,False,50,2023-12-18 00:00:00,False
VNS,HYD,QP,HIST-000,Economy,10627,INR,2025-04-15,14,1,4,16,False,False,50,2025-04-01 00:00:00,False
MAA,RPR,9I,HIST-000,Economy,10409,INR,2023-05-21,14,6,5,20,False,True,50,2023-05-07 00:00:00,False
LKO,GOI,G8,HIST-000,Economy,6562,INR,2024-01-02,14,1,1,1,False,False,50,2023-12-19 00:00:00,False
STV,GAU,SG,HIST-000,Economy,7445,INR,2023-02-23,14,3,2,8,False,False,50,2023-02-09 00:00:00,False
STV,IDR,AI,HIST-000,Economy,7220,INR,2025-12-02,14,1,12,49,False,False,50,2025-11-18 00:00:00,False
STV,CCU,UK,HIST-000,Economy,11713,INR,2025-03-21,14,4,3,12,False,False,50,2025-03-07 00:00:00,False
STV,DEL,QP,HIST-000,Economy,16090,INR,2025-01-15,14,2,1,3,False,False,50,2025-01-01 00:00:00,False
PAT,LKO,AI,HIST-000,Economy,4961,INR,2025-01-08,14,2,1,2,False,False,50,2024-12-25 00:00:00,False
IDR,PAT,UK,HIST-000,Economy,9184,INR,2025-04-06,14,6,4,14,False,True,50,2025-03-23 00:00:00,False
VNS,GAU,G8,HIST-000,Economy,7424,INR,2023-05-09,14,1,5,19,False,False,50,2023-04-25 00:00:00,False
GAU,NAG,QP,HIST-000,Economy,13490,INR,2025-09-08,14,0,9,37,False,False,50,2025-08-25 00:00:00,False
GAU,MAA,SG,HIST-000,Economy,7688,INR,2023-04-17,14,0,4,16,False,False,50,2023-04-03 00:00:00,False
BOM,CCU,QP,HIST-000,Economy,14369,INR,2024-07-17,14,2,7,29,False,False,50,2024-07-03 00:00:00,False
NAG,BBI,QP,HIST-000,Economy,5065,INR,2025-12-16,14,1,12,51,False,False,50,2025-12-02 00:00:00,False
COK,DEL,I5,HIST-000,Economy,13772,INR,2025-12-22,14,0,12,52,False,False,50,2025-12-08 00:00:00,False
COK,MAA,G8,HIST-000,Economy,11165,INR,2024-04-16,14,1,4,16,False,False,50,2024-04-02 00:00:00,False
GOI,STV,G8,HIST-000,Economy,10432,INR,2025-06-22,14,6,6,25,False,True,50,2025-06-08 00:00:00,False
JAI,PNQ,AI,HIST-000,Economy,15846,INR,2024-06-12,14,2,6,24,False,False,50,2024-05-29 00:00:00,False
NAG,BOM,6E,HIST-000,Economy,12581,INR,2023-05-05,14,4,5,18,False,False,50,2023-04-21 00:00:00,False
STV,NAG,2T,HIST-000,Economy,11411,INR,2025-07-03,14,3,7,27,False,False,50,2025-06-19 00:00:00,False
BOM,GAU,SG,HIST-000,Economy,8855,INR,2023-12-16,14,5,12,50,False,True,50,2023-12-02 00:00:00,False
NAG,BBI,I5,HIST-000,Economy,6570,INR,2023-08-13,14,6,8,32,False,True,50,2023-07-30 00:00:00,False
BLR,DEL,SG,HIST-000,Economy,12959,INR,2023-07-15,14,5,7,28,False,True,50,2023-07-01 00:00:00,False
PNQ,LKO,S5,HIST-000,Economy,8699,INR,2024-12-07,14,5,12,49,False,True,50,2024-11-23 00:00:00,False
GOI,PAT,S5,HIST-000,Economy,16523,INR,2023-06-10,14,5,6,23,False,True,50,2023-05-27 00:00:00,False
NAG,JAI,2T,HIST-000,Economy,11115,INR,2023-12-21,14,3,12,51,False,False,50,2023-12-07 00:00:00,False
NAG,BBI,6E,HIST-000,Economy,7896,INR,2023-07-25,14,1,7,30,False,False,50,2023-07-11 00:00:00,False
MAA,HYD,2T,HIST-000,Economy,8398,INR,2023-03-01,14,2,3,9,False,False,50,2023-02-15 00:00:00,False
MAA,STV,AI,HIST-000,Economy,11817,INR,2023-02-16,14,3,2,7,False,False,50,2023-02-02 00:00:00,False
COK,BLR,AI,HIST-000,Economy,7216,INR,2023-02-24,14,4,2,8,False,False,50,2023-02-10 00:00:00,False
CCU,VNS,AI,HIST-000,Economy,10302,INR,2023-09-03,14,6,9,35,False,True,50,2023-08-20 00:00:00,False
GAU,MAA,QP,HIST-000,Economy,7156,INR,2025-02-12,14,2,2,7,False,False,50,2025-01-29 00:00:00,False
MAA,RPR,S5,HIST-000,Economy,4331,INR,2023-08-23,14,2,8,34,False,False,50,2023-08-09 00:00:00,False
AMD,GOI,SG,HIST-000,Economy,6322,INR,2024-03-03,14,6,3,9,False,True,50,2024-02-18 00:00:00,False
COK,BLR,SG,HIST-000,Economy,5623,INR,2024-07-07,14,6,7,27,False,True,50,2024-06-23 00:00:00,False
HYD,BLR,2T,HIST-000,Economy,10214,INR,2025-04-13,14,6,4,15,False,True,50,2025-03-30 00:00:00,False
LKO,NAG,S5,HIST-000,Economy,11505,INR,2025-02-19,14,2,2,8,False,False,50,2025-02-05 00:00:00,False
JAI,IDR,AI,HIST-000,Economy,3366,INR,2024-05-06,14,0,5,19,False,False,50,2024-04-22 00:00:00,False
NAG,HYD,SG,HIST-000,Economy,11812,INR,2025-12-18,14,3,12,51,False,False,50,2025-12-04 00:00:00,False
VNS,COK,I5,HIST-000,Economy,10804,INR,2024-08-13,14,1,8,33,False,False,50,2024-07-30 00:00:00,False
MAA,RPR,6E,HIST-000,Economy,12141,INR,2025-07-11,14,4,7,28,False,False,50,2025-06-27 00:00:00,False
PAT,RPR,6E,HIST-000,Economy,10500,INR,2025-05-10,14,5,5,19,False,True,50,2025-04-26 00:00:00,False
GAU,VNS,9I,HIST-000,Economy,12852,INR,2024-12-03,14,1,12,49,False,False,50,2024-11-19 00:00:00,False
IDR,PAT,G8,HIST-000,Economy,7457,INR,2024-09-05,14,3,9,36,False,False,50,2024-08-22 00:00:00,False
JAI,GAU,UK,HIST-000,Economy,16331,INR,2025-03-14,14,4,3,11,False,False,50,2025-02-28 00:00:00,False
LKO,PAT,SG,HIST-000,Economy,14342,INR,2025-05-18,14,6,5,20,False,True,50,2025-05-04 00:00:00,False
DEL,NAG,SG,HIST-000,Economy,8340,INR,2025-11-18,14,1,11,47,False,False,50,2025-11-04 00:00:00,False
VNS,JAI,2T,HIST-000,Economy,12255,INR,2025-03-14,14,4,3,11,False,False,50,2025-02-28 00:00:00,False
BOM,GAU,UK,HIST-000,Economy,7120,INR,2025-05-22,14,3,5,21,False,False,50,2025-05-08 00:00:00,False
RPR,BLR,6E,HIST-000,Economy,7846,INR,2025-03-14,14,4,3,11,False,False,50,2025-02-28 00:00:00,False
VNS,BOM,9I,HIST-000,Economy,10883,INR,2025-08-08,14,4,8,32,False,False,50,2025-07-25 00:00:00,False
LKO,BBI,SG,HIST-000,Economy,4721,INR,2024-10-13,14,6,10,41,False,True,50,2024-09-29 00:00:00,False
BOM,RPR,G8,HIST-000,Economy,6446,INR,2023-10-14,14,5,10,41,False,True,50,2023-09-30 00:00:00,False
STV,COK,9I,HIST-000,Economy,7311,INR,2025-12-23,14,1,12,52,False,False,50,2025-12-09 00:00:00,False
BBI,STV,I5,HIST-000,Economy,10033,INR,2024-02-18,14,6,2,7,False,True,50,2024-02-04 00:00:00,False
PNQ,CCU,S5,HIST-000,Economy,10668,INR,2024-02-27,14,1,2,9,False,False,50,2024-02-13 00:00:00,False
HYD,LKO,G8,HIST-000,Economy,9476,INR,2023-04-20,14,3,4,16,False,False,50,2023-04-06 00:00:00,False
RPR,BOM,I5,HIST-000,Economy,10408,INR,2025-04-16,14,2,4,16,False,False,50,2025-04-02 00:00:00,False
RPR,JAI,QP,HIST-000,Economy,5236,INR,2023-12-14,14,3,12,50,False,False,50,2023-11-30 00:00:00,False
GAU,NAG,QP,HIST-000,Economy,2976,INR,2023-03-15,14,2,3,11,False,False,50,2023-03-01 00:00:00,False
JAI,COK,UK,HIST-000,Economy,4864,INR,2025-07-12,14,5,7,28,False,True,50,2025-06-28 00:00:00,False
NAG,BOM,S5,HIST-000,Economy,9685,INR,2023-07-02,14,6,7,26,False,True,50,2023-06-18 00:00:00,False
PAT,BLR,S5,HIST-000,Economy,10461,INR,2024-12-26,14,3,12,52,False,False,50,2024-12-12 00:00:00,False
GOI,AMD,QP,HIST-000,Economy,10898,INR,2024-04-15,14,0,4,16,False,False,50,2024-04-01 00:00:00,False
LKO,BLR,AI,HIST-000,Economy,11594,INR,2025-01-07,14,1,1,2,False,False,50,2024-12-24 00:00:00,False
VNS,DEL,UK,HIST-000,Economy,8685,INR,2025-03-10,14,0,3,11,False,False,50,2025-02-24 00:00:00,False
STV,BOM,UK,HIST-000,Economy,7781,INR,2025-07-22,14,1,7,30,False,False,50,2025-07-08 00:00:00,False
COK,MAA,I5,HIST-000,Economy,7632,INR,2023-06-06,14,1,6,23,False,False,50,2023-05-23 00:00:00,False
CCU,AMD,9I,HIST-000,Economy,11912,INR,2025-04-19,14,5,4,16,False,True,50,2025-04-05 00:00:00,False
GOI,GAU,AI,HIST-000,Economy,12267,INR,2024-12-24,14,1,12,52,False,False,50,2024-12-10 00:00:00,False
VNS,AMD,UK,HIST-000,Economy,8019,INR,2024-04-13,14,5,4,15,False,True,50,2024-03-30 00:00:00,False
BOM,PNQ,UK,HIST-000,Economy,15223,INR,2025-10-05,14,6,10,40,False,True,50,2025-09-21 00:00:00,False
NAG,IDR,G8,HIST-000,Economy,3931,INR,2023-01-04,14,2,1,1,False,False,50,2022-12-21 00:00:00,False
JAI,NAG,AI,HIST-000,Economy,5199,INR,2024-07-28,14,6,7,30,False,True,50,2024-07-14 00:00:00,False
BLR,IDR,6E,HIST-000,Economy,5339,INR,2023-03-19,14,6,3,11,False,True,50,2023-03-05 00:00:00,False
BOM,AMD,SG,HIST-000,Economy,5250,INR,2025-05-21,14,2,5,21,False,False,50,2025-05-07 00:00:00,False
PNQ,HYD,AI,HIST-000,Economy,6719,INR,2024-01-01,14,0,1,1,False,False,50,2023-12-18 00:00:00,False
NAG,LKO,UK,HIST-000,Economy,13127,INR,2023-12-25,14,0,12,52,False,False,50,2023-12-11 00:00:00,False
NAG,JAI,S5,HIST-000,Economy,13694,INR,2024-04-23,14,1,4,17,False,False,50,2024-04-09 00:00:00,False
RPR,STV,I5,HIST-000,Economy,9826,INR,2024-03-10,14,6,3,10,False,True,50,2024-02-25 00:00:00,False
COK,NAG,6E,HIST-000,Economy,8747,INR,2024-08-26,14,0,8,35,False,False,50,2024-08-12 00:00:00,False
BLR,VNS,I5,HIST-000,Economy,5022,INR,2024-07-03,14,2,7,27,False,False,50,2024-06-19 00:00:00,False
LKO,PAT,UK,HIST-000,Economy,12077,INR,2024-06-21,14,4,6,25,False,False,50,2024-06-07 00:00:00,False
HYD,VNS,2T,HIST-000,Economy,12313,INR,2025-02-20,14,3,2,8,False,False,50,2025-02-06 00:00:00,False
CCU,LKO,6E,HIST-000,Economy,12134,INR,2025-04-26,14,5,4,17,False,True,50,2025-04-12 00:00:00,False
DEL,MAA,I5,HIST-000,Economy,7961,INR,2025-09-19,14,4,9,38,False,False,50,2025-09-05 00:00:00,False
RPR,NAG,6E,HIST-000,Economy,16017,INR,2024-05-26,14,6,5,21,False,True,50,2024-05-12 00:00:00,False
BOM,PAT,S5,HIST-000,Economy,4833,INR,2025-01-21,14,1,1,4,False,False,50,2025-01-07 00:00:00,False
PAT,BOM,S5,HIST-000,Economy,10941,INR,2023-03-07,14,1,3,10,False,False,50,2023-02-21 00:00:00,False
GAU,STV,9I,HIST-000,Economy,4230,INR,2024-10-02,14,2,10,40,False,False,50,2024-09-18 00:00:00,False
STV,CCU,S5,HIST-000,Economy,9121,INR,2023-02-26,14,6,2,8,False,True,50,2023-02-12 00:00:00,False
COK,RPR,AI,HIST-000,Economy,6921,INR,2023-05-25,14,3,5,21,False,False,50,2023-05-11 00:00:00,False
GOI,PNQ,I5,HIST-000,Economy,11126,INR,2025-05-05,14,0,5,19,False,False,50,2025-04-21 00:00:00,False
GOI,VNS,G8,HIST-000,Economy,8559,INR,2023-12-12,14,1,12,50,False,False,50,2023-11-28 00:00:00,False
RPR,CCU,S5,HIST-000,Economy,5620,INR,2023-04-14,14,4,4,15,False,False,50,2023-03-31 00:00:00,False
GOI,LKO,S5,HIST-000,Economy,9832,INR,2025-02-05,14,2,2,6,False,False,50,2025-01-22 00:00:00,False
JAI,VNS,SG,HIST-000,Economy,4796,INR,2023-10-26,14,3,10,43,False,False,50,2023-10-12 00:00:00,False
MAA,RPR,AI,HIST-000,Economy,13115,INR,2025-10-07,14,1,10,41,False,False,50,2025-09-23 00:00:00,False
MAA,CCU,G8,HIST-000,Economy,3685,INR,2025-10-09,14,3,10,41,False,False,50,2025-09-25 00:00:00,False
LKO,MAA,AI,HIST-000,Economy,9420,INR,2023-03-20,14,0,3,12,False,False,50,2023-03-06 00:00:00,False
DEL,HYD,QP,HIST-000,Economy,11629,INR,2023-05-10,14,2,5,19,False,False,50,2023-04-26 00:00:00,False
DEL,RPR,6E,HIST-000,Economy,7041,INR,2024-04-13,14,5,4,15,False,True,50,2024-03-30 00:00:00,False
PAT,PNQ,2T,HIST-000,Economy,13396,INR,2023-12-05,14,1,12,49,False,False,50,2023-11-21 00:00:00,False
IDR,RPR,AI,HIST-000,Economy,11307,INR,2024-12-12,14,3,12,50,False,False,50,2024-11-28 00:00:00,False
GAU,BBI,6E,HIST-000,Economy,11913,INR,2024-08-15,14,3,8,33,False,False,50,2024-08-01 00:00:00,False
BOM,JAI,S5,HIST-000,Economy,5607,INR,2024-02-05,14,0,2,6,False,False,50,2024-01-22 00:00:00,False
JAI,GOI,S5,HIST-000,Economy,10582,INR,2025-09-07,14,6,9,36,False,True,50,2025-08-24 00:00:00,False
IDR,BOM,G8,HIST-000,Economy,10202,INR,2025-01-20,14,0,1,4,False,False,50,2025-01-06 00:00:00,False
STV,HYD,6E,HIST-000,Economy,12032,INR,2024-02-02,14,4,2,5,False,False,50,2024-01-19 00:00:00,False
RPR,CCU,2T,HIST-000,Economy,11647,INR,2023-06-25,14,6,6,25,False,True,50,2023-06-11 00:00:00,False
VNS,JAI,QP,HIST-000,Economy,7972,INR,2024-08-05,14,0,8,32,False,False,50,2024-07-22 00:00:00,False
STV,VNS,UK,HIST-000,Economy,9008,INR,2024-07-21,14,6,7,29,False,True,50,2024-07-07 00:00:00,False
JAI,PAT,9I,HIST-000,Economy,10840,INR,2024-04-15,14,0,4,16,False,False,50,2024-04-01 00:00:00,False
BOM,IDR,9I,HIST-000,Economy,13150,INR,2024-09-24,14,1,9,39,False,False,50,2024-09-10 00:00:00,False
IDR,CCU,6E,HIST-000,Economy,8261,INR,2025-05-24,14,5,5,21,False,True,50,2025-05-10 00:00:00,False
LKO,GAU,AI,HIST-000,Economy,11700,INR,2025-09-14,14,6,9,37,False,True,50,2025-08-31 00:00:00,False
MAA,BLR,9I,HIST-000,Economy,13139,INR,2024-05-28,14,1,5,22,False,False,50,2024-05-14 00:00:00,False
RPR,NAG,AI,HIST-000,Economy,7577,INR,2023-12-23,14,5,12,51,False,True,50,2023-12-09 00:00:00,False
LKO,AMD,9I,HIST-000,Economy,6243,INR,2023-05-12,14,4,5,19,False,False,50,2023-04-28 00:00:00,False
STV,RPR,AI,HIST-000,Economy,5643,INR,2025-10-17,14,4,10,42,False,False,50,2025-10-03 00:00:00,False
BBI,HYD,I5,HIST-000,Economy,7232,INR,2023-12-10,14,6,12,49,False,True,50,2023-11-26 00:00:00,False
RPR,PNQ,I5,HIST-000,Economy,13275,INR,2024-04-26,14,4,4,17,False,False,50,2024-04-12 00:00:00,False
IDR,HYD,S5,HIST-000,Economy,4917,INR,2023-10-05,14,3,10,40,False,False,50,2023-09-21 00:00:00,False
COK,VNS,I5,HIST-000,Economy,6004,INR,2024-03-14,14,3,3,11,False,False,50,2024-02-29 00:00:00,False
CCU,NAG,2T,HIST-000,Economy,3592,INR,2025-12-26,14,4,12,52,False,False,50,2025-12-12 00:00:00,False
HYD,RPR,9I,HIST-000,Economy,13607,INR,2023-04-17,14,0,4,16,False,False,50,2023-04-03 00:00:00,False
BBI,MAA,UK,HIST-000,Economy,4150,INR,2024-04-26,14,4,4,17,False,False,50,2024-04-12 00:00:00,False
RPR,PAT,I5,HIST-000,Economy,3735,INR,2024-08-21,14,2,8,34,False,False,50,2024-08-07 00:00:00,False
GOI,DEL,SG,HIST-000,Economy,5594,INR,2023-09-11,14,0,9,37,False,False,50,2023-08-28 00:00:00,False
COK,DEL,G8,HIST-000,Economy,8790,INR,2025-10-03,14,4,10,40,False,False,50,2025-09-19 00:00:00,False
GOI,MAA,SG,HIST-000,Economy,11275,INR,2024-10-24,14,3,10,43,False,False,50,2024-10-10 00:00:00,False
STV,JAI,6E,HIST-000,Economy,10096,INR,2023-11-18,14,5,11,46,False,True,50,2023-11-04 00:00:00,False
MAA,BBI,G8,HIST-000,Economy,12452,INR,2025-06-02,14,0,6,23,False,False,50,2025-05-19 00:00:00,False
PAT,BBI,S5,HIST-000,Economy,11482,INR,2023-03-10,14,4,3,10,False,False,50,2023-02-24 00:00:00,False
LKO,CCU,AI,HIST-000,Economy,8093,INR,2024-02-04,14,6,2,5,False,True,50,2024-01-21 00:00:00,False
STV,LKO,QP,HIST-000,Economy,12940,INR,2025-04-25,14,4,4,17,False,False,50,2025-04-11 00:00:00,False
PNQ,MAA,2T,HIST-000,Economy,11402,INR,2025-04-10,14,3,4,15,False,False,50,2025-03-27 00:00:00,False
VNS,DEL,6E,HIST-000,Economy,8487,INR,2023-07-28,14,4,7,30,False,False,50,2023-07-14 00:00:00,False
STV,HYD,S5,HIST-000,Economy,3421,INR,2024-08-13,14,1,8,33,False,False,50,2024-07-30 00:00:00,False
COK,HYD,S5,HIST-000,Economy,5221,INR,2025-04-05,14,5,4,14,False,True,50,2025-03-22 00:00:00,False
AMD,BOM,AI,HIST-000,Economy,5062,INR,2024-01-04,14,3,1,1,False,False,50,2023-12-21 00:00:00,False
RPR,LKO,I5,HIST-000,Economy,7152,INR,2025-10-27,14,0,10,44,False,False,50,2025-10-13 00:00:00,False
DEL,VNS,UK,HIST-000,Economy,4958,INR,2025-07-14,14,0,7,29,False,False,50,2025-06-30 00:00:00,False
DEL,CCU,S5,HIST-000,Economy,6028,INR,2025-02-11,14,1,2,7,False,False,50,2025-01-28 00:00:00,False
BOM,GOI,2T,HIST-000,Economy,12745,INR,2024-12-14,14,5,12,50,False,True,50,2024-11-30 00:00:00,False
LKO,VNS,6E,HIST-000,Economy,7763,INR,2025-08-10,14,6,8,32,False,True,50,2025-07-27 00:00:00,False
PNQ,JAI,AI,HIST-000,Economy,6965,INR,2023-06-11,14,6,6,23,False,True,50,2023-05-28 00:00:00,False
NAG,MAA,SG,HIST-000,Economy,8292,INR,2024-08-13,14,1,8,33,False,False,50,2024-07-30 00:00:00,False
GOI,BOM,S5,HIST-000,Economy,9156,INR,2023-04-08,14,5,4,14,False,True,50,2023-03-25 00:00:00,False
CCU,STV,2T,HIST-000,Economy,12658,INR,2025-04-12,14,5,4,15,False,True,50,2025-03-29 00:00:00,False
STV,NAG,I5,HIST-000,Economy,10362,INR,2023-01-05,14,3,1,1,False,False,50,2022-12-22 00:00:00,False
PNQ,LKO,6E,HIST-000,Economy,16310,INR,2025-08-25,14,0,8,35,False,False,50,2025-08-11 00:00:00,False
NAG,DEL,UK,HIST-000,Economy,7034,INR,2024-07-27,14,5,7,30,False,True,50,2024-07-13 00:00:00,False
COK,PAT,AI,HIST-000,Economy,8077,INR,2025-03-28,14,4,3,13,False,False,50,2025-03-14 00:00:00,False
NAG,PAT,S5,HIST-000,Economy,9993,INR,2025-06-13,14,4,6,24,False,False,50,2025-05-30 00:00:00,False
LKO,CCU,G8,HIST-000,Economy,3567,INR,2024-09-09,14,0,9,37,False,False,50,2024-08-26 00:00:00,False
RPR,GAU,6E,HIST-000,Economy,11988,INR,2023-01-22,14,6,1,3,False,True,50,2023-01-08 00:00:00,False
VNS,IDR,UK,HIST-000,Economy,13454,INR,2023-12-22,14,4,12,51,False,False,50,2023-12-08 00:00:00,False
NAG,AMD,S5,HIST-000,Economy,5929,INR,2023-10-09,14,0,10,41,False,False,50,2023-09-25 00:00:00,False
HYD,GAU,SG,HIST-000,Economy,13418,INR,2024-05-24,14,4,5,21,False,False,50,2024-05-10 00:00:00,False
IDR,STV,I5,HIST-000,Economy,13299,INR,2024-05-02,14,3,5,18,False,False,50,2024-04-18 00:00:00,False
BOM,IDR,UK,HIST-000,Economy,12821,INR,2024-01-24,14,2,1,4,False,False,50,2024-01-10 00:00:00,False
BOM,JAI,I5,HIST-000,Economy,6534,INR,2025-01-08,14,2,1,2,False,False,50,2024-12-25 00:00:00,False
BOM,GOI,6E,HIST-000,Economy,10711,INR,2023-03-18,14,5,3,11,False,True,50,2023-03-04 00:00:00,False
COK,GOI,UK,HIST-000,Economy,12568,INR,2025-01-13,14,0,1,3,False,False,50,2024-12-30 00:00:00,False
STV,AMD,G8,HIST-000,Economy,12681,INR,2025-09-23,14,1,9,39,False,False,50,2025-09-09 00:00:00,False
MAA,JAI,6E,HIST-000,Economy,11863,INR,2025-10-10,14,4,10,41,False,False,50,2025-09-26 00:00:00,False
PAT,GAU,UK,HIST-000,Economy,5987,INR,2024-12-11,14,2,12,50,False,False,50,2024-11-27 00:00:00,False
RPR,STV,9I,HIST-000,Economy,8020,INR,2023-07-14,14,4,7,28,False,False,50,2023-06-30 00:00:00,False
CCU,STV,QP,HIST-000,Economy,10319,INR,2025-09-07,14,6,9,36,False,True,50,2025-08-24 00:00:00,False
GOI,RPR,SG,HIST-000,Economy,6617,INR,2025-03-28,14,4,3,13,False,False,50,2025-03-14 00:00:00,False
STV,CCU,QP,HIST-000,Economy,10928,INR,2025-11-16,14,6,11,46,False,True,50,2025-11-02 00:00:00,False
HYD,PAT,QP,HIST-000,Economy,10988,INR,2025-07-04,14,4,7,27,False,False,50,2025-06-20 00:00:00,False
GOI,CCU,2T,HIST-000,Economy,11766,INR,2025-06-07,14,5,6,23,False,True,50,2025-05-24 00:00:00,False
BOM,DEL,6E,HIST-000,Economy,7966,INR,2024-08-23,14,4,8,34,False,False,50,2024-08-09 00:00:00,False
CCU,BOM,S5,HIST-000,Economy,4785,INR,2023-05-19,14,4,5,20,False,False,50,2023-05-05 00:00:00,False
JAI,COK,I5,HIST-000,Economy,9161,INR,2024-10-23,14,2,10,43,False,False,50,2024-10-09 00:00:00,False
JAI,PAT,6E,HIST-000,Economy,15493,INR,2023-08-25,14,4,8,34,False,False,50,2023-08-11 00:00:00,False
STV,BOM,QP,HIST-000,Economy,16585,INR,2024-03-27,14,2,3,13,False,False,50,2024-03-13 00:00:00,False
JAI,LKO,UK,HIST-000,Economy,6597,INR,2023-02-15,14,2,2,7,False,False,50,2023-02-01 00:00:00,False
COK,IDR,2T,HIST-000,Economy,8749,INR,2025-11-09,14,6,11,45,False,True,50,2025-10-26 00:00:00,False
BLR,JAI,S5,HIST-000,Economy,9804,INR,2025-08-22,14,4,8,34,False,False,50,2025-08-08 00:00:00,False
JAI,PAT,S5,HIST-000,Economy,12778,INR,2025-09-27,14,5,9,39,False,True,50,2025-09-13 00:00:00,False
HYD,NAG,9I,HIST-000,Economy,6107,INR,2024-05-23,14,3,5,21,False,False,50,2024-05-09 00:00:00,False
GAU,CCU,QP,HIST-000,Economy,8388,INR,2023-10-01,14,6,10,39,False,True,50,2023-09-17 00:00:00,False
MAA,RPR,9I,HIST-000,Economy,8684,INR,2024-01-13,14,5,1,2,False,True,50,2023-12-30 00:00:00,False
LKO,MAA,G8,HIST-000,Economy,8977,INR,2023-04-22,14,5,4,16,False,True,50,2023-04-08 00:00:00,False
HYD,BOM,2T,HIST-000,Economy,6664,INR,2023-02-28,14,1,2,9,False,False,50,2023-02-14 00:00:00,False
DEL,AMD,SG,HIST-000,Economy,13986,INR,2025-06-05,14,3,6,23,False,False,50,2025-05-22 00:00:00,False
NAG,BLR,S5,HIST-000,Economy,10333,INR,2025-01-22,14,2,1,4,False,False,50,2025-01-08 00:00:00,False
IDR,BOM,UK,HIST-000,Economy,2687,INR,2025-12-19,14,4,12,51,False,False,50,2025-12-05 00:00:00,False
VNS,GAU,QP,HIST-000,Economy,7163,INR,2023-03-07,14,1,3,10,False,False,50,2023-02-21 00:00:00,False
GOI,STV,UK,HIST-000,Economy,8052,INR,2025-12-17,14,2,12,51,False,False,50,2025-12-03 00:00:00,False
VNS,MAA,AI,HIST-000,Economy,10610,INR,2023-11-20,14,0,11,47,False,False,50,2023-11-06 00:00:00,False
HYD,BLR,6E,HIST-000,Economy,3812,INR,2024-11-07,14,3,11,45,False,False,50,2024-10-24 00:00:00,False
DEL,CCU,6E,HIST-000,Economy,7881,INR,2024-04-24,14,2,4,17,False,False,50,2024-04-10 00:00:00,False
IDR,JAI,6E,HIST-000,Economy,12415,INR,2024-02-17,14,5,2,7,False,True,50,2024-02-03 00:00:00,False
JAI,HYD,G8,HIST-000,Economy,9804,INR,2024-07-23,14,1,7,30,False,False,50,2024-07-09 00:00:00,False
PAT,LKO,G8,HIST-000,Economy,11478,INR,2024-04-22,14,0,4,17,False,False,50,2024-04-08 00:00:00,False
HYD,COK,UK,HIST-000,Economy,10496,INR,2025-04-17,14,3,4,16,False,False,50,2025-04-03 00:00:00,False
MAA,DEL,AI,HIST-000,Economy,3995,INR,2024-03-02,14,5,3,9,False,True,50,2024-02-17 00:00:00,False
RPR,BBI,G8,HIST-000,Economy,9494,INR,2025-06-25,14,2,6,26,False,False,50,2025-06-11 00:00:00,False
RPR,IDR,I5,HIST-000,Economy,13751,INR,2025-07-10,14,3,7,28,False,False,50,2025-06-26 00:00:00,False
DEL,COK,S5,HIST-000,Economy,10637,INR,2024-11-11,14,0,11,46,False,False,50,2024-10-28 00:00:00,False
STV,GOI,G8,HIST-000,Economy,12810,INR,2025-06-08,14,6,6,23,False,True,50,2025-05-25 00:00:00,False
AMD,COK,I5,HIST-000,Economy,10492,INR,2025-09-08,14,0,9,37,False,False,50,2025-08-25 00:00:00,False
BLR,BOM,S5,HIST-000,Economy,7233,INR,2023-10-18,14,2,10,42,False,False,50,2023-10-04 00:00:00,False
IDR,COK,6E,HIST-000,Economy,9601,INR,2024-12-26,14,3,12,52,False,False,50,2024-12-12 00:00:00,False
GOI,AMD,SG,HIST-000,Economy,8399,INR,2023-01-20,14,4,1,3,False,False,50,2023-01-06 00:00:00,False
RPR,DEL,I5,HIST-000,Economy,10371,INR,2025-06-17,14,1,6,25,False,False,50,2025-06-03 00:00:00,False
IDR,VNS,QP,HIST-000,Economy,8738,INR,2024-09-03,14,1,9,36,False,False,50,2024-08-20 00:00:00,False
MAA,STV,S5,HIST-000,Economy,11187,INR,2023-05-03,14,2,5,18,False,False,50,2023-04-19 00:00:00,False
VNS,MAA,9I,HIST-000,Economy,7826,INR,2024-05-03,14,4,5,18,False,False,50,2024-04-19 00:00:00,False
LKO,BBI,UK,HIST-000,Economy,6404,INR,2023-06-18,14,6,6,24,False,True,50,2023-06-04 00:00:00,False
JAI,NAG,2T,HIST-000,Economy,9979,INR,2025-08-15,14,4,8,33,False,False,50,2025-08-01 00:00:00,False
VNS,JAI,9I,HIST-000,Economy,9337,INR,2023-05-17,14,2,5,20,False,False,50,2023-05-03 00:00:00,False
PNQ,IDR,2T,HIST-000,Economy,14248,INR,2023-02-13,14,0,2,7,False,False,50,2023-01-30 00:00:00,False
COK,GAU,G8,HIST-000,Economy,14071,INR,2025-12-22,14,0,12,52,False,False,50,2025-12-08 00:00:00,False
GAU,VNS,9I,HIST-000,Economy,7112,INR,2024-09-01,14,6,9,35,False,True,50,2024-08-18 00:00:00,False
BLR,JAI,S5,HIST-000,Economy,8505,INR,2024-07-02,14,1,7,27,False,False,50,2024-06-18 00:00:00,False
LKO,CCU,AI,HIST-000,Economy,12041,INR,2023-02-17,14,4,2,7,False,False,50,2023-02-03 00:00:00,False
GAU,GOI,9I,HIST-000,Economy,11795,INR,2025-01-14,14,1,1,3,False,False,50,2024-12-31 00:00:00,False
GAU,COK,6E,HIST-000,Economy,14754,INR,2024-07-14,14,6,7,28,False,True,50,2024-06-30 00:00:00,False
BBI,COK,QP,HIST-000,Economy,6180,INR,2023-03-09,14,3,3,10,False,False,50,2023-02-23 00:00:00,False
PNQ,COK,I5,HIST-000,Economy,5781,INR,2025-11-16,14,6,11,46,False,True,50,2025-11-02 00:00:00,False
PAT,HYD,I5,HIST-000,Economy,11806,INR,2023-02-14,14,1,2,7,False,False,50,2023-01-31 00:00:00,False
STV,JAI,SG,HIST-000,Economy,9276,INR,2023-11-04,14,5,11,44,False,True,50,2023-10-21 00:00:00,False
GAU,RPR,I5,HIST-000,Economy,5092,INR,2025-01-12,14,6,1,2,False,True,50,2024-12-29 00:00:00,False
JAI,BOM,UK,HIST-000,Economy,3473,INR,2024-03-27,14,2,3,13,False,False,50,2024-03-13 00:00:00,False
GAU,CCU,G8,HIST-000,Economy,9148,INR,2025-09-18,14,3,9,38,False,False,50,2025-09-04 00:00:00,False
RPR,IDR,2T,HIST-000,Economy,6907,INR,2025-03-02,14,6,3,9,False,True,50,2025-02-16 00:00:00,False
VNS,BOM,6E,HIST-000,Economy,7903,INR,2025-09-08,14,0,9,37,False,False,50,2025-08-25 00:00:00,False
NAG,GOI,I5,HIST-000,Economy,11652,INR,2024-10-13,14,6,10,41,False,True,50,2024-09-29 00:00:00,False
BOM,AMD,I5,HIST-000,Economy,12549,INR,2024-02-26,14,0,2,9,False,False,50,2024-02-12 00:00:00,False
PNQ,HYD,G8,HIST-000,Economy,13804,INR,2023-09-03,14,6,9,35,False,True,50,2023-08-20 00:00:00,False
COK,VNS,G8,HIST-000,Economy,10616,INR,2025-09-24,14,2,9,39,False,False,50,2025-09-10 00:00:00,False
DEL,PAT,9I,HIST-000,Economy,9241,INR,2024-02-18,14,6,2,7,False,True,50,2024-02-04 00:00:00,False
COK,BBI,SG,HIST-000,Economy,10403,INR,2025-07-28,14,0,7,31,False,False,50,2025-07-14 00:00:00,False
MAA,STV,AI,HIST-000,Economy,6506,INR,2023-03-27,14,0,3,13,False,False,50,2023-03-13 00:00:00,False
PNQ,COK,UK,HIST-000,Economy,11768,INR,2024-06-20,14,3,6,25,False,False,50,2024-06-06 00:00:00,False
NAG,BBI,SG,HIST-000,Economy,9176,INR,2025-11-08,14,5,11,45,False,True,50,2025-10-25 00:00:00,False
PNQ,MAA,G8,HIST-000,Economy,9516,INR,2024-03-27,14,2,3,13,False,False,50,2024-03-13 00:00:00,False
HYD,RPR,2T,HIST-000,Economy,11552,INR,2024-08-04,14,6,8,31,False,True,50,2024-07-21 00:00:00,False
IDR,BLR,G8,HIST-000,Economy,5309,INR,2024-12-07,14,5,12,49,False,True,50,2024-11-23 00:00:00,False
MAA,RPR,AI,HIST-000,Economy,8810,INR,2024-09-01,14,6,9,35,False,True,50,2024-08-18 00:00:00,False
HYD,GOI,2T,HIST-000,Economy,10545,INR,2025-09-17,14,2,9,38,False,False,50,2025-09-03 00:00:00,False
JAI,NAG,AI,HIST-000,Economy,8624,INR,2023-11-09,14,3,11,45,False,False,50,2023-10-26 00:00:00,False
BLR,PNQ,QP,HIST-000,Economy,4966,INR,2025-04-11,14,4,4,15,False,False,50,2025-03-28 00:00:00,False
STV,BLR,S5,HIST-000,Economy,6655,INR,2024-05-26,14,6,5,21,False,True,50,2024-05-12 00:00:00,False
GOI,JAI,S5,HIST-000,Economy,5117,INR,2025-10-25,14,5,10,43,False,True,50,2025-10-11 00:00:00,False
BBI,LKO,UK,HIST-000,Economy,8798,INR,2024-10-24,14,3,10,43,False,False,50,2024-10-10 00:00:00,False
CCU,PAT,S5,HIST-000,Economy,8471,INR,2025-07-07,14,0,7,28,False,False,50,2025-06-23 00:00:00,False
BLR,VNS,AI,HIST-000,Economy,9158,INR,2023-03-27,14,0,3,13,False,False,50,2023-03-13 00:00:00,False
MAA,DEL,UK,HIST-000,Economy,9334,INR,2025-06-24,14,1,6,26,False,False,50,2025-06-10 00:00:00,False
GAU,NAG,SG,HIST-000,Economy,14285,INR,2024-01-19,14,4,1,3,False,False,50,2024-01-05 00:00:00,False
CCU,PNQ,QP,HIST-000,Economy,4493,INR,2024-08-17,14,5,8,33,False,True,50,2024-08-03 00:00:00,False
GOI,RPR,UK,HIST-000,Economy,6940,INR,2023-01-20,14,4,1,3,False,False,50,2023-01-06 00:00:00,False
GOI,DEL,UK,HIST-000,Economy,11630,INR,2024-06-22,14,5,6,25,False,True,50,2024-06-08 00:00:00,False
BLR,HYD,SG,HIST-000,Economy,15273,INR,2023-01-14,14,5,1,2,False,True,50,2022-12-31 00:00:00,False
JAI,NAG,6E,HIST-000,Economy,14240,INR,2024-03-27,14,2,3,13,False,False,50,2024-03-13 00:00:00,False
BOM,GOI,G8,HIST-000,Economy,12445,INR,2024-10-17,14,3,10,42,False,False,50,2024-10-03 00:00:00,False
VNS,COK,2T,HIST-000,Economy,6528,INR,2024-10-04,14,4,10,40,False,False,50,2024-09-20 00:00:00,False
GOI,BOM,2T,HIST-000,Economy,15936,INR,2025-07-12,14,5,7,28,False,True,50,2025-06-28 00:00:00,False
GOI,COK,G8,HIST-000,Economy,6370,INR,2023-05-14,14,6,5,19,False,True,50,2023-04-30 00:00:00,False
LKO,JAI,UK,HIST-000,Economy,8485,INR,2023-11-26,14,6,11,47,False,True,50,2023-11-12 00:00:00,False
PAT,AMD,I5,HIST-000,Economy,3956,INR,2025-11-10,14,0,11,46,False,False,50,2025-10-27 00:00:00,False
BLR,MAA,6E,HIST-000,Economy,8783,INR,2025-05-07,14,2,5,19,False,False,50,2025-04-23 00:00:00,False
STV,PAT,G8,HIST-000,Economy,6456,INR,2024-11-13,14,2,11,46,False,False,50,2024-10-30 00:00:00,False
IDR,GOI,AI,HIST-000,Economy,11714,INR,2023-08-03,14,3,8,31,False,False,50,2023-07-20 00:00:00,False
AMD,STV,I5,HIST-000,Economy,9717,INR,2024-10-17,14,3,10,42,False,False,50,2024-10-03 00:00:00,False
NAG,DEL,UK,HIST-000,Economy,6151,INR,2024-10-26,14,5,10,43,False,True,50,2024-10-12 00:00:00,False
STV,JAI,I5,HIST-000,Economy,6958,INR,2023-07-08,14,5,7,27,False,True,50,2023-06-24 00:00:00,False
JAI,IDR,G8,HIST-000,Economy,11434,INR,2024-07-10,14,2,7,28,False,False,50,2024-06-26 00:00:00,False
IDR,BLR,9I,HIST-000,Economy,8296,INR,2024-09-20,14,4,9,38,False,False,50,2024-09-06 00:00:00,False
PAT,GOI,SG,HIST-000,Economy,7357,INR,2025-04-04,14,4,4,14,False,False,50,2025-03-21 00:00:00,False
MAA,CCU,AI,HIST-000,Economy,9751,INR,2023-06-18,14,6,6,24,False,True,50,2023-06-04 00:00:00,False
PNQ,AMD,I5,HIST-000,Economy,9724,INR,2025-06-04,14,2,6,23,False,False,50,2025-05-21 00:00:00,False
STV,BLR,6E,HIST-000,Economy,9859,INR,2023-11-24,14,4,11,47,False,False,50,2023-11-10 00:00:00,False
PAT,PNQ,9I,HIST-000,Economy,12018,INR,2024-11-07,14,3,11,45,False,False,50,2024-10-24 00:00:00,False
STV,LKO,G8,HIST-000,Economy,11481,INR,2024-07-26,14,4,7,30,False,False,50,2024-07-12 00:00:00,False
GOI,BOM,G8,HIST-000,Economy,5220,INR,2025-02-25,14,1,2,9,False,False,50,2025-02-11 00:00:00,False
PNQ,DEL,9I,HIST-000,Economy,8555,INR,2023-12-28,14,3,12,52,False,False,50,2023-12-14 00:00:00,False
DEL,VNS,9I,HIST-000,Economy,9303,INR,2023-11-11,14,5,11,45,False,True,50,2023-10-28 00:00:00,False
NAG,BOM,6E,HIST-000,Economy,10824,INR,2023-02-05,14,6,2,5,False,True,50,2023-01-22 00:00:00,False
CCU,MAA,I5,HIST-000,Economy,13653,INR,2023-12-04,14,0,12,49,False,False,50,2023-11-20 00:00:00,False
STV,BOM,I5,HIST-000,Economy,8323,INR,2024-07-06,14,5,7,27,False,True,50,2024-06-22 00:00:00,False
BBI,RPR,SG,HIST-000,Economy,3954,INR,2023-01-27,14,4,1,4,False,False,50,2023-01-13 00:00:00,False
CCU,GAU,2T,HIST-000,Economy,11825,INR,2025-10-08,14,2,10,41,False,False,50,2025-09-24 00:00:00,False
CCU,PAT,QP,HIST-000,Economy,9930,INR,2023-01-11,14,2,1,2,False,False,50,2022-12-28 00:00:00,False
GAU,BOM,6E,HIST-000,Economy,7426,INR,2023-08-11,14,4,8,32,False,False,50,2023-07-28 00:00:00,False
GOI,JAI,AI,HIST-000,Economy,9045,INR,2023-09-23,14,5,9,38,False,True,50,2023-09-09 00:00:00,False
NAG,BLR,QP,HIST-000,Economy,8882,INR,2023-08-22,14,1,8,34,False,False,50,2023-08-08 00:00:00,False
DEL,STV,6E,HIST-000,Economy,10804,INR,2025-06-25,14,2,6,26,False,False,50,2025-06-11 00:00:00,False
NAG,HYD,6E,HIST-000,Economy,5299,INR,2023-01-12,14,3,1,2,False,False,50,2022-12-29 00:00:00,False
BLR,BOM,SG,HIST-000,Economy,3223,INR,2023-12-18,14,0,12,51,False,False,50,2023-12-04 00:00:00,False
RPR,STV,UK,HIST-000,Economy,9039,INR,2024-10-20,14,6,10,42,False,True,50,2024-10-06 00:00:00,False
HYD,NAG,9I,HIST-000,Economy,6543,INR,2023-01-12,14,3,1,2,False,False,50,2022-12-29 00:00:00,False
HYD,PAT,6E,HIST-000,Economy,7768,INR,2025-10-15,14,2,10,42,False,False,50,2025-10-01 00:00:00,False
JAI,GOI,I5,HIST-000,Economy,9856,INR,2025-08-08,14,4,8,32,False,False,50,2025-07-25 00:00:00,False
MAA,BLR,S5,HIST-000,Economy,6178,INR,2023-07-22,14,5,7,29,False,True,50,2023-07-08 00:00:00,False
AMD,BLR,I5,HIST-000,Economy,9549,INR,2024-10-10,14,3,10,41,False,False,50,2024-09-26 00:00:00,False
IDR,BBI,S5,HIST-000,Economy,6722,INR,2025-08-02,14,5,8,31,False,True,50,2025-07-19 00:00:00,False
IDR,PNQ,S5,HIST-000,Economy,5869,INR,2024-06-13,14,3,6,24,False,False,50,2024-05-30 00:00:00,False
GOI,CCU,AI,HIST-000,Economy,11527,INR,2025-09-13,14,5,9,37,False,True,50,2025-08-30 00:00:00,False
BOM,IDR,UK,HIST-000,Economy,14165,INR,2024-03-27,14,2,3,13,False,False,50,2024-03-13 00:00:00,False
BBI,PNQ,AI,HIST-000,Economy,15308,INR,2024-03-02,14,5,3,9,False,True,50,2024-02-17 00:00:00,False
BBI,DEL,UK,HIST-000,Economy,4688,INR,2023-06-24,14,5,6,25,False,True,50,2023-06-10 00:00:00,False
IDR,HYD,SG,HIST-000,Economy,13281,INR,2023-06-20,14,1,6,25,False,False,50,2023-06-06 00:00:00,False
BOM,MAA,QP,HIST-000,Economy,14099,INR,2023-08-16,14,2,8,33,False,False,50,2023-08-02 00:00:00,False
IDR,RPR,QP,HIST-000,Economy,8131,INR,2023-09-11,14,0,9,37,False,False,50,2023-08-28 00:00:00,False
BLR,PNQ,6E,HIST-000,Economy,12118,INR,2025-01-10,14,4,1,2,False,False,50,2024-12-27 00:00:00,False
DEL,GOI,9I,HIST-000,Economy,11693,INR,2023-03-10,14,4,3,10,False,False,50,2023-02-24 00:00:00,False
CCU,HYD,6E,HIST-000,Economy,10753,INR,2024-01-12,14,4,1,2,False,False,50,2023-12-29 00:00:00,False
CCU,IDR,I5,HIST-000,Economy,7272,INR,2025-06-15,14,6,6,24,False,True,50,2025-06-01 00:00:00,False
BBI,JAI,2T,HIST-000,Economy,16058,INR,2023-03-05,14,6,3,9,False,True,50,2023-02-19 00:00:00,False
DEL,BBI,QP,HIST-000,Economy,14024,INR,2025-06-17,14,1,6,25,False,False,50,2025-06-03 00:00:00,False
GOI,LKO,UK,HIST-000,Economy,9197,INR,2025-10-03,14,4,10,40,False,False,50,2025-09-19 00:00:00,False
PAT,AMD,9I,HIST-000,Economy,5672,INR,2024-05-02,14,3,5,18,False,False,50,2024-04-18 00:00:00,False
HYD,NAG,2T,HIST-000,Economy,11072,INR,2024-11-20,14,2,11,47,False,False,50,2024-11-06 00:00:00,False
GOI,AMD,AI,HIST-000,Economy,12861,INR,2025-06-27,14,4,6,26,False,False,50,2025-06-13 00:00:00,False
DEL,HYD,QP,HIST-000,Economy,6198,INR,2025-06-19,14,3,6,25,False,False,50,2025-06-05 00:00:00,False
DEL,PAT,2T,HIST-000,Economy,15765,INR,2025-02-14,14,4,2,7,False,False,50,2025-01-31 00:00:00,False
HYD,GOI,AI,HIST-000,Economy,9412,INR,2024-07-02,14,1,7,27,False,False,50,2024-06-18 00:00:00,False
GAU,VNS,UK,HIST-000,Economy,7190,INR,2025-12-19,14,4,12,51,False,False,50,2025-12-05 00:00:00,False
STV,AMD,2T,HIST-000,Economy,11361,INR,2023-05-12,14,4,5,19,False,False,50,2023-04-28 00:00:00,False
COK,RPR,SG,HIST-000,Economy,11604,INR,2024-09-02,14,0,9,36,False,False,50,2024-08-19 00:00:00,False
NAG,COK,6E,HIST-000,Economy,9175,INR,2023-03-17,14,4,3,11,False,False,50,2023-03-03 00:00:00,False
BLR,BOM,I5,HIST-000,Economy,6072,INR,2024-01-18,14,3,1,3,False,False,50,2024-01-04 00:00:00,False
NAG,BBI,QP,HIST-000,Economy,14767,INR,2025-03-20,14,3,3,12,False,False,50,2025-03-06 00:00:00,False
PNQ,IDR,SG,HIST-000,Economy,4718,INR,2025-10-26,14,6,10,43,False,True,50,2025-10-12 00:00:00,False
PNQ,NAG,UK,HIST-000,Economy,8551,INR,2025-02-07,14,4,2,6,False,False,50,2025-01-24 00:00:00,False
HYD,PAT,2T,HIST-000,Economy,9119,INR,2023-10-22,14,6,10,42,False,True,50,2023-10-08 00:00:00,False
AMD,DEL,6E,HIST-000,Economy,4329,INR,2024-05-09,14,3,5,19,False,False,50,2024-04-25 00:00:00,False
MAA,LKO,QP,HIST-000,Economy,10071,INR,2023-04-21,14,4,4,16,False,False,50,2023-04-07 00:00:00,False
GOI,NAG,2T,HIST-000,Economy,12324,INR,2024-10-01,14,1,10,40,False,False,50,2024-09-17 00:00:00,False
COK,LKO,QP,HIST-000,Economy,5884,INR,2023-03-17,14,4,3,11,False,False,50,2023-03-03 00:00:00,False
VNS,BBI,S5,HIST-000,Economy,9571,INR,2023-09-17,14,6,9,37,False,True,50,2023-09-03 00:00:00,False
BOM,BBI,UK,HIST-000,Economy,16536,INR,2025-08-23,14,5,8,34,False,True,50,2025-08-09 00:00:00,False
BOM,HYD,S5,HIST-000,Economy,8134,INR,2024-05-01,14,2,5,18,False,False,50,2024-04-17 00:00:00,False
BLR,GAU,9I,HIST-000,Economy,7752,INR,2025-03-15,14,5,3,11,False,True,50,2025-03-01 00:00:00,False
JAI,STV,SG,HIST-000,Economy,11884,INR,2025-08-06,14,2,8,32,False,False,50,2025-07-23 00:00:00,False
BBI,GOI,6E,HIST-000,Economy,4648,INR,2024-05-18,14,5,5,20,False,True,50,2024-05-04 00:00:00,False
IDR,BLR,UK,HIST-000,Economy,6407,INR,2023-12-16,14,5,12,50,False,True,50,2023-12-02 00:00:00,False
LKO,PAT,QP,HIST-000,Economy,5138,INR,2023-12-19,14,1,12,51,False,False,50,2023-12-05 00:00:00,False
AMD,IDR,I5,HIST-000,Economy,10989,INR,2024-05-15,14,2,5,20,False,False,50,2024-05-01 00:00:00,False
COK,PNQ,AI,HIST-000,Economy,4624,INR,2024-01-14,14,6,1,2,False,True,50,2023-12-31 00:00:00,False
AMD,LKO,S5,HIST-000,Economy,9996,INR,2023-05-03,14,2,5,18,False,False,50,2023-04-19 00:00:00,False
JAI,GAU,9I,HIST-000,Economy,10850,INR,2024-07-15,14,0,7,29,False,False,50,2024-07-01 00:00:00,False
PAT,JAI,S5,HIST-000,Economy,13024,INR,2025-01-25,14,5,1,4,False,True,50,2025-01-11 00:00:00,False
AMD,GAU,I5,HIST-000,Economy,6115,INR,2025-01-20,14,0,1,4,False,False,50,2025-01-06 00:00:00,False
GOI,HYD,2T,HIST-000,Economy,12159,INR,2024-03-22,14,4,3,12,False,False,50,2024-03-08 00:00:00,False
STV,BBI,6E,HIST-000,Economy,14791,INR,2024-08-13,14,1,8,33,False,False,50,2024-07-30 00:00:00,False
IDR,MAA,QP,HIST-000,Economy,3842,INR,2023-09-05,14,1,9,36,False,False,50,2023-08-22 00:00:00,False
GAU,IDR,9I,HIST-000,Economy,14718,INR,2025-09-19,14,4,9,38,False,False,50,2025-09-05 00:00:00,False
AMD,BOM,UK,HIST-000,Economy,9820,INR,2025-05-10,14,5,5,19,False,True,50,2025-04-26 00:00:00,False
PNQ,NAG,I5,HIST-000,Economy,4524,INR,2023-02-09,14,3,2,6,False,False,50,2023-01-26 00:00:00,False
DEL,STV,I5,HIST-000,Economy,9192,INR,2023-01-25,14,2,1,4,False,False,50,2023-01-11 00:00:00,False
HYD,AMD,AI,HIST-000,Economy,11786,INR,2025-09-13,14,5,9,37,False,True,50,2025-08-30 00:00:00,False
GOI,PAT,9I,HIST-000,Economy,9415,INR,2025-09-17,14,2,9,38,False,False,50,2025-09-03 00:00:00,False
HYD,COK,9I,HIST-000,Economy,7986,INR,2024-02-14,14,2,2,7,False,False,50,2024-01-31 00:00:00,False
IDR,CCU,9I,HIST-000,Economy,8209,INR,2024-09-19,14,3,9,38,False,False,50,2024-09-05 00:00:00,False
MAA,RPR,AI,HIST-000,Economy,4252,INR,2025-07-28,14,0,7,31,False,False,50,2025-07-14 00:00:00,False
JAI,VNS,6E,HIST-000,Economy,10807,INR,2024-04-24,14,2,4,17,False,False,50,2024-04-10 00:00:00,False
GAU,JAI,9I,HIST-000,Economy,2958,INR,2024-04-26,14,4,4,17,False,False,50,2024-04-12 00:00:00,False
DEL,LKO,QP,HIST-000,Economy,5508,INR,2023-12-18,14,0,12,51,False,False,50,2023-12-04 00:00:00,False
JAI,RPR,QP,HIST-000,Economy,16325,INR,2024-04-24,14,2,4,17,False,False,50,2024-04-10 00:00:00,False
LKO,PNQ,S5,HIST-000,Economy,4054,INR,2024-06-21,14,4,6,25,False,False,50,2024-06-07 00:00:00,False
RPR,HYD,G8,HIST-000,Economy,13442,INR,2025-12-05,14,4,12,49,False,False,50,2025-11-21 00:00:00,False
BLR,PAT,UK,HIST-000,Economy,11703,INR,2025-05-13,14,1,5,20,False,False,50,2025-04-29 00:00:00,False
GOI,PAT,9I,HIST-000,Economy,7430,INR,2024-06-05,14,2,6,23,False,False,50,2024-05-22 00:00:00,False
COK,BLR,6E,HIST-000,Economy,11604,INR,2023-12-20,14,2,12,51,False,False,50,2023-12-06 00:00:00,False
BLR,BOM,QP,HIST-000,Economy,6042,INR,2024-05-13,14,0,5,20,False,False,50,2024-04-29 00:00:00,False
CCU,BOM,I5,HIST-000,Economy,10865,INR,2023-08-21,14,0,8,34,False,False,50,2023-08-07 00:00:00,False
VNS,COK,9I,HIST-000,Economy,15720,INR,2025-05-24,14,5,5,21,False,True,50,2025-05-10 00:00:00,False
JAI,STV,AI,HIST-000,Economy,5519,INR,2025-10-03,14,4,10,40,False,False,50,2025-09-19 00:00:00,False
MAA,NAG,UK,HIST-000,Economy,12444,INR,2024-07-02,14,1,7,27,False,False,50,2024-06-18 00:00:00,False
PAT,BOM,G8,HIST-000,Economy,8640,INR,2024-10-18,14,4,10,42,False,False,50,2024-10-04 00:00:00,False
CCU,JAI,2T,HIST-000,Economy,13203,INR,2023-03-01,14,2,3,9,False,False,50,2023-02-15 00:00:00,False
JAI,CCU,G8,HIST-000,Economy,9114,INR,2023-11-07,14,1,11,45,False,False,50,2023-10-24 00:00:00,False
NAG,PAT,G8,HIST-000,Economy,6173,INR,2023-03-06,14,0,3,10,False,False,50,2023-02-20 00:00:00,False
COK,LKO,AI,HIST-000,Economy,13886,INR,2024-03-25,14,0,3,13,False,False,50,2024-03-11 00:00:00,False
GAU,PNQ,I5,HIST-000,Economy,11019,INR,2023-08-23,14,2,8,34,False,False,50,2023-08-09 00:00:00,False
CCU,LKO,I5,HIST-000,Economy,11316,INR,2024-01-18,14,3,1,3,False,False,50,2024-01-04 00:00:00,False
BBI,HYD,I5,HIST-000,Economy,6585,INR,2025-07-24,14,3,7,30,False,False,50,2025-07-10 00:00:00,False
PAT,HYD,S5,HIST-000,Economy,11134,INR,2025-12-10,14,2,12,50,False,False,50,2025-11-26 00:00:00,False
VNS,MAA,2T,HIST-000,Economy,5485,INR,2024-06-21,14,4,6,25,False,False,50,2024-06-07 00:00:00,False
MAA,HYD,9I,HIST-000,Economy,8631,INR,2025-07-15,14,1,7,29,False,False,50,2025-07-01 00:00:00,False
JAI,BOM,S5,HIST-000,Economy,7948,INR,2023-08-20,14,6,8,33,False,True,50,2023-08-06 00:00:00,False
IDR,AMD,UK,HIST-000,Economy,6922,INR,2023-12-01,14,4,12,48,False,False,50,2023-11-17 00:00:00,False
BLR,BOM,I5,HIST-000,Economy,12366,INR,2023-05-14,14,6,5,19,False,True,50,2023-04-30 00:00:00,False
DEL,GOI,2T,HIST-000,Economy,12463,INR,2024-04-18,14,3,4,16,False,False,50,2024-04-04 00:00:00,False
CCU,STV,2T,HIST-000,Economy,8775,INR,2024-03-21,14,3,3,12,False,False,50,2024-03-07 00:00:00,False
PAT,PNQ,6E,HIST-000,Economy,12581,INR,2023-09-14,14,3,9,37,False,False,50,2023-08-31 00:00:00,False
MAA,NAG,QP,HIST-000,Economy,7451,INR,2025-04-16,14,2,4,16,False,False,50,2025-04-02 00:00:00,False
GAU,RPR,G8,HIST-000,Economy,8834,INR,2025-08-11,14,0,8,33,False,False,50,2025-07-28 00:00:00,False
HYD,PAT,6E,HIST-000,Economy,6182,INR,2025-12-12,14,4,12,50,False,False,50,2025-11-28 00:00:00,False
BOM,BBI,2T,HIST-000,Economy,11581,INR,2023-02-27,14,0,2,9,False,False,50,2023-02-13 00:00:00,False
BBI,BLR,6E,HIST-000,Economy,12248,INR,2025-09-02,14,1,9,36,False,False,50,2025-08-19 00:00:00,False
JAI,NAG,S5,HIST-000,Economy,7458,INR,2024-08-13,14,1,8,33,False,False,50,2024-07-30 00:00:00,False
PAT,COK,AI,HIST-000,Economy,10038,INR,2024-12-13,14,4,12,50,False,False,50,2024-11-29 00:00:00,False
VNS,DEL,AI,HIST-000,Economy,3405,INR,2025-09-06,14,5,9,36,False,True,50,2025-08-23 00:00:00,False
HYD,PAT,S5,HIST-000,Economy,7439,INR,2024-04-17,14,2,4,16,False,False,50,2024-04-03 00:00:00,False
BBI,PAT,UK,HIST-000,Economy,10591,INR,2025-09-13,14,5,9,37,False,True,50,2025-08-30 00:00:00,False
PAT,STV,6E,HIST-000,Economy,13101,INR,2025-12-13,14,5,12,50,False,True,50,2025-11-29 00:00:00,False
HYD,LKO,G8,HIST-000,Economy,8188,INR,2024-02-02,14,4,2,5,False,False,50,2024-01-19 00:00:00,False
MAA,BOM,I5,HIST-000,Economy,4553,INR,2023-04-11,14,1,4,15,False,False,50,2023-03-28 00:00:00,False
AMD,BBI,6E,HIST-000,Economy,6633,INR,2024-07-04,14,3,7,27,False,False,50,2024-06-20 00:00:00,False
RPR,STV,S5,HIST-000,Economy,9421,INR,2024-09-05,14,3,9,36,False,False,50,2024-08-22 00:00:00,False
VNS,STV,9I,HIST-000,Economy,6492,INR,2025-05-15,14,3,5,20,False,False,50,2025-05-01 00:00:00,False
PAT,COK,QP,HIST-000,Economy,7762,INR,2025-01-27,14,0,1,5,False,False,50,2025-01-13 00:00:00,False
COK,NAG,AI,HIST-000,Economy,6482,INR,2024-12-06,14,4,12,49,False,False,50,2024-11-22 00:00:00,False
COK,PAT,9I,HIST-000,Economy,11050,INR,2024-01-25,14,3,1,4,False,False,50,2024-01-11 00:00:00,False
RPR,PNQ,I5,HIST-000,Economy,8860,INR,2025-05-18,14,6,5,20,False,True,50,2025-05-04 00:00:00,False
NAG,PNQ,AI,HIST-000,Economy,3166,INR,2023-02-08,14,2,2,6,False,False,50,2023-01-25 00:00:00,False
GOI,IDR,I5,HIST-000,Economy,9579,INR,2023-01-05,14,3,1,1,False,False,50,2022-12-22 00:00:00,False
PAT,BBI,UK,HIST-000,Economy,8935,INR,2024-12-27,14,4,12,52,False,False,50,2024-12-13 00:00:00,False
HYD,GAU,6E,HIST-000,Economy,10716,INR,2023-11-18,14,5,11,46,False,True,50,2023-11-04 00:00:00,False
BOM,GAU,S5,HIST-000,Economy,6938,INR,2025-06-15,14,6,6,24,False,True,50,2025-06-01 00:00:00,False
NAG,DEL,QP,HIST-000,Economy,13375,INR,2025-09-25,14,3,9,39,False,False,50,2025-09-11 00:00:00,False
BBI,BOM,2T,HIST-000,Economy,7381,INR,2025-08-28,14,3,8,35,False,False,50,2025-08-14 00:00:00,False
GOI,PNQ,G8,HIST-000,Economy,13005,INR,2024-08-22,14,3,8,34,False,False,50,2024-08-08 00:00:00,False
MAA,BOM,6E,HIST-000,Economy,2815,INR,2024-02-14,14,2,2,7,False,False,50,2024-01-31 00:00:00,False
BBI,AMD,AI,HIST-000,Economy,13059,INR,2025-08-12,14,1,8,33,False,False,50,2025-07-29 00:00:00,False
JAI,DEL,S5,HIST-000,Economy,14073,INR,2024-04-07,14,6,4,14,False,True,50,2024-03-24 00:00:00,False
DEL,JAI,AI,HIST-000,Economy,3487,INR,2025-01-11,14,5,1,2,False,True,50,2024-12-28 00:00:00,False
BOM,JAI,I5,HIST-000,Economy,5866,INR,2023-06-18,14,6,6,24,False,True,50,2023-06-04 00:00:00,False
GAU,JAI,AI,HIST-000,Economy,11360,INR,2024-01-20,14,5,1,3,False,True,50,2024-01-06 00:00:00,False
COK,AMD,SG,HIST-000,Economy,8367,INR,2025-09-08,14,0,9,37,False,False,50,2025-08-25 00:00:00,False
IDR,VNS,QP,HIST-000,Economy,8089,INR,2025-07-03,14,3,7,27,False,False,50,2025-06-19 00:00:00,False
BLR,VNS,6E,HIST-000,Economy,6827,INR,2024-02-27,14,1,2,9,False,False,50,2024-02-13 00:00:00,False
CCU,LKO,AI,HIST-000,Economy,13910,INR,2025-03-23,14,6,3,12,False,True,50,2025-03-09 00:00:00,False
MAA,HYD,UK,HIST-000,Economy,11599,INR,2023-07-02,14,6,7,26,False,True,50,2023-06-18 00:00:00,False
GOI,GAU,9I,HIST-000,Economy,10721,INR,2024-06-13,14,3,6,24,False,False,50,2024-05-30 00:00:00,False
COK,STV,I5,HIST-000,Economy,4952,INR,2025-10-27,14,0,10,44,False,False,50,2025-10-13 00:00:00,False
IDR,HYD,QP,HIST-000,Economy,10564,INR,2025-09-11,14,3,9,37,False,False,50,2025-08-28 00:00:00,False
VNS,COK,S5,HIST-000,Economy,8554,INR,2024-12-08,14,6,12,49,False,True,50,2024-11-24 00:00:00,False
HYD,GAU,6E,HIST-000,Economy,7304,INR,2024-09-12,14,3,9,37,False,False,50,2024-08-29 00:00:00,False
RPR,CCU,S5,HIST-000,Economy,9588,INR,2024-10-14,14,0,10,42,False,False,50,2024-09-30 00:00:00,False
JAI,AMD,SG,HIST-000,Economy,16200,INR,2023-12-06,14,2,12,49,False,False,50,2023-11-22 00:00:00,False
MAA,LKO,S5,HIST-000,Economy,14749,INR,2025-07-18,14,4,7,29,False,False,50,2025-07-04 00:00:00,False
RPR,STV,9I,HIST-000,Economy,6934,INR,2024-10-17,14,3,10,42,False,False,50,2024-10-03 00:00:00,False
PNQ,JAI,QP,HIST-000,Economy,8168,INR,2023-12-04,14,0,12,49,False,False,50,2023-11-20 00:00:00,False
BOM,BBI,UK,HIST-000,Economy,13237,INR,2023-01-28,14,5,1,4,False,True,50,2023-01-14 00:00:00,False
PNQ,VNS,2T,HIST-000,Economy,8719,INR,2024-02-28,14,2,2,9,False,False,50,2024-02-14 00:00:00,False
LKO,GOI,9I,HIST-000,Economy,5373,INR,2024-10-16,14,2,10,42,False,False,50,2024-10-02 00:00:00,False
COK,PNQ,6E,HIST-000,Economy,2986,INR,2025-02-01,14,5,2,5,False,True,50,2025-01-18 00:00:00,False
AMD,DEL,SG,HIST-000,Economy,10156,INR,2024-05-16,14,3,5,20,False,False,50,2024-05-02 00:00:00,False
BOM,AMD,UK,HIST-000,Economy,4154,INR,2025-07-18,14,4,7,29,False,False,50,2025-07-04 00:00:00,False
BLR,NAG,AI,HIST-000,Economy,7757,INR,2024-07-15,14,0,7,29,False,False,50,2024-07-01 00:00:00,False
VNS,MAA,UK,HIST-000,Economy,6871,INR,2023-04-19,14,2,4,16,False,False,50,2023-04-05 00:00:00,False
GOI,COK,QP,HIST-000,Economy,5506,INR,2025-10-19,14,6,10,42,False,True,50,2025-10-05 00:00:00,False
RPR,GAU,S5,HIST-000,Economy,12558,INR,2024-11-18,14,0,11,47,False,False,50,2024-11-04 00:00:00,False
BBI,PNQ,SG,HIST-000,Economy,13379,INR,2024-08-09,14,4,8,32,False,False,50,2024-07-26 00:00:00,False
AMD,NAG,2T,HIST-000,Economy,8814,INR,2025-01-01,14,2,1,1,False,False,50,2024-12-18 00:00:00,False
GOI,COK,I5,HIST-000,Economy,8150,INR,2024-05-07,14,1,5,19,False,False,50,2024-04-23 00:00:00,False
STV,NAG,SG,HIST-000,Economy,11188,INR,2023-10-08,14,6,10,40,False,True,50,2023-09-24 00:00:00,False
HYD,COK,UK,HIST-000,Economy,11638,INR,2024-12-02,14,0,12,49,False,False,50,2024-11-18 00:00:00,False
PAT,GOI,2T,HIST-000,Economy,12499,INR,2023-04-11,14,1,4,15,False,False,50,2023-03-28 00:00:00,False
IDR,GAU,S5,HIST-000,Economy,6532,INR,2025-09-21,14,6,9,38,False,True,50,2025-09-07 00:00:00,False
IDR,GOI,6E,HIST-000,Economy,2821,INR,2025-11-20,14,3,11,47,False,False,50,2025-11-06 00:00:00,False
BBI,VNS,S5,HIST-000,Economy,9745,INR,2025-10-11,14,5,10,41,False,True,50,2025-09-27 00:00:00,False
MAA,BBI,G8,HIST-000,Economy,8293,INR,2023-03-28,14,1,3,13,False,False,50,2023-03-14 00:00:00,False
NAG,PAT,I5,HIST-000,Economy,5219,INR,2023-02-07,14,1,2,6,False,False,50,2023-01-24 00:00:00,False
HYD,JAI,S5,HIST-000,Economy,10424,INR,2024-10-21,14,0,10,43,False,False,50,2024-10-07 00:00:00,False
VNS,BLR,S5,HIST-000,Economy,2568,INR,2025-01-20,14,0,1,4,False,False,50,2025-01-06 00:00:00,False
DEL,GOI,AI,HIST-000,Economy,6827,INR,2023-11-24,14,4,11,47,False,False,50,2023-11-10 00:00:00,False
BBI,VNS,UK,HIST-000,Economy,14066,INR,2025-10-28,14,1,10,44,False,False,50,2025-10-14 00:00:00,False
BOM,AMD,QP,HIST-000,Economy,5900,INR,2025-01-16,14,3,1,3,False,False,50,2025-01-02 00:00:00,False
VNS,PNQ,AI,HIST-000,Economy,7017,INR,2025-09-06,14,5,9,36,False,True,50,2025-08-23 00:00:00,False
PAT,JAI,G8,HIST-000,Economy,5516,INR,2023-11-01,14,2,11,44,False,False,50,2023-10-18 00:00:00,False
BOM,DEL,I5,HIST-000,Economy,12466,INR,2025-08-01,14,4,8,31,False,False,50,2025-07-18 00:00:00,False
BOM,NAG,6E,HIST-000,Economy,10560,INR,2025-01-24,14,4,1,4,False,False,50,2025-01-10 00:00:00,False
AMD,LKO,AI,HIST-000,Economy,10883,INR,2024-05-08,14,2,5,19,False,False,50,2024-04-24 00:00:00,False
JAI,HYD,2T,HIST-000,Economy,13767,INR,2024-01-19,14,4,1,3,False,False,50,2024-01-05 00:00:00,False
BOM,COK,AI,HIST-000,Economy,6301,INR,2025-03-09,14,6,3,10,False,True,50,2025-02-23 00:00:00,False
JAI,BOM,QP,HIST-000,Economy,9466,INR,2024-06-01,14,5,6,22,False,True,50,2024-05-18 00:00:00,False
CCU,GOI,SG,HIST-000,Economy,14278,INR,2023-09-14,14,3,9,37,False,False,50,2023-08-31 00:00:00,False
GOI,JAI,G8,HIST-000,Economy,8894,INR,2023-10-19,14,3,10,42,False,False,50,2023-10-05 00:00:00,False
CCU,GAU,QP,HIST-000,Economy,6568,INR,2025-09-15,14,0,9,38,False,False,50,2025-09-01 00:00:00,False
AMD,PAT,2T,HIST-000,Economy,8200,INR,2024-12-23,14,0,12,52,False,False,50,2024-12-09 00:00:00,False
HYD,PAT,G8,HIST-000,Economy,11173,INR,2025-04-27,14,6,4,17,False,True,50,2025-04-13 00:00:00,False
STV,JAI,SG,HIST-000,Economy,7516,INR,2024-06-27,14,3,6,26,False,False,50,2024-06-13 00:00:00,False
BLR,PAT,S5,HIST-000,Economy,17046,INR,2025-08-12,14,1,8,33,False,False,50,2025-07-29 00:00:00,False
RPR,CCU,SG,HIST-000,Economy,8634,INR,2023-12-21,14,3,12,51,False,False,50,2023-12-07 00:00:00,False
BOM,NAG,G8,HIST-000,Economy,15392,INR,2023-07-21,14,4,7,29,False,False,50,2023-07-07 00:00:00,False
PNQ,BLR,9I,HIST-000,Economy,11504,INR,2025-04-27,14,6,4,17,False,True,50,2025-04-13 00:00:00,False
BBI,GAU,G8,HIST-000,Economy,8786,INR,2024-09-09,14,0,9,37,False,False,50,2024-08-26 00:00:00,False
BBI,VNS,9I,HIST-000,Economy,8091,INR,2024-11-22,14,4,11,47,False,False,50,2024-11-08 00:00:00,False
DEL,STV,G8,HIST-000,Economy,6846,INR,2024-02-07,14,2,2,6,False,False,50,2024-01-24 00:00:00,False
PNQ,PAT,S5,HIST-000,Economy,13507,INR,2023-04-20,14,3,4,16,False,False,50,2023-04-06 00:00:00,False
RPR,BBI,6E,HIST-000,Economy,6780,INR,2025-08-15,14,4,8,33,False,False,50,2025-08-01 00:00:00,False
GOI,CCU,AI,HIST-000,Economy,3468,INR,2023-12-17,14,6,12,50,False,True,50,2023-12-03 00:00:00,False
STV,COK,9I,HIST-000,Economy,7637,INR,2023-02-26,14,6,2,8,False,True,50,2023-02-12 00:00:00,False
STV,HYD,QP,HIST-000,Economy,3328,INR,2024-04-18,14,3,4,16,False,False,50,2024-04-04 00:00:00,False
LKO,HYD,AI,HIST-000,Economy,16386,INR,2023-08-28,14,0,8,35,False,False,50,2023-08-14 00:00:00,False
GAU,JAI,QP,HIST-000,Economy,13502,INR,2025-06-01,14,6,6,22,False,True,50,2025-05-18 00:00:00,False
GAU,CCU,I5,HIST-000,Economy,2813,INR,2024-06-23,14,6,6,25,False,True,50,2024-06-09 00:00:00,False
BBI,AMD,AI,HIST-000,Economy,8874,INR,2025-01-12,14,6,1,2,False,True,50,2024-12-29 00:00:00,False
PNQ,HYD,SG,HIST-000,Economy,9826,INR,2023-11-20,14,0,11,47,False,False,50,2023-11-06 00:00:00,False
NAG,BBI,AI,HIST-000,Economy,13772,INR,2025-06-05,14,3,6,23,False,False,50,2025-05-22 00:00:00,False
BLR,LKO,AI,HIST-000,Economy,8276,INR,2023-09-23,14,5,9,38,False,True,50,2023-09-09 00:00:00,False
CCU,PNQ,AI,HIST-000,Economy,14063,INR,2025-11-20,14,3,11,47,False,False,50,2025-11-06 00:00:00,False
BBI,BOM,QP,HIST-000,Economy,14832,INR,2025-01-20,14,0,1,4,False,False,50,2025-01-06 00:00:00,False
NAG,LKO,6E,HIST-000,Economy,8909,INR,2025-08-14,14,3,8,33,False,False,50,2025-07-31 00:00:00,False
GAU,CCU,SG,HIST-000,Economy,7713,INR,2024-08-12,14,0,8,33,False,False,50,2024-07-29 00:00:00,False
BBI,DEL,6E,HIST-000,Economy,12441,INR,2024-05-22,14,2,5,21,False,False,50,2024-05-08 00:00:00,False
NAG,DEL,QP,HIST-000,Economy,6441,INR,2025-12-10,14,2,12,50,False,False,50,2025-11-26 00:00:00,False
IDR,NAG,6E,HIST-000,Economy,10740,INR,2024-07-22,14,0,7,30,False,False,50,2024-07-08 00:00:00,False
HYD,COK,G8,HIST-000,Economy,4999,INR,2025-11-28,14,4,11,48,False,False,50,2025-11-14 00:00:00,False
IDR,DEL,SG,HIST-000,Economy,5418,INR,2024-10-14,14,0,10,42,False,False,50,2024-09-30 00:00:00,False
BLR,LKO,9I,HIST-000,Economy,12791,INR,2023-05-03,14,2,5,18,False,False,50,2023-04-19 00:00:00,False
GAU,AMD,UK,HIST-000,Economy,10626,INR,2025-02-06,14,3,2,6,False,False,50,2025-01-23 00:00:00,False
BLR,HYD,QP,HIST-000,Economy,10448,INR,2024-03-24,14,6,3,12,False,True,50,2024-03-10 00:00:00,False
NAG,BBI,AI,HIST-000,Economy,2736,INR,2024-10-05,14,5,10,40,False,True,50,2024-09-21 00:00:00,False
PNQ,HYD,QP,HIST-000,Economy,7230,INR,2025-07-20,14,6,7,29,False,True,50,2025-07-06 00:00:00,False
BBI,BOM,2T,HIST-000,Economy,8594,INR,2024-05-10,14,4,5,19,False,False,50,2024-04-26 00:00:00,False
PNQ,LKO,QP,HIST-000,Economy,10088,INR,2025-04-13,14,6,4,15,False,True,50,2025-03-30 00:00:00,False
AMD,PNQ,9I,HIST-000,Economy,4548,INR,2025-05-15,14,3,5,20,False,False,50,2025-05-01 00:00:00,False
GOI,BLR,UK,HIST-000,Economy,6262,INR,2023-05-04,14,3,5,18,False,False,50,2023-04-20 00:00:00,False
PNQ,LKO,QP,HIST-000,Economy,5714,INR,2025-05-15,14,3,5,20,False,False,50,2025-05-01 00:00:00,False
GAU,IDR,UK,HIST-000,Economy,9497,INR,2024-08-09,14,4,8,32,False,False,50,2024-07-26 00:00:00,False
PNQ,IDR,AI,HIST-000,Economy,4545,INR,2024-11-08,14,4,11,45,False,False,50,2024-10-25 00:00:00,False
CCU,MAA,9I,HIST-000,Economy,13796,INR,2023-06-25,14,6,6,25,False,True,50,2023-06-11 00:00:00,False
VNS,BLR,9I,HIST-000,Economy,7331,INR,2023-06-08,14,3,6,23,False,False,50,2023-05-25 00:00:00,False
NAG,IDR,SG,HIST-000,Economy,10916,INR,2024-02-04,14,6,2,5,False,True,50,2024-01-21 00:00:00,False
GOI,RPR,S5,HIST-000,Economy,7353,INR,2025-05-06,14,1,5,19,False,False,50,2025-04-22 00:00:00,False
RPR,PNQ,QP,HIST-000,Economy,14858,INR,2024-09-23,14,0,9,39,False,False,50,2024-09-09 00:00:00,False
DEL,HYD,UK,HIST-000,Economy,8512,INR,2025-12-01,14,0,12,49,False,False,50,2025-11-17 00:00:00,False
BOM,RPR,QP,HIST-000,Economy,8236,INR,2023-02-27,14,0,2,9,False,False,50,2023-02-13 00:00:00,False
HYD,STV,UK,HIST-000,Economy,7173,INR,2025-01-11,14,5,1,2,False,True,50,2024-12-28 00:00:00,False
JAI,BLR,G8,HIST-000,Economy,6494,INR,2023-01-26,14,3,1,4,False,False,50,2023-01-12 00:00:00,False
GAU,COK,6E,HIST-000,Economy,13645,INR,2023-06-15,14,3,6,24,False,False,50,2023-06-01 00:00:00,False
GAU,PAT,G8,HIST-000,Economy,7561,INR,2025-12-10,14,2,12,50,False,False,50,2025-11-26 00:00:00,False
NAG,IDR,6E,HIST-000,Economy,11485,INR,2024-11-24,14,6,11,47,False,True,50,2024-11-10 00:00:00,False
JAI,BOM,SG,HIST-000,Economy,8528,INR,2023-09-01,14,4,9,35,False,False,50,2023-08-18 00:00:00,False
CCU,LKO,G8,HIST-000,Economy,6688,INR,2025-01-17,14,4,1,3,False,False,50,2025-01-03 00:00:00,False
GAU,GOI,2T,HIST-000,Economy,4264,INR,2024-03-04,14,0,3,10,False,False,50,2024-02-19 00:00:00,False
BLR,GAU,S5,HIST-000,Economy,9517,INR,2025-04-19,14,5,4,16,False,True,50,2025-04-05 00:00:00,False
LKO,MAA,9I,HIST-000,Economy,5940,INR,2024-02-16,14,4,2,7,False,False,50,2024-02-02 00:00:00,False
BLR,VNS,AI,HIST-000,Economy,8422,INR,2025-08-07,14,3,8,32,False,False,50,2025-07-24 00:00:00,False
HYD,IDR,AI,HIST-000,Economy,8759,INR,2024-10-07,14,0,10,41,False,False,50,2024-09-23 00:00:00,False
PAT,VNS,6E,HIST-000,Economy,12483,INR,2023-11-01,14,2,11,44,False,False,50,2023-10-18 00:00:00,False
GOI,PNQ,SG,HIST-000,Economy,8565,INR,2025-01-08,14,2,1,2,False,False,50,2024-12-25 00:00:00,False
DEL,MAA,SG,HIST-000,Economy,9340,INR,2025-06-28,14,5,6,26,False,True,50,2025-06-14 00:00:00,False
BLR,JAI,QP,HIST-000,Economy,15384,INR,2023-12-03,14,6,12,48,False,True,50,2023-11-19 00:00:00,False
BOM,GAU,G8,HIST-000,Economy,7325,INR,2024-06-13,14,3,6,24,False,False,50,2024-05-30 00:00:00,False
MAA,PAT,G8,HIST-000,Economy,12281,INR,2025-01-16,14,3,1,3,False,False,50,2025-01-02 00:00:00,False
LKO,GAU,9I,HIST-000,Economy,9210,INR,2023-05-06,14,5,5,18,False,True,50,2023-04-22 00:00:00,False
VNS,DEL,S5,HIST-000,Economy,10543,INR,2025-01-17,14,4,1,3,False,False,50,2025-01-03 00:00:00,False
BOM,JAI,AI,HIST-000,Economy,13350,INR,2025-11-06,14,3,11,45,False,False,50,2025-10-23 00:00:00,False
PAT,STV,S5,HIST-000,Economy,7020,INR,2024-12-24,14,1,12,52,False,False,50,2024-12-10 00:00:00,False
VNS,STV,I5,HIST-000,Economy,9475,INR,2025-02-09,14,6,2,6,False,True,50,2025-01-26 00:00:00,False
VNS,HYD,9I,HIST-000,Economy,8886,INR,2025-11-04,14,1,11,45,False,False,50,2025-10-21 00:00:00,False
GAU,COK,6E,HIST-000,Economy,8632,INR,2024-03-03,14,6,3,9,False,True,50,2024-02-18 00:00:00,False
HYD,PAT,SG,HIST-000,Economy,10997,INR,2023-07-23,14,6,7,29,False,True,50,2023-07-09 00:00:00,False
PNQ,HYD,UK,HIST-000,Economy,15369,INR,2024-12-13,14,4,12,50,False,False,50,2024-11-29 00:00:00,False
AMD,GOI,2T,HIST-000,Economy,14255,INR,2024-04-14,14,6,4,15,False,True,50,2024-03-31 00:00:00,False
PNQ,GAU,AI,HIST-000,Economy,9893,INR,2025-02-01,14,5,2,5,False,True,50,2025-01-18 00:00:00,False
BBI,RPR,AI,HIST-000,Economy,9102,INR,2023-05-28,14,6,5,21,False,True,50,2023-05-14 00:00:00,False
VNS,PAT,S5,HIST-000,Economy,8429,INR,2023-02-09,14,3,2,6,False,False,50,2023-01-26 00:00:00,False
RPR,COK,QP,HIST-000,Economy,11282,INR,2023-08-27,14,6,8,34,False,True,50,2023-08-13 00:00:00,False
MAA,PNQ,S5,HIST-000,Economy,10442,INR,2024-10-22,14,1,10,43,False,False,50,2024-10-08 00:00:00,False
GAU,BOM,I5,HIST-000,Economy,8314,INR,2024-12-04,14,2,12,49,False,False,50,2024-11-20 00:00:00,False
NAG,AMD,AI,HIST-000,Economy,8920,INR,2023-06-13,14,1,6,24,False,False,50,2023-05-30 00:00:00,False
VNS,PAT,2T,HIST-000,Economy,6632,INR,2025-11-09,14,6,11,45,False,True,50,2025-10-26 00:00:00,False
VNS,JAI,G8,HIST-000,Economy,9212,INR,2023-01-05,14,3,1,1,False,False,50,2022-12-22 00:00:00,False
HYD,DEL,S5,HIST-000,Economy,14343,INR,2025-10-17,14,4,10,42,False,False,50,2025-10-03 00:00:00,False
AMD,IDR,G8,HIST-000,Economy,7580,INR,2024-05-09,14,3,5,19,False,False,50,2024-04-25 00:00:00,False
JAI,BOM,S5,HIST-000,Economy,11409,INR,2024-08-02,14,4,8,31,False,False,50,2024-07-19 00:00:00,False
COK,BLR,UK,HIST-000,Economy,14035,INR,2023-11-08,14,2,11,45,False,False,50,2023-10-25 00:00:00,False
VNS,MAA,QP,HIST-000,Economy,9146,INR,2023-01-25,14,2,1,4,False,False,50,2023-01-11 00:00:00,False
VNS,PAT,S5,HIST-000,Economy,6868,INR,2025-08-08,14,4,8,32,False,False,50,2025-07-25 00:00:00,False
BOM,BBI,9I,HIST-000,Economy,6202,INR,2023-06-12,14,0,6,24,False,False,50,2023-05-29 00:00:00,False
BLR,MAA,UK,HIST-000,Economy,9295,INR,2025-01-22,14,2,1,4,False,False,50,2025-01-08 00:00:00,False
HYD,JAI,I5,HIST-000,Economy,12725,INR,2023-11-05,14,6,11,44,False,True,50,2023-10-22 00:00:00,False
LKO,VNS,G8,HIST-000,Economy,11633,INR,2023-12-08,14,4,12,49,False,False,50,2023-11-24 00:00:00,False
PAT,DEL,2T,HIST-000,Economy,6218,INR,2023-07-11,14,1,7,28,False,False,50,2023-06-27 00:00:00,False
GOI,COK,UK,HIST-000,Economy,9010,INR,2025-04-22,14,1,4,17,False,False,50,2025-04-08 00:00:00,False
CCU,BLR,SG,HIST-000,Economy,7501,INR,2024-02-05,14,0,2,6,False,False,50,2024-01-22 00:00:00,False
PAT,AMD,I5,HIST-000,Economy,6728,INR,2023-03-25,14,5,3,12,False,True,50,2023-03-11 00:00:00,False
GAU,BBI,QP,HIST-000,Economy,12258,INR,2023-10-27,14,4,10,43,False,False,50,2023-10-13 00:00:00,False
AMD,IDR,6E,HIST-000,Economy,7683,INR,2023-07-09,14,6,7,27,False,True,50,2023-06-25 00:00:00,False
PNQ,NAG,SG,HIST-000,Economy,8384,INR,2024-04-23,14,1,4,17,False,False,50,2024-04-09 00:00:00,False
IDR,GOI,2T,HIST-000,Economy,9732,INR,2023-03-08,14,2,3,10,False,False,50,2023-02-22 00:00:00,False
VNS,GAU,S5,HIST-000,Economy,8724,INR,2025-05-18,14,6,5,20,False,True,50,2025-05-04 00:00:00,False
PNQ,AMD,S5,HIST-000,Economy,5063,INR,2025-03-14,14,4,3,11,False,False,50,2025-02-28 00:00:00,False
JAI,GOI,UK,HIST-000,Economy,6524,INR,2023-06-09,14,4,6,23,False,False,50,2023-05-26 00:00:00,False
BBI,IDR,9I,HIST-000,Economy,11012,INR,2024-08-08,14,3,8,32,False,False,50,2024-07-25 00:00:00,False
BLR,RPR,UK,HIST-000,Economy,14394,INR,2025-06-11,14,2,6,24,False,False,50,2025-05-28 00:00:00,False
AMD,LKO,I5,HIST-000,Economy,14286,INR,2023-07-01,14,5,7,26,False,True,50,2023-06-17 00:00:00,False
PAT,JAI,9I,HIST-000,Economy,12215,INR,2024-12-20,14,4,12,51,False,False,50,2024-12-06 00:00:00,False
PNQ,MAA,2T,HIST-000,Economy,6559,INR,2023-11-04,14,5,11,44,False,True,50,2023-10-21 00:00:00,False
PAT,GAU,9I,HIST-000,Economy,7473,INR,2025-03-15,14,5,3,11,False,True,50,2025-03-01 00:00:00,False
GAU,LKO,QP,HIST-000,Economy,11716,INR,2025-02-09,14,6,2,6,False,True,50,2025-01-26 00:00:00,False
STV,GAU,G8,HIST-000,Economy,9517,INR,2023-05-10,14,2,5,19,False,False,50,2023-04-26 00:00:00,False
BOM,GAU,6E,HIST-000,Economy,11202,INR,2024-02-18,14,6,2,7,False,True,50,2024-02-04 00:00:00,False
DEL,MAA,QP,HIST-000,Economy,11397,INR,2024-11-28,14,3,11,48,False,False,50,2024-11-14 00:00:00,False
GAU,PAT,G8,HIST-000,Economy,14701,INR,2025-02-21,14,4,2,8,False,False,50,2025-02-07 00:00:00,False
RPR,PAT,S5,HIST-000,Economy,9015,INR,2024-06-22,14,5,6,25,False,True,50,2024-06-08 00:00:00,False
JAI,GOI,SG,HIST-000,Economy,7581,INR,2024-11-26,14,1,11,48,False,False,50,2024-11-12 00:00:00,False
NAG,RPR,9I,HIST-000,Economy,12113,INR,2025-05-15,14,3,5,20,False,False,50,2025-05-01 00:00:00,False
BOM,DEL,2T,HIST-000,Economy,12150,INR,2023-07-08,14,5,7,27,False,True,50,2023-06-24 00:00:00,False
PNQ,BBI,2T,HIST-000,Economy,8970,INR,2023-04-26,14,2,4,17,False,False,50,2023-04-12 00:00:00,False
IDR,BBI,UK,HIST-000,Economy,9210,INR,2023-03-19,14,6,3,11,False,True,50,2023-03-05 00:00:00,False
PAT,VNS,G8,HIST-000,Economy,7965,INR,2025-03-23,14,6,3,12,False,True,50,2025-03-09 00:00:00,False
PNQ,NAG,I5,HIST-000,Economy,7869,INR,2024-05-22,14,2,5,21,False,False,50,2024-05-08 00:00:00,False
LKO,NAG,UK,HIST-000,Economy,9117,INR,2023-02-10,14,4,2,6,False,False,50,2023-01-27 00:00:00,False
PNQ,STV,UK,HIST-000,Economy,13323,INR,2025-11-28,14,4,11,48,False,False,50,2025-11-14 00:00:00,False
COK,GOI,2T,HIST-000,Economy,12580,INR,2023-08-12,14,5,8,32,False,True,50,2023-07-29 00:00:00,False
GAU,BLR,I5,HIST-000,Economy,5801,INR,2024-06-22,14,5,6,25,False,True,50,2024-06-08 00:00:00,False
STV,IDR,AI,HIST-000,Economy,11919,INR,2023-02-02,14,3,2,5,False,False,50,2023-01-19 00:00:00,False
RPR,IDR,QP,HIST-000,Economy,6044,INR,2023-08-05,14,5,8,31,False,True,50,2023-07-22 00:00:00,False
GOI,CCU,9I,HIST-000,Economy,9355,INR,2025-03-20,14,3,3,12,False,False,50,2025-03-06 00:00:00,False
COK,BOM,AI,HIST-000,Economy,10485,INR,2024-10-27,14,6,10,43,False,True,50,2024-10-13 00:00:00,False
PAT,CCU,2T,HIST-000,Economy,9503,INR,2024-05-14,14,1,5,20,False,False,50,2024-04-30 00:00:00,False
NAG,PNQ,9I,HIST-000,Economy,11323,INR,2024-11-24,14,6,11,47,False,True,50,2024-11-10 00:00:00,False
RPR,MAA,S5,HIST-000,Economy,10486,INR,2025-04-23,14,2,4,17,False,False,50,2025-04-09 00:00:00,False
DEL,NAG,2T,HIST-000,Economy,6644,INR,2025-10-17,14,4,10,42,False,False,50,2025-10-03 00:00:00,False
MAA,GAU,I5,HIST-000,Economy,10905,INR,2023-12-27,14,2,12,52,False,False,50,2023-12-13 00:00:00,False
GAU,MAA,S5,HIST-000,Economy,13382,INR,2025-11-24,14,0,11,48,False,False,50,2025-11-10 00:00:00,False
AMD,PAT,9I,HIST-000,Economy,4419,INR,2023-12-08,14,4,12,49,False,False,50,2023-11-24 00:00:00,False
PNQ,BOM,SG,HIST-000,Economy,5381,INR,2024-12-15,14,6,12,50,False,True,50,2024-12-01 00:00:00,False
GOI,NAG,SG,HIST-000,Economy,10599,INR,2023-06-25,14,6,6,25,False,True,50,2023-06-11 00:00:00,False
DEL,HYD,I5,HIST-000,Economy,13532,INR,2024-02-21,14,2,2,8,False,False,50,2024-02-07 00:00:00,False
BLR,AMD,AI,HIST-000,Economy,8261,INR,2023-05-15,14,0,5,20,False,False,50,2023-05-01 00:00:00,False
IDR,CCU,G8,HIST-000,Economy,13515,INR,2024-04-09,14,1,4,15,False,False,50,2024-03-26 00:00:00,False
BLR,RPR,2T,HIST-000,Economy,10972,INR,2024-12-18,14,2,12,51,False,False,50,2024-12-04 00:00:00,False
RPR,IDR,UK,HIST-000,Economy,13110,INR,2024-03-18,14,0,3,12,False,False,50,2024-03-04 00:00:00,False
BOM,HYD,I5,HIST-000,Economy,6227,INR,2024-05-26,14,6,5,21,False,True,50,2024-05-12 00:00:00,False
JAI,CCU,SG,HIST-000,Economy,7128,INR,2023-02-24,14,4,2,8,False,False,50,2023-02-10 00:00:00,False
STV,LKO,2T,HIST-000,Economy,15826,INR,2024-01-26,14,4,1,4,False,False,50,2024-01-12 00:00:00,False
GOI,LKO,SG,HIST-000,Economy,13711,INR,2025-08-20,14,2,8,34,False,False,50,2025-08-06 00:00:00,False
GAU,CCU,G8,HIST-000,Economy,11359,INR,2024-08-08,14,3,8,32,False,False,50,2024-07-25 00:00:00,False
BBI,PNQ,I5,HIST-000,Economy,8381,INR,2023-06-02,14,4,6,22,False,False,50,2023-05-19 00:00:00,False
STV,MAA,9I,HIST-000,Economy,12204,INR,2024-06-03,14,0,6,23,False,False,50,2024-05-20 00:00:00,False
BBI,PNQ,UK,HIST-000,Economy,9669,INR,2023-04-25,14,1,4,17,False,False,50,2023-04-11 00:00:00,False
STV,LKO,G8,HIST-000,Economy,2901,INR,2023-12-26,14,1,12,52,False,False,50,2023-12-12 00:00:00,False
VNS,PNQ,2T,HIST-000,Economy,13852,INR,2025-10-23,14,3,10,43,False,False,50,2025-10-09 00:00:00,False
AMD,PNQ,SG,HIST-000,Economy,5705,INR,2025-01-05,14,6,1,1,False,True,50,2024-12-22 00:00:00,False
CCU,MAA,9I,HIST-000,Economy,12247,INR,2023-07-17,14,0,7,29,False,False,50,2023-07-03 00:00:00,False
DEL,RPR,UK,HIST-000,Economy,10109,INR,2023-12-05,14,1,12,49,False,False,50,2023-11-21 00:00:00,False
JAI,PAT,AI,HIST-000,Economy,4828,INR,2023-08-14,14,0,8,33,False,False,50,2023-07-31 00:00:00,False
HYD,AMD,6E,HIST-000,Economy,8367,INR,2025-10-17,14,4,10,42,False,False,50,2025-10-03 00:00:00,False
BLR,HYD,I5,HIST-000,Economy,9468,INR,2024-09-16,14,0,9,38,False,False,50,2024-09-02 00:00:00,False
DEL,VNS,G8,HIST-000,Economy,6376,INR,2025-09-02,14,1,9,36,False,False,50,2025-08-19 00:00:00,False
GOI,RPR,QP,HIST-000,Economy,11129,INR,2025-11-14,14,4,11,46,False,False,50,2025-10-31 00:00:00,False
MAA,IDR,6E,HIST-000,Economy,11479,INR,2025-03-14,14,4,3,11,False,False,50,2025-02-28 00:00:00,False
PAT,PNQ,9I,HIST-000,Economy,15840,INR,2023-06-13,14,1,6,24,False,False,50,2023-05-30 00:00:00,False
BBI,VNS,6E,HIST-000,Economy,11174,INR,2024-01-22,14,0,1,4,False,False,50,2024-01-08 00:00:00,False
VNS,RPR,G8,HIST-000,Economy,15667,INR,2025-09-17,14,2,9,38,False,False,50,2025-09-03 00:00:00,False
PAT,LKO,SG,HIST-000,Economy,4192,INR,2025-11-27,14,3,11,48,False,False,50,2025-11-13 00:00:00,False
MAA,DEL,S5,HIST-000,Economy,7167,INR,2023-08-20,14,6,8,33,False,True,50,2023-08-06 00:00:00,False
IDR,PNQ,SG,HIST-000,Economy,12003,INR,2023-12-11,14,0,12,50,False,False,50,2023-11-27 00:00:00,False
AMD,VNS,2T,HIST-000,Economy,8662,INR,2025-03-15,14,5,3,11,False,True,50,2025-03-01 00:00:00,False
NAG,RPR,6E,HIST-000,Economy,8131,INR,2024-06-24,14,0,6,26,False,False,50,2024-06-10 00:00:00,False
DEL,MAA,S5,HIST-000,Economy,6495,INR,2024-01-24,14,2,1,4,False,False,50,2024-01-10 00:00:00,False
IDR,LKO,AI,HIST-000,Economy,5981,INR,2025-05-14,14,2,5,20,False,False,50,2025-04-30 00:00:00,False
HYD,PNQ,QP,HIST-000,Economy,10323,INR,2025-06-22,14,6,6,25,False,True,50,2025-06-08 00:00:00,False
IDR,MAA,S5,HIST-000,Economy,4982,INR,2025-12-18,14,3,12,51,False,False,50,2025-12-04 00:00:00,False
BOM,GAU,9I,HIST-000,Economy,5474,INR,2025-11-20,14,3,11,47,False,False,50,2025-11-06 00:00:00,False
HYD,NAG,2T,HIST-000,Economy,2766,INR,2024-11-08,14,4,11,45,False,False,50,2024-10-25 00:00:00,False
PNQ,MAA,G8,HIST-000,Economy,4980,INR,2025-03-27,14,3,3,13,False,False,50,2025-03-13 00:00:00,False
PNQ,DEL,SG,HIST-000,Economy,12975,INR,2024-09-14,14,5,9,37,False,True,50,2024-08-31 00:00:00,False
VNS,COK,6E,HIST-000,Economy,5933,INR,2023-11-09,14,3,11,45,False,False,50,2023-10-26 00:00:00,False
LKO,BBI,AI,HIST-000,Economy,8551,INR,2024-02-09,14,4,2,6,False,False,50,2024-01-26 00:00:00,False
GOI,NAG,S5,HIST-000,Economy,4295,INR,2025-09-03,14,2,9,36,False,False,50,2025-08-20 00:00:00,False
AMD,STV,2T,HIST-000,Economy,9839,INR,2025-06-25,14,2,6,26,False,False,50,2025-06-11 00:00:00,False
LKO,RPR,2T,HIST-000,Economy,11387,INR,2023-02-17,14,4,2,7,False,False,50,2023-02-03 00:00:00,False
GOI,COK,S5,HIST-000,Economy,5813,INR,2025-07-11,14,4,7,28,False,False,50,2025-06-27 00:00:00,False
MAA,LKO,G8,HIST-000,Economy,5980,INR,2024-03-13,14,2,3,11,False,False,50,2024-02-28 00:00:00,False
PAT,COK,2T,HIST-000,Economy,11473,INR,2024-12-08,14,6,12,49,False,True,50,2024-11-24 00:00:00,False
BLR,LKO,9I,HIST-000,Economy,13271,INR,2023-09-18,14,0,9,38,False,False,50,2023-09-04 00:00:00,False
BOM,PAT,6E,HIST-000,Economy,11360,INR,2023-03-17,14,4,3,11,False,False,50,2023-03-03 00:00:00,False
RPR,PNQ,SG,HIST-000,Economy,12005,INR,2025-12-05,14,4,12,49,False,False,50,2025-11-21 00:00:00,False
AMD,BOM,UK,HIST-000,Economy,7193,INR,2023-01-11,14,2,1,2,False,False,50,2022-12-28 00:00:00,False
PAT,BBI,AI,HIST-000,Economy,14045,INR,2025-02-12,14,2,2,7,False,False,50,2025-01-29 00:00:00,False
NAG,BLR,6E,HIST-000,Economy,5069,INR,2024-04-03,14,2,4,14,False,False,50,2024-03-20 00:00:00,False
RPR,BLR,2T,HIST-000,Economy,13569,INR,2025-07-06,14,6,7,27,False,True,50,2025-06-22 00:00:00,False
DEL,CCU,2T,HIST-000,Economy,13900,INR,2025-06-20,14,4,6,25,False,False,50,2025-06-06 00:00:00,False
HYD,VNS,AI,HIST-000,Economy,7799,INR,2024-01-27,14,5,1,4,False,True,50,2024-01-13 00:00:00,False
PNQ,DEL,SG,HIST-000,Economy,8484,INR,2025-04-18,14,4,4,16,False,False,50,2025-04-04 00:00:00,False
STV,CCU,2T,HIST-000,Economy,11601,INR,2024-05-07,14,1,5,19,False,False,50,2024-04-23 00:00:00,False
BLR,DEL,QP,HIST-000,Economy,13997,INR,2025-08-06,14,2,8,32,False,False,50,2025-07-23 00:00:00,False
BOM,BLR,QP,HIST-000,Economy,11918,INR,2024-11-06,14,2,11,45,False,False,50,2024-10-23 00:00:00,False
BBI,GAU,UK,HIST-000,Economy,6225,INR,2023-01-28,14,5,1,4,False,True,50,2023-01-14 00:00:00,False
GAU,AMD,9I,HIST-000,Economy,11268,INR,2024-05-24,14,4,5,21,False,False,50,2024-05-10 00:00:00,False
GOI,COK,I5,HIST-000,Economy,7900,INR,2024-12-06,14,4,12,49,False,False,50,2024-11-22 00:00:00,False
BBI,BLR,I5,HIST-000,Economy,8526,INR,2023-03-07,14,1,3,10,False,False,50,2023-02-21 00:00:00,False
PAT,RPR,G8,HIST-000,Economy,13571,INR,2023-12-16,14,5,12,50,False,True,50,2023-12-02 00:00:00,False
BBI,MAA,S5,HIST-000,Economy,13626,INR,2025-06-25,14,2,6,26,False,False,50,2025-06-11 00:00:00,False
BLR,DEL,QP,HIST-000,Economy,6081,INR,2024-09-05,14,3,9,36,False,False,50,2024-08-22 00:00:00,False
BLR,JAI,9I,HIST-000,Economy,8175,INR,2023-09-09,14,5,9,36,False,True,50,2023-08-26 00:00:00,False
BOM,RPR,SG,HIST-000,Economy,8976,INR,2023-12-16,14,5,12,50,False,True,50,2023-12-02 00:00:00,False
JAI,HYD,2T,HIST-000,Economy,5376,INR,2024-07-02,14,1,7,27,False,False,50,2024-06-18 00:00:00,False
GAU,NAG,I5,HIST-000,Economy,9539,INR,2023-02-15,14,2,2,7,False,False,50,2023-02-01 00:00:00,False
JAI,PNQ,I5,HIST-000,Economy,12114,INR,2025-12-25,14,3,12,52,False,False,50,2025-12-11 00:00:00,False
GAU,STV,UK,HIST-000,Economy,5386,INR,2023-06-21,14,2,6,25,False,False,50,2023-06-07 00:00:00,False
COK,BOM,9I,HIST-000,Economy,13559,INR,2023-07-21,14,4,7,29,False,False,50,2023-07-07 00:00:00,False
RPR,GOI,I5,HIST-000,Economy,4749,INR,2025-11-20,14,3,11,47,False,False,50,2025-11-06 00:00:00,False
COK,LKO,S5,HIST-000,Economy,10704,INR,2024-10-23,14,2,10,43,False,False,50,2024-10-09 00:00:00,False
PAT,LKO,SG,HIST-000,Economy,12754,INR,2024-11-10,14,6,11,45,False,True,50,2024-10-27 00:00:00,False
LKO,PNQ,6E,HIST-000,Economy,8965,INR,2023-04-11,14,1,4,15,False,False,50,2023-03-28 00:00:00,False
PAT,BBI,SG,HIST-000,Economy,13838,INR,2023-03-06,14,0,3,10,False,False,50,2023-02-20 00:00:00,False
CCU,BBI,S5,HIST-000,Economy,2608,INR,2024-10-03,14,3,10,40,False,False,50,2024-09-19 00:00:00,False
AMD,COK,SG,HIST-000,Economy,6902,INR,2024-04-01,14,0,4,14,False,False,50,2024-03-18 00:00:00,False
COK,MAA,G8,HIST-000,Economy,10189,INR,2024-12-15,14,6,12,50,False,True,50,2024-12-01 00:00:00,False
LKO,PAT,I5,HIST-000,Economy,4266,INR,2024-12-07,14,5,12,49,False,True,50,2024-11-23 00:00:00,False
STV,BLR,I5,HIST-000,Economy,8167,INR,2025-09-21,14,6,9,38,False,True,50,2025-09-07 00:00:00,False
BLR,IDR,G8,HIST-000,Economy,13057,INR,2024-02-15,14,3,2,7,False,False,50,2024-02-01 00:00:00,False
BBI,PAT,I5,HIST-000,Economy,9535,INR,2025-09-13,14,5,9,37,False,True,50,2025-08-30 00:00:00,False
GAU,DEL,G8,HIST-000,Economy,13786,INR,2023-02-21,14,1,2,8,False,False,50,2023-02-07 00:00:00,False
DEL,VNS,2T,HIST-000,Economy,3308,INR,2023-12-05,14,1,12,49,False,False,50,2023-11-21 00:00:00,False
JAI,AMD,6E,HIST-000,Economy,2601,INR,2024-09-04,14,2,9,36,False,False,50,2024-08-21 00:00:00,False
JAI,CCU,6E,HIST-000,Economy,11686,INR,2023-10-05,14,3,10,40,False,False,50,2023-09-21 00:00:00,False
MAA,DEL,G8,HIST-000,Economy,9462,INR,2024-08-16,14,4,8,33,False,False,50,2024-08-02 00:00:00,False
HYD,AMD,I5,HIST-000,Economy,7516,INR,2025-08-26,14,1,8,35,False,False,50,2025-08-12 00:00:00,False
BOM,GOI,S5,HIST-000,Economy,10624,INR,2024-07-07,14,6,7,27,False,True,50,2024-06-23 00:00:00,False
DEL,AMD,G8,HIST-000,Economy,11488,INR,2023-10-09,14,0,10,41,False,False,50,2023-09-25 00:00:00,False
BOM,DEL,UK,HIST-000,Economy,6600,INR,2024-05-02,14,3,5,18,False,False,50,2024-04-18 00:00:00,False
BOM,GOI,SG,HIST-000,Economy,15615,INR,2023-02-13,14,0,2,7,False,False,50,2023-01-30 00:00:00,False
IDR,LKO,6E,HIST-000,Economy,6086,INR,2024-08-08,14,3,8,32,False,False,50,2024-07-25 00:00:00,False
LKO,MAA,S5,HIST-000,Economy,9824,INR,2024-03-08,14,4,3,10,False,False,50,2024-02-23 00:00:00,False
BLR,AMD,S5,HIST-000,Economy,9713,INR,2023-01-22,14,6,1,3,False,True,50,2023-01-08 00:00:00,False
HYD,MAA,6E,HIST-000,Economy,7430,INR,2023-05-02,14,1,5,18,False,False,50,2023-04-18 00:00:00,False
CCU,RPR,S5,HIST-000,Economy,7128,INR,2025-06-26,14,3,6,26,False,False,50,2025-06-12 00:00:00,False
BLR,COK,G8,HIST-000,Economy,7135,INR,2023-11-25,14,5,11,47,False,True,50,2023-11-11 00:00:00,False
CCU,GOI,UK,HIST-000,Economy,10449,INR,2023-09-10,14,6,9,36,False,True,50,2023-08-27 00:00:00,False
HYD,RPR,G8,HIST-000,Economy,2787,INR,2023-05-25,14,3,5,21,False,False,50,2023-05-11 00:00:00,False
NAG,BBI,I5,HIST-000,Economy,6309,INR,2024-09-11,14,2,9,37,False,False,50,2024-08-28 00:00:00,False
COK,PNQ,AI,HIST-000,Economy,5004,INR,2024-05-14,14,1,5,20,False,False,50,2024-04-30 00:00:00,False
NAG,IDR,G8,HIST-000,Economy,11784,INR,2024-04-20,14,5,4,16,False,True,50,2024-04-06 00:00:00,False
PNQ,IDR,AI,HIST-000,Economy,12931,INR,2023-11-24,14,4,11,47,False,False,50,2023-11-10 00:00:00,False
NAG,JAI,9I,HIST-000,Economy,9513,INR,2023-12-18,14,0,12,51,False,False,50,2023-12-04 00:00:00,False
LKO,AMD,6E,HIST-000,Economy,6918,INR,2025-08-13,14,2,8,33,False,False,50,2025-07-30 00:00:00,False
STV,HYD,AI,HIST-000,Economy,9777,INR,2025-07-10,14,3,7,28,False,False,50,2025-06-26 00:00:00,False
GOI,STV,AI,HIST-000,Economy,12673,INR,2025-03-09,14,6,3,10,False,True,50,2025-02-23 00:00:00,False
RPR,GAU,S5,HIST-000,Economy,9483,INR,2025-10-09,14,3,10,41,False,False,50,2025-09-25 00:00:00,False
RPR,NAG,2T,HIST-000,Economy,9116,INR,2025-08-02,14,5,8,31,False,True,50,2025-07-19 00:00:00,False
DEL,STV,QP,HIST-000,Economy,9421,INR,2024-12-10,14,1,12,50,False,False,50,2024-11-26 00:00:00,False
COK,JAI,2T,HIST-000,Economy,5370,INR,2025-09-09,14,1,9,37,False,False,50,2025-08-26 00:00:00,False
MAA,CCU,I5,HIST-000,Economy,15462,INR,2024-03-15,14,4,3,11,False,False,50,2024-03-01 00:00:00,False
PAT,HYD,G8,HIST-000,Economy,5485,INR,2025-12-03,14,2,12,49,False,False,50,2025-11-19 00:00:00,False
BLR,VNS,UK,HIST-000,Economy,9732,INR,2024-12-08,14,6,12,49,False,True,50,2024-11-24 00:00:00,False
BOM,NAG,AI,HIST-000,Economy,9228,INR,2025-05-21,14,2,5,21,False,False,50,2025-05-07 00:00:00,False
BBI,NAG,G8,HIST-000,Economy,2766,INR,2023-01-25,14,2,1,4,False,False,50,2023-01-11 00:00:00,False
CCU,IDR,G8,HIST-000,Economy,5244,INR,2023-12-09,14,5,12,49,False,True,50,2023-11-25 00:00:00,False
BBI,RPR,2T,HIST-000,Economy,2888,INR,2023-02-15,14,2,2,7,False,False,50,2023-02-01 00:00:00,False
NAG,CCU,SG,HIST-000,Economy,9997,INR,2024-05-28,14,1,5,22,False,False,50,2024-05-14 00:00:00,False
BLR,DEL,SG,HIST-000,Economy,14028,INR,2025-08-26,14,1,8,35,False,False,50,2025-08-12 00:00:00,False
STV,MAA,I5,HIST-000,Economy,6915,INR,2025-11-03,14,0,11,45,False,False,50,2025-10-20 00:00:00,False
IDR,VNS,G8,HIST-000,Economy,8853,INR,2024-11-17,14,6,11,46,False,True,50,2024-11-03 00:00:00,False
IDR,GAU,QP,HIST-000,Economy,13932,INR,2025-03-05,14,2,3,10,False,False,50,2025-02-19 00:00:00,False
LKO,COK,S5,HIST-000,Economy,9568,INR,2023-08-01,14,1,8,31,False,False,50,2023-07-18 00:00:00,False
CCU,BOM,UK,HIST-000,Economy,11242,INR,2025-01-25,14,5,1,4,False,True,50,2025-01-11 00:00:00,False
PAT,JAI,9I,HIST-000,Economy,10407,INR,2025-08-09,14,5,8,32,False,True,50,2025-07-26 00:00:00,False
MAA,LKO,UK,HIST-000,Economy,4138,INR,2025-04-20,14,6,4,16,False,True,50,2025-04-06 00:00:00,False
GAU,VNS,UK,HIST-000,Economy,10026,INR,2024-08-22,14,3,8,34,False,False,50,2024-08-08 00:00:00,False
PAT,IDR,UK,HIST-000,Economy,8247,INR,2024-12-05,14,3,12,49,False,False,50,2024-11-21 00:00:00,False
LKO,JAI,9I,HIST-000,Economy,6383,INR,2023-06-16,14,4,6,24,False,False,50,2023-06-02 00:00:00,False
STV,HYD,SG,HIST-000,Economy,10093,INR,2024-04-07,14,6,4,14,False,True,50,2024-03-24 00:00:00,False
STV,IDR,9I,HIST-000,Economy,7114,INR,2024-07-11,14,3,7,28,False,False,50,2024-06-27 00:00:00,False
BBI,DEL,G8,HIST-000,Economy,6796,INR,2024-01-04,14,3,1,1,False,False,50,2023-12-21 00:00:00,False
HYD,MAA,9I,HIST-000,Economy,9356,INR,2025-07-20,14,6,7,29,False,True,50,2025-07-06 00:00:00,False
DEL,BOM,SG,HIST-000,Economy,7381,INR,2024-12-27,14,4,12,52,False,False,50,2024-12-13 00:00:00,False
AMD,STV,S5,HIST-000,Economy,6491,INR,2024-11-22,14,4,11,47,False,False,50,2024-11-08 00:00:00,False
GOI,IDR,AI,HIST-000,Economy,5801,INR,2024-07-15,14,0,7,29,False,False,50,2024-07-01 00:00:00,False
BBI,LKO,2T,HIST-000,Economy,11138,INR,2025-04-28,14,0,4,18,False,False,50,2025-04-14 00:00:00,False
RPR,HYD,AI,HIST-000,Economy,4779,INR,2025-04-21,14,0,4,17,False,False,50,2025-04-07 00:00:00,False
GOI,BOM,2T,HIST-000,Economy,10345,INR,2023-11-16,14,3,11,46,False,False,50,2023-11-02 00:00:00,False
DEL,PAT,9I,HIST-000,Economy,3972,INR,2024-12-14,14,5,12,50,False,True,50,2024-11-30 00:00:00,False
DEL,NAG,G8,HIST-000,Economy,8343,INR,2025-04-04,14,4,4,14,False,False,50,2025-03-21 00:00:00,False
PAT,NAG,9I,HIST-000,Economy,10545,INR,2025-03-15,14,5,3,11,False,True,50,2025-03-01 00:00:00,False
JAI,BLR,I5,HIST-000,Economy,4370,INR,2024-12-05,14,3,12,49,False,False,50,2024-11-21 00:00:00,False
GOI,BLR,6E,HIST-000,Economy,13336,INR,2025-08-25,14,0,8,35,False,False,50,2025-08-11 00:00:00,False
JAI,NAG,2T,HIST-000,Economy,11421,INR,2025-05-09,14,4,5,19,False,False,50,2025-04-25 00:00:00,False
COK,VNS,I5,HIST-000,Economy,6765,INR,2023-08-24,14,3,8,34,False,False,50,2023-08-10 00:00:00,False
LKO,BOM,G8,HIST-000,Economy,8776,INR,2023-10-24,14,1,10,43,False,False,50,2023-10-10 00:00:00,False
JAI,LKO,SG,HIST-000,Economy,9235,INR,2024-02-11,14,6,2,6,False,True,50,2024-01-28 00:00:00,False
BBI,AMD,S5,HIST-000,Economy,9035,INR,2023-11-26,14,6,11,47,False,True,50,2023-11-12 00:00:00,False
RPR,LKO,SG,HIST-000,Economy,3664,INR,2024-01-25,14,3,1,4,False,False,50,2024-01-11 00:00:00,False
BOM,PAT,2T,HIST-000,Economy,10289,INR,2024-11-06,14,2,11,45,False,False,50,2024-10-23 00:00:00,False
AMD,DEL,6E,HIST-000,Economy,7336,INR,2024-07-24,14,2,7,30,False,False,50,2024-07-10 00:00:00,False
BLR,BOM,6E,HIST-000,Economy,6729,INR,2023-01-23,14,0,1,4,False,False,50,2023-01-09 00:00:00,False
GAU,IDR,6E,HIST-000,Economy,15151,INR,2023-03-13,14,0,3,11,False,False,50,2023-02-27 00:00:00,False
DEL,HYD,2T,HIST-000,Economy,7352,INR,2025-08-06,14,2,8,32,False,False,50,2025-07-23 00:00:00,False
DEL,VNS,SG,HIST-000,Economy,7540,INR,2023-11-16,14,3,11,46,False,False,50,2023-11-02 00:00:00,False
STV,DEL,AI,HIST-000,Economy,11399,INR,2023-04-28,14,4,4,17,False,False,50,2023-04-14 00:00:00,False
PAT,STV,S5,HIST-000,Economy,10038,INR,2023-12-06,14,2,12,49,False,False,50,2023-11-22 00:00:00,False
PNQ,DEL,AI,HIST-000,Economy,13178,INR,2023-08-09,14,2,8,32,False,False,50,2023-07-26 00:00:00,False
PNQ,RPR,G8,HIST-000,Economy,4185,INR,2023-09-09,14,5,9,36,False,True,50,2023-08-26 00:00:00,False
HYD,BBI,SG,HIST-000,Economy,7098,INR,2024-11-07,14,3,11,45,False,False,50,2024-10-24 00:00:00,False
BLR,COK,SG,HIST-000,Economy,4388,INR,2025-07-06,14,6,7,27,False,True,50,2025-06-22 00:00:00,False
DEL,CCU,S5,HIST-000,Economy,15618,INR,2024-11-28,14,3,11,48,False,False,50,2024-11-14 00:00:00,False
MAA,GOI,2T,HIST-000,Economy,13268,INR,2024-03-16,14,5,3,11,False,True,50,2024-03-02 00:00:00,False
LKO,VNS,S5,HIST-000,Economy,9508,INR,2023-01-25,14,2,1,4,False,False,50,2023-01-11 00:00:00,False
BOM,LKO,S5,HIST-000,Economy,7156,INR,2024-11-11,14,0,11,46,False,False,50,2024-10-28 00:00:00,False
JAI,GAU,G8,HIST-000,Economy,12744,INR,2023-11-02,14,3,11,44,False,False,50,2023-10-19 00:00:00,False
COK,IDR,SG,HIST-000,Economy,6334,INR,2025-07-05,14,5,7,27,False,True,50,2025-06-21 00:00:00,False
LKO,STV,G8,HIST-000,Economy,11697,INR,2025-07-02,14,2,7,27,False,False,50,2025-06-18 00:00:00,False
PNQ,VNS,SG,HIST-000,Economy,7094,INR,2023-06-10,14,5,6,23,False,True,50,2023-05-27 00:00:00,False
BLR,BOM,2T,HIST-000,Economy,11110,INR,2024-06-21,14,4,6,25,False,False,50,2024-06-07 00:00:00,False
BOM,IDR,S5,HIST-000,Economy,12566,INR,2023-03-13,14,0,3,11,False,False,50,2023-02-27 00:00:00,False
IDR,BOM,QP,HIST-000,Economy,10120,INR,2024-07-24,14,2,7,30,False,False,50,2024-07-10 00:00:00,False
STV,VNS,I5,HIST-000,Economy,10213,INR,2024-04-17,14,2,4,16,False,False,50,2024-04-03 00:00:00,False
BOM,RPR,9I,HIST-000,Economy,16046,INR,2025-02-21,14,4,2,8,False,False,50,2025-02-07 00:00:00,False
HYD,MAA,I5,HIST-000,Economy,10066,INR,2025-02-01,14,5,2,5,False,True,50,2025-01-18 00:00:00,False
MAA,GAU,AI,HIST-000,Economy,7922,INR,2023-08-16,14,2,8,33,False,False,50,2023-08-02 00:00:00,False
RPR,AMD,9I,HIST-000,Economy,6004,INR,2024-12-08,14,6,12,49,False,True,50,2024-11-24 00:00:00,False
STV,GAU,2T,HIST-000,Economy,9327,INR,2024-02-12,14,0,2,7,False,False,50,2024-01-29 00:00:00,False
STV,COK,9I,HIST-000,Economy,14125,INR,2023-10-12,14,3,10,41,False,False,50,2023-09-28 00:00:00,False
LKO,MAA,QP,HIST-000,Economy,8192,INR,2024-07-09,14,1,7,28,False,False,50,2024-06-25 00:00:00,False
LKO,BLR,9I,HIST-000,Economy,9636,INR,2023-12-12,14,1,12,50,False,False,50,2023-11-28 00:00:00,False
BOM,MAA,I5,HIST-000,Economy,15062,INR,2023-03-13,14,0,3,11,False,False,50,2023-02-27 00:00:00,False
HYD,GAU,I5,HIST-000,Economy,8360,INR,2025-09-06,14,5,9,36,False,True,50,2025-08-23 00:00:00,False
AMD,COK,I5,HIST-000,Economy,12814,INR,2023-04-24,14,0,4,17,False,False,50,2023-04-10 00:00:00,False
MAA,DEL,QP,HIST-000,Economy,5099,INR,2024-04-27,14,5,4,17,False,True,50,2024-04-13 00:00:00,False
GOI,JAI,I5,HIST-000,Economy,7018,INR,2023-10-27,14,4,10,43,False,False,50,2023-10-13 00:00:00,False
IDR,COK,9I,HIST-000,Economy,6384,INR,2023-09-04,14,0,9,36,False,False,50,2023-08-21 00:00:00,False
STV,LKO,SG,HIST-000,Economy,11187,INR,2023-01-08,14,6,1,1,False,True,50,2022-12-25 00:00:00,False
GAU,STV,I5,HIST-000,Economy,8388,INR,2023-01-24,14,1,1,4,False,False,50,2023-01-10 00:00:00,False
GOI,PNQ,UK,HIST-000,Economy,9736,INR,2023-04-04,14,1,4,14,False,False,50,2023-03-21 00:00:00,False
BOM,PAT,AI,HIST-000,Economy,11351,INR,2025-08-24,14,6,8,34,False,True,50,2025-08-10 00:00:00,False
NAG,VNS,9I,HIST-000,Economy,13126,INR,2024-08-20,14,1,8,34,False,False,50,2024-08-06 00:00:00,False
NAG,DEL,9I,HIST-000,Economy,4974,INR,2025-08-21,14,3,8,34,False,False,50,2025-08-07 00:00:00,False
PNQ,GAU,UK,HIST-000,Economy,11715,INR,2023-06-10,14,5,6,23,False,True,50,2023-05-27 00:00:00,False
VNS,NAG,AI,HIST-000,Economy,12114,INR,2024-06-19,14,2,6,25,False,False,50,2024-06-05 00:00:00,False
AMD,GOI,SG,HIST-000,Economy,10089,INR,2025-07-06,14,6,7,27,False,True,50,2025-06-22 00:00:00,False
BLR,DEL,AI,HIST-000,Economy,10999,INR,2023-07-25,14,1,7,30,False,False,50,2023-07-11 00:00:00,False
LKO,HYD,6E,HIST-000,Economy,6554,INR,2025-01-26,14,6,1,4,False,True,50,2025-01-12 00:00:00,False
IDR,BOM,S5,HIST-000,Economy,11742,INR,2023-05-08,14,0,5,19,False,False,50,2023-04-24 00:00:00,False
BLR,PNQ,G8,HIST-000,Economy,10573,INR,2025-07-02,14,2,7,27,False,False,50,2025-06-18 00:00:00,False
MAA,STV,SG,HIST-000,Economy,8509,INR,2023-09-17,14,6,9,37,False,True,50,2023-09-03 00:00:00,False
HYD,BBI,UK,HIST-000,Economy,4045,INR,2024-07-15,14,0,7,29,False,False,50,2024-07-01 00:00:00,False
PAT,LKO,SG,HIST-000,Economy,7722,INR,2023-09-17,14,6,9,37,False,True,50,2023-09-03 00:00:00,False
LKO,GOI,I5,HIST-000,Economy,15117,INR,2023-07-19,14,2,7,29,False,False,50,2023-07-05 00:00:00,False
RPR,BLR,SG,HIST-000,Economy,9357,INR,2023-10-16,14,0,10,42,False,False,50,2023-10-02 00:00:00,False
MAA,BLR,UK,HIST-000,Economy,7679,INR,2024-10-08,14,1,10,41,False,False,50,2024-09-24 00:00:00,False
RPR,NAG,QP,HIST-000,Economy,8239,INR,2023-09-21,14,3,9,38,False,False,50,2023-09-07 00:00:00,False
GAU,IDR,QP,HIST-000,Economy,7814,INR,2023-12-23,14,5,12,51,False,True,50,2023-12-09 00:00:00,False
BOM,JAI,9I,HIST-000,Economy,5230,INR,2024-07-08,14,0,7,28,False,False,50,2024-06-24 00:00:00,False
COK,IDR,I5,HIST-000,Economy,7534,INR,2023-08-01,14,1,8,31,False,False,50,2023-07-18 00:00:00,False
PAT,BLR,AI,HIST-000,Economy,15184,INR,2024-02-01,14,3,2,5,False,False,50,2024-01-18 00:00:00,False
GOI,PAT,S5,HIST-000,Economy,8582,INR,2024-10-16,14,2,10,42,False,False,50,2024-10-02 00:00:00,False
BBI,VNS,G8,HIST-000,Economy,15707,INR,2024-01-26,14,4,1,4,False,False,50,2024-01-12 00:00:00,False
HYD,COK,6E,HIST-000,Economy,4339,INR,2025-08-09,14,5,8,32,False,True,50,2025-07-26 00:00:00,False
BOM,RPR,I5,HIST-000,Economy,9247,INR,2024-07-28,14,6,7,30,False,True,50,2024-07-14 00:00:00,False
COK,PAT,G8,HIST-000,Economy,9470,INR,2025-10-16,14,3,10,42,False,False,50,2025-10-02 00:00:00,False
BLR,COK,S5,HIST-000,Economy,9774,INR,2023-07-27,14,3,7,30,False,False,50,2023-07-13 00:00:00,False
JAI,COK,9I,HIST-000,Economy,6549,INR,2025-05-22,14,3,5,21,False,False,50,2025-05-08 00:00:00,False
GAU,PAT,6E,HIST-000,Economy,14095,INR,2023-12-26,14,1,12,52,False,False,50,2023-12-12 00:00:00,False
IDR,JAI,2T,HIST-000,Economy,6142,INR,2024-09-17,14,1,9,38,False,False,50,2024-09-03 00:00:00,False
BOM,DEL,9I,HIST-000,Economy,14069,INR,2024-04-18,14,3,4,16,False,False,50,2024-04-04 00:00:00,False
HYD,DEL,QP,HIST-000,Economy,13263,INR,2024-11-25,14,0,11,48,False,False,50,2024-11-11 00:00:00,False
GOI,BOM,6E,HIST-000,Economy,6410,INR,2023-05-07,14,6,5,18,False,True,50,2023-04-23 00:00:00,False
LKO,DEL,I5,HIST-000,Economy,10408,INR,2023-02-19,14,6,2,7,False,True,50,2023-02-05 00:00:00,False
CCU,COK,G8,HIST-000,Economy,13679,INR,2025-02-07,14,4,2,6,False,False,50,2025-01-24 00:00:00,False
BOM,NAG,6E,HIST-000,Economy,14369,INR,2024-01-25,14,3,1,4,False,False,50,2024-01-11 00:00:00,False
AMD,CCU,2T,HIST-000,Economy,4173,INR,2023-11-05,14,6,11,44,False,True,50,2023-10-22 00:00:00,False
BBI,PAT,SG,HIST-000,Economy,3647,INR,2023-03-25,14,5,3,12,False,True,50,2023-03-11 00:00:00,False
PNQ,RPR,QP,HIST-000,Economy,7250,INR,2023-02-10,14,4,2,6,False,False,50,2023-01-27 00:00:00,False
IDR,VNS,I5,HIST-000,Economy,9973,INR,2025-09-21,14,6,9,38,False,True,50,2025-09-07 00:00:00,False
AMD,GOI,6E,HIST-000,Economy,8914,INR,2025-06-28,14,5,6,26,False,True,50,2025-06-14 00:00:00,False
AMD,COK,SG,HIST-000,Economy,4313,INR,2025-03-24,14,0,3,13,False,False,50,2025-03-10 00:00:00,False
NAG,GAU,QP,HIST-000,Economy,12666,INR,2023-03-07,14,1,3,10,False,False,50,2023-02-21 00:00:00,False
GOI,BOM,I5,HIST-000,Economy,11680,INR,2025-03-10,14,0,3,11,False,False,50,2025-02-24 00:00:00,False
RPR,BLR,I5,HIST-000,Economy,12771,INR,2023-07-06,14,3,7,27,False,False,50,2023-06-22 00:00:00,False
DEL,HYD,6E,HIST-000,Economy,5701,INR,2025-09-01,14,0,9,36,False,False,50,2025-08-18 00:00:00,False
CCU,MAA,QP,HIST-000,Economy,11364,INR,2023-05-06,14,5,5,18,False,True,50,2023-04-22 00:00:00,False
IDR,VNS,G8,HIST-000,Economy,8783,INR,2024-06-14,14,4,6,24,False,False,50,2024-05-31 00:00:00,False
PNQ,NAG,AI,HIST-000,Economy,10285,INR,2024-05-06,14,0,5,19,False,False,50,2024-04-22 00:00:00,False
BBI,JAI,QP,HIST-000,Economy,11397,INR,2023-03-05,14,6,3,9,False,True,50,2023-02-19 00:00:00,False
IDR,LKO,2T,HIST-000,Economy,11171,INR,2023-12-06,14,2,12,49,False,False,50,2023-11-22 00:00:00,False
BLR,VNS,6E,HIST-000,Economy,9771,INR,2025-10-22,14,2,10,43,False,False,50,2025-10-08 00:00:00,False
STV,HYD,6E,HIST-000,Economy,6754,INR,2024-07-27,14,5,7,30,False,True,50,2024-07-13 00:00:00,False
NAG,AMD,UK,HIST-000,Economy,4896,INR,2023-09-09,14,5,9,36,False,True,50,2023-08-26 00:00:00,False
LKO,PAT,AI,HIST-000,Economy,5315,INR,2023-06-21,14,2,6,25,False,False,50,2023-06-07 00:00:00,False
DEL,STV,UK,HIST-000,Economy,11910,INR,2025-11-01,14,5,11,44,False,True,50,2025-10-18 00:00:00,False
PNQ,AMD,UK,HIST-000,Economy,12190,INR,2024-12-25,14,2,12,52,False,False,50,2024-12-11 00:00:00,False
PAT,NAG,UK,HIST-000,Economy,11879,INR,2023-11-11,14,5,11,45,False,True,50,2023-10-28 00:00:00,False
RPR,CCU,G8,HIST-000,Economy,10581,INR,2025-03-08,14,5,3,10,False,True,50,2025-02-22 00:00:00,False
GOI,AMD,UK,HIST-000,Economy,10703,INR,2023-09-14,14,3,9,37,False,False,50,2023-08-31 00:00:00,False
HYD,CCU,9I,HIST-000,Economy,4083,INR,2024-10-20,14,6,10,42,False,True,50,2024-10-06 00:00:00,False
CCU,HYD,6E,HIST-000,Economy,8578,INR,2025-10-26,14,6,10,43,False,True,50,2025-10-12 00:00:00,False
LKO,BBI,UK,HIST-000,Economy,6466,INR,2023-09-27,14,2,9,39,False,False,50,2023-09-13 00:00:00,False
NAG,VNS,I5,HIST-000,Economy,9679,INR,2023-10-05,14,3,10,40,False,False,50,2023-09-21 00:00:00,False
BBI,PAT,AI,HIST-000,Economy,12670,INR,2024-02-15,14,3,2,7,False,False,50,2024-02-01 00:00:00,False
IDR,HYD,G8,HIST-000,Economy,10292,INR,2024-06-20,14,3,6,25,False,False,50,2024-06-06 00:00:00,False
BOM,PNQ,9I,HIST-000,Economy,9026,INR,2024-02-22,14,3,2,8,False,False,50,2024-02-08 00:00:00,False
BLR,BBI,9I,HIST-000,Economy,12154,INR,2023-09-22,14,4,9,38,False,False,50,2023-09-08 00:00:00,False
PNQ,BLR,UK,HIST-000,Economy,11063,INR,2024-10-03,14,3,10,40,False,False,50,2024-09-19 00:00:00,False
HYD,RPR,G8,HIST-000,Economy,2741,INR,2025-01-10,14,4,1,2,False,False,50,2024-12-27 00:00:00,False
HYD,COK,AI,HIST-000,Economy,9583,INR,2024-01-15,14,0,1,3,False,False,50,2024-01-01 00:00:00,False
COK,NAG,UK,HIST-000,Economy,15259,INR,2025-08-21,14,3,8,34,False,False,50,2025-08-07 00:00:00,False
VNS,CCU,6E,HIST-000,Economy,14129,INR,2023-06-21,14,2,6,25,False,False,50,2023-06-07 00:00:00,False
PNQ,JAI,S5,HIST-000,Economy,7210,INR,2025-10-14,14,1,10,42,False,False,50,2025-09-30 00:00:00,False
MAA,BOM,UK,HIST-000,Economy,8689,INR,2025-05-14,14,2,5,20,False,False,50,2025-04-30 00:00:00,False
AMD,JAI,I5,HIST-000,Economy,11562,INR,2023-06-07,14,2,6,23,False,False,50,2023-05-24 00:00:00,False
COK,NAG,9I,HIST-000,Economy,12266,INR,2025-01-15,14,2,1,3,False,False,50,2025-01-01 00:00:00,False
VNS,CCU,AI,HIST-000,Economy,5058,INR,2024-12-26,14,3,12,52,False,False,50,2024-12-12 00:00:00,False
BOM,MAA,6E,HIST-000,Economy,6129,INR,2024-07-02,14,1,7,27,False,False,50,2024-06-18 00:00:00,False
BOM,VNS,QP,HIST-000,Economy,10994,INR,2025-03-06,14,3,3,10,False,False,50,2025-02-20 00:00:00,False
STV,COK,I5,HIST-000,Economy,2555,INR,2025-11-05,14,2,11,45,False,False,50,2025-10-22 00:00:00,False
PNQ,RPR,QP,HIST-000,Economy,8062,INR,2023-07-05,14,2,7,27,False,False,50,2023-06-21 00:00:00,False
BLR,COK,6E,HIST-000,Economy,11632,INR,2023-03-09,14,3,3,10,False,False,50,2023-02-23 00:00:00,False
BLR,GOI,I5,HIST-000,Economy,9667,INR,2024-10-09,14,2,10,41,False,False,50,2024-09-25 00:00:00,False
GOI,PNQ,I5,HIST-000,Economy,7188,INR,2023-08-15,14,1,8,33,False,False,50,2023-08-01 00:00:00,False
BOM,LKO,I5,HIST-000,Economy,6229,INR,2023-02-17,14,4,2,7,False,False,50,2023-02-03 00:00:00,False
BOM,PNQ,G8,HIST-000,Economy,12164,INR,2025-04-26,14,5,4,17,False,True,50,2025-04-12 00:00:00,False
STV,NAG,9I,HIST-000,Economy,3965,INR,2023-08-26,14,5,8,34,False,True,50,2023-08-12 00:00:00,False
JAI,BLR,G8,HIST-000,Economy,7187,INR,2023-03-16,14,3,3,11,False,False,50,2023-03-02 00:00:00,False
GAU,GOI,9I,HIST-000,Economy,9998,INR,2025-11-20,14,3,11,47,False,False,50,2025-11-06 00:00:00,False
COK,RPR,2T,HIST-000,Economy,7731,INR,2024-03-12,14,1,3,11,False,False,50,2024-02-27 00:00:00,False
BOM,STV,UK,HIST-000,Economy,14416,INR,2025-10-12,14,6,10,41,False,True,50,2025-09-28 00:00:00,False
JAI,IDR,UK,HIST-000,Economy,5329,INR,2023-08-18,14,4,8,33,False,False,50,2023-08-04 00:00:00,False
BLR,GAU,2T,HIST-000,Economy,6710,INR,2025-06-11,14,2,6,24,False,False,50,2025-05-28 00:00:00,False
DEL,MAA,UK,HIST-000,Economy,10249,INR,2024-03-14,14,3,3,11,False,False,50,2024-02-29 00:00:00,False
CCU,MAA,6E,HIST-000,Economy,8667,INR,2025-08-25,14,0,8,35,False,False,50,2025-08-11 00:00:00,False
CCU,BLR,S5,HIST-000,Economy,13703,INR,2025-05-10,14,5,5,19,False,True,50,2025-04-26 00:00:00,False
BLR,MAA,G8,HIST-000,Economy,2627,INR,2025-02-08,14,5,2,6,False,True,50,2025-01-25 00:00:00,False
PAT,COK,G8,HIST-000,Economy,13045,INR,2023-01-25,14,2,1,4,False,False,50,2023-01-11 00:00:00,False
VNS,GAU,9I,HIST-000,Economy,3671,INR,2023-05-20,14,5,5,20,False,True,50,2023-05-06 00:00:00,False
CCU,MAA,G8,HIST-000,Economy,9669,INR,2024-04-11,14,3,4,15,False,False,50,2024-03-28 00:00:00,False
IDR,LKO,9I,HIST-000,Economy,6132,INR,2023-10-20,14,4,10,42,False,False,50,2023-10-06 00:00:00,False
PAT,JAI,AI,HIST-000,Economy,14297,INR,2024-02-24,14,5,2,8,False,True,50,2024-02-10 00:00:00,False
AMD,DEL,SG,HIST-000,Economy,3264,INR,2025-10-24,14,4,10,43,False,False,50,2025-10-10 00:00:00,False
VNS,RPR,G8,HIST-000,Economy,11098,INR,2023-01-16,14,0,1,3,False,False,50,2023-01-02 00:00:00,False
CCU,HYD,QP,HIST-000,Economy,7807,INR,2025-09-26,14,4,9,39,False,False,50,2025-09-12 00:00:00,False
NAG,BLR,2T,HIST-000,Economy,12585,INR,2023-05-17,14,2,5,20,False,False,50,2023-05-03 00:00:00,False
LKO,RPR,SG,HIST-000,Economy,9129,INR,2024-03-22,14,4,3,12,False,False,50,2024-03-08 00:00:00,False
VNS,LKO,I5,HIST-000,Economy,4158,INR,2023-10-27,14,4,10,43,False,False,50,2023-10-13 00:00:00,False
BLR,BBI,2T,HIST-000,Economy,5051,INR,2024-12-26,14,3,12,52,False,False,50,2024-12-12 00:00:00,False
LKO,JAI,2T,HIST-000,Economy,16256,INR,2025-05-08,14,3,5,19,False,False,50,2025-04-24 00:00:00,False
COK,BLR,I5,HIST-000,Economy,6323,INR,2025-10-16,14,3,10,42,False,False,50,2025-10-02 00:00:00,False
IDR,PNQ,2T,HIST-000,Economy,7340,INR,2024-12-15,14,6,12,50,False,True,50,2024-12-01 00:00:00,False
COK,STV,9I,HIST-000,Economy,6962,INR,2024-12-08,14,6,12,49,False,True,50,2024-11-24 00:00:00,False
NAG,JAI,2T,HIST-000,Economy,10319,INR,2024-01-02,14,1,1,1,False,False,50,2023-12-19 00:00:00,False
STV,CCU,SG,HIST-000,Economy,2815,INR,2023-04-23,14,6,4,16,False,True,50,2023-04-09 00:00:00,False
HYD,LKO,9I,HIST-000,Economy,4570,INR,2025-02-25,14,1,2,9,False,False,50,2025-02-11 00:00:00,False
GOI,HYD,SG,HIST-000,Economy,6221,INR,2023-11-23,14,3,11,47,False,False,50,2023-11-09 00:00:00,False
AMD,BOM,9I,HIST-000,Economy,6540,INR,2024-02-04,14,6,2,5,False,True,50,2024-01-21 00:00:00,False
HYD,DEL,G8,HIST-000,Economy,14328,INR,2024-04-23,14,1,4,17,False,False,50,2024-04-09 00:00:00,False
BOM,MAA,AI,HIST-000,Economy,7267,INR,2024-08-25,14,6,8,34,False,True,50,2024-08-11 00:00:00,False
CCU,MAA,9I,HIST-000,Economy,7274,INR,2024-01-11,14,3,1,2,False,False,50,2023-12-28 00:00:00,False
PAT,IDR,9I,HIST-000,Economy,8206,INR,2025-09-14,14,6,9,37,False,True,50,2025-08-31 00:00:00,False
IDR,MAA,SG,HIST-000,Economy,10477,INR,2025-06-20,14,4,6,25,False,False,50,2025-06-06 00:00:00,False
HYD,JAI,AI,HIST-000,Economy,12518,INR,2023-02-20,14,0,2,8,False,False,50,2023-02-06 00:00:00,False
JAI,NAG,UK,HIST-000,Economy,9640,INR,2023-06-01,14,3,6,22,False,False,50,2023-05-18 00:00:00,False
MAA,JAI,9I,HIST-000,Economy,10103,INR,2023-09-08,14,4,9,36,False,False,50,2023-08-25 00:00:00,False
CCU,LKO,S5,HIST-000,Economy,6362,INR,2025-10-04,14,5,10,40,False,True,50,2025-09-20 00:00:00,False
STV,COK,SG,HIST-000,Economy,12181,INR,2024-08-21,14,2,8,34,False,False,50,2024-08-07 00:00:00,False
NAG,DEL,G8,HIST-000,Economy,13720,INR,2024-08-24,14,5,8,34,False,True,50,2024-08-10 00:00:00,False
VNS,MAA,UK,HIST-000,Economy,10194,INR,2023-08-02,14,2,8,31,False,False,50,2023-07-19 00:00:00,False
CCU,RPR,UK,HIST-000,Economy,11755,INR,2025-02-19,14,2,2,8,False,False,50,2025-02-05 00:00:00,False
IDR,STV,UK,HIST-000,Economy,4251,INR,2024-03-14,14,3,3,11,False,False,50,2024-02-29 00:00:00,False
CCU,STV,2T,HIST-000,Economy,12638,INR,2023-09-17,14,6,9,37,False,True,50,2023-09-03 00:00:00,False
CCU,IDR,G8,HIST-000,Economy,14448,INR,2024-06-26,14,2,6,26,False,False,50,2024-06-12 00:00:00,False
PNQ,BBI,QP,HIST-000,Economy,9577,INR,2025-07-01,14,1,7,27,False,False,50,2025-06-17 00:00:00,False
BLR,STV,SG,HIST-000,Economy,8063,INR,2024-10-16,14,2,10,42,False,False,50,2024-10-02 00:00:00,False
LKO,BOM,SG,HIST-000,Economy,11097,INR,2025-11-10,14,0,11,46,False,False,50,2025-10-27 00:00:00,False
COK,BBI,AI,HIST-000,Economy,8851,INR,2023-07-26,14,2,7,30,False,False,50,2023-07-12 00:00:00,False
JAI,RPR,2T,HIST-000,Economy,5700,INR,2025-10-12,14,6,10,41,False,True,50,2025-09-28 00:00:00,False
PNQ,NAG,6E,HIST-000,Economy,10679,INR,2024-10-22,14,1,10,43,False,False,50,2024-10-08 00:00:00,False
NAG,BLR,I5,HIST-000,Economy,7173,INR,2023-11-26,14,6,11,47,False,True,50,2023-11-12 00:00:00,False
NAG,BBI,I5,HIST-000,Economy,5511,INR,2024-06-22,14,5,6,25,False,True,50,2024-06-08 00:00:00,False
COK,DEL,9I,HIST-000,Economy,10934,INR,2023-03-23,14,3,3,12,False,False,50,2023-03-09 00:00:00,False
BLR,COK,UK,HIST-000,Economy,10804,INR,2025-06-26,14,3,6,26,False,False,50,2025-06-12 00:00:00,False
GOI,MAA,2T,HIST-000,Economy,4665,INR,2023-06-01,14,3,6,22,False,False,50,2023-05-18 00:00:00,False
DEL,PAT,SG,HIST-000,Economy,8434,INR,2023-06-24,14,5,6,25,False,True,50,2023-06-10 00:00:00,False
GAU,STV,I5,HIST-000,Economy,9391,INR,2023-02-04,14,5,2,5,False,True,50,2023-01-21 00:00:00,False
RPR,AMD,QP,HIST-000,Economy,7757,INR,2023-03-26,14,6,3,12,False,True,50,2023-03-12 00:00:00,False
GAU,STV,2T,HIST-000,Economy,12645,INR,2023-06-03,14,5,6,22,False,True,50,2023-05-20 00:00:00,False
AMD,JAI,G8,HIST-000,Economy,8611,INR,2024-11-24,14,6,11,47,False,True,50,2024-11-10 00:00:00,False
PNQ,NAG,UK,HIST-000,Economy,13268,INR,2025-09-17,14,2,9,38,False,False,50,2025-09-03 00:00:00,False
BLR,NAG,2T,HIST-000,Economy,15686,INR,2025-03-14,14,4,3,11,False,False,50,2025-02-28 00:00:00,False
GOI,NAG,I5,HIST-000,Economy,10753,INR,2023-04-16,14,6,4,15,False,True,50,2023-04-02 00:00:00,False
GAU,LKO,I5,HIST-000,Economy,11778,INR,2024-07-16,14,1,7,29,False,False,50,2024-07-02 00:00:00,False
HYD,JAI,S5,HIST-000,Economy,4794,INR,2025-10-21,14,1,10,43,False,False,50,2025-10-07 00:00:00,False
IDR,VNS,UK,HIST-000,Economy,7774,INR,2023-05-19,14,4,5,20,False,False,50,2023-05-05 00:00:00,False
STV,DEL,G8,HIST-000,Economy,8369,INR,2024-12-24,14,1,12,52,False,False,50,2024-12-10 00:00:00,False
LKO,BLR,2T,HIST-000,Economy,11947,INR,2023-09-05,14,1,9,36,False,False,50,2023-08-22 00:00:00,False
RPR,COK,G8,HIST-000,Economy,8599,INR,2023-10-27,14,4,10,43,False,False,50,2023-10-13 00:00:00,False
NAG,COK,SG,HIST-000,Economy,6206,INR,2025-02-10,14,0,2,7,False,False,50,2025-01-27 00:00:00,False
BLR,LKO,AI,HIST-000,Economy,11431,INR,2023-08-03,14,3,8,31,False,False,50,2023-07-20 00:00:00,False
MAA,PAT,I5,HIST-000,Economy,14637,INR,2023-11-06,14,0,11,45,False,False,50,2023-10-23 00:00:00,False
RPR,IDR,9I,HIST-000,Economy,10432,INR,2024-07-23,14,1,7,30,False,False,50,2024-07-09 00:00:00,False
CCU,COK,AI,HIST-000,Economy,8993,INR,2023-12-22,14,4,12,51,False,False,50,2023-12-08 00:00:00,False
JAI,GAU,UK,HIST-000,Economy,6908,INR,2023-09-18,14,0,9,38,False,False,50,2023-09-04 00:00:00,False
CCU,LKO,I5,HIST-000,Economy,13879,INR,2024-06-15,14,5,6,24,False,True,50,2024-06-01 00:00:00,False
GOI,RPR,G8,HIST-000,Economy,10872,INR,2023-08-13,14,6,8,32,False,True,50,2023-07-30 00:00:00,False
PNQ,NAG,6E,HIST-000,Economy,6728,INR,2023-09-22,14,4,9,38,False,False,50,2023-09-08 00:00:00,False
GAU,PNQ,I5,HIST-000,Economy,4413,INR,2025-09-05,14,4,9,36,False,False,50,2025-08-22 00:00:00,False
PAT,RPR,QP,HIST-000,Economy,7257,INR,2023-06-07,14,2,6,23,False,False,50,2023-05-24 00:00:00,False
NAG,MAA,9I,HIST-000,Economy,14987,INR,2024-10-06,14,6,10,40,False,True,50,2024-09-22 00:00:00,False
DEL,COK,UK,HIST-000,Economy,7571,INR,2025-07-19,14,5,7,29,False,True,50,2025-07-05 00:00:00,False
CCU,GOI,QP,HIST-000,Economy,12503,INR,2024-07-05,14,4,7,27,False,False,50,2024-06-21 00:00:00,False
VNS,BBI,6E,HIST-000,Economy,9475,INR,2023-09-16,14,5,9,37,False,True,50,2023-09-02 00:00:00,False
BLR,GOI,UK,HIST-000,Economy,4618,INR,2024-10-27,14,6,10,43,False,True,50,2024-10-13 00:00:00,False
COK,AMD,AI,HIST-000,Economy,9800,INR,2023-02-08,14,2,2,6,False,False,50,2023-01-25 00:00:00,False
CCU,BOM,6E,HIST-000,Economy,11362,INR,2024-02-01,14,3,2,5,False,False,50,2024-01-18 00:00:00,False
DEL,CCU,9I,HIST-000,Economy,11264,INR,2024-08-14,14,2,8,33,False,False,50,2024-07-31 00:00:00,False
BLR,DEL,9I,HIST-000,Economy,11179,INR,2025-01-03,14,4,1,1,False,False,50,2024-12-20 00:00:00,False
BBI,LKO,2T,HIST-000,Economy,13467,INR,2025-03-15,14,5,3,11,False,True,50,2025-03-01 00:00:00,False
DEL,VNS,AI,HIST-000,Economy,10443,INR,2024-05-23,14,3,5,21,False,False,50,2024-05-09 00:00:00,False
PNQ,COK,UK,HIST-000,Economy,12618,INR,2023-10-27,14,4,10,43,False,False,50,2023-10-13 00:00:00,False
BLR,STV,2T,HIST-000,Economy,4621,INR,2025-06-22,14,6,6,25,False,True,50,2025-06-08 00:00:00,False
MAA,STV,G8,HIST-000,Economy,12256,INR,2025-04-20,14,6,4,16,False,True,50,2025-04-06 00:00:00,False
VNS,IDR,6E,HIST-000,Economy,12754,INR,2024-03-11,14,0,3,11,False,False,50,2024-02-26 00:00:00,False
BLR,CCU,AI,HIST-000,Economy,9307,INR,2023-11-03,14,4,11,44,False,False,50,2023-10-20 00:00:00,False
PAT,COK,6E,HIST-000,Economy,11690,INR,2023-04-28,14,4,4,17,False,False,50,2023-04-14 00:00:00,False
BOM,NAG,UK,HIST-000,Economy,11652,INR,2024-11-10,14,6,11,45,False,True,50,2024-10-27 00:00:00,False
BOM,DEL,I5,HIST-000,Economy,9321,INR,2024-09-28,14,5,9,39,False,True,50,2024-09-14 00:00:00,False
PAT,HYD,2T,HIST-000,Economy,14596,INR,2025-02-15,14,5,2,7,False,True,50,2025-02-01 00:00:00,False
STV,PAT,I5,HIST-000,Economy,11661,INR,2024-07-13,14,5,7,28,False,True,50,2024-06-29 00:00:00,False
DEL,NAG,6E,HIST-000,Economy,11484,INR,2023-10-14,14,5,10,41,False,True,50,2023-09-30 00:00:00,False
HYD,BLR,6E,HIST-000,Economy,7484,INR,2025-06-19,14,3,6,25,False,False,50,2025-06-05 00:00:00,False
PNQ,BBI,6E,HIST-000,Economy,6586,INR,2025-03-28,14,4,3,13,False,False,50,2025-03-14 00:00:00,False
BOM,GOI,I5,HIST-000,Economy,14401,INR,2024-01-13,14,5,1,2,False,True,50,2023-12-30 00:00:00,False
STV,COK,6E,HIST-000,Economy,8803,INR,2023-10-09,14,0,10,41,False,False,50,2023-09-25 00:00:00,False
RPR,DEL,UK,HIST-000,Economy,7091,INR,2025-03-03,14,0,3,10,False,False,50,2025-02-17 00:00:00,False
BBI,VNS,S5,HIST-000,Economy,4191,INR,2025-09-11,14,3,9,37,False,False,50,2025-08-28 00:00:00,False
PAT,GOI,9I,HIST-000,Economy,13847,INR,2025-07-13,14,6,7,28,False,True,50,2025-06-29 00:00:00,False
PAT,NAG,I5,HIST-000,Economy,9724,INR,2023-08-04,14,4,8,31,False,False,50,2023-07-21 00:00:00,False
STV,COK,I5,HIST-000,Economy,11163,INR,2025-03-23,14,6,3,12,False,True,50,2025-03-09 00:00:00,False
CCU,MAA,G8,HIST-000,Economy,7150,INR,2024-05-28,14,1,5,22,False,False,50,2024-05-14 00:00:00,False
NAG,MAA,UK,HIST-000,Economy,8765,INR,2024-03-05,14,1,3,10,False,False,50,2024-02-20 00:00:00,False
MAA,AMD,SG,HIST-000,Economy,13267,INR,2024-01-25,14,3,1,4,False,False,50,2024-01-11 00:00:00,False
RPR,MAA,6E,HIST-000,Economy,11857,INR,2024-01-13,14,5,1,2,False,True,50,2023-12-30 00:00:00,False
IDR,LKO,G8,HIST-000,Economy,12332,INR,2024-06-21,14,4,6,25,False,False,50,2024-06-07 00:00:00,False
DEL,JAI,AI,HIST-000,Economy,6938,INR,2024-12-24,14,1,12,52,False,False,50,2024-12-10 00:00:00,False
PNQ,COK,SG,HIST-000,Economy,5372,INR,2025-09-09,14,1,9,37,False,False,50,2025-08-26 00:00:00,False
BLR,HYD,9I,HIST-000,Economy,6058,INR,2024-12-27,14,4,12,52,False,False,50,2024-12-13 00:00:00,False
BOM,VNS,UK,HIST-000,Economy,8379,INR,2023-02-10,14,4,2,6,False,False,50,2023-01-27 00:00:00,False
PAT,MAA,2T,HIST-000,Economy,9813,INR,2024-06-28,14,4,6,26,False,False,50,2024-06-14 00:00:00,False
HYD,STV,G8,HIST-000,Economy,8761,INR,2025-02-25,14,1,2,9,False,False,50,2025-02-11 00:00:00,False
HYD,GAU,2T,HIST-000,Economy,10143,INR,2025-04-07,14,0,4,15,False,False,50,2025-03-24 00:00:00,False
GAU,RPR,6E,HIST-000,Economy,7543,INR,2024-06-27,14,3,6,26,False,False,50,2024-06-13 00:00:00,False
VNS,PNQ,6E,HIST-000,Economy,15145,INR,2024-09-23,14,0,9,39,False,False,50,2024-09-09 00:00:00,False
STV,COK,I5,HIST-000,Economy,3771,INR,2025-06-07,14,5,6,23,False,True,50,2025-05-24 00:00:00,False
NAG,GAU,G8,HIST-000,Economy,10426,INR,2025-04-25,14,4,4,17,False,False,50,2025-04-11 00:00:00,False
HYD,GOI,AI,HIST-000,Economy,5302,INR,2023-02-27,14,0,2,9,False,False,50,2023-02-13 00:00:00,False
GAU,NAG,9I,HIST-000,Economy,7134,INR,2025-04-27,14,6,4,17,False,True,50,2025-04-13 00:00:00,False
PAT,PNQ,SG,HIST-000,Economy,11724,INR,2025-03-01,14,5,3,9,False,True,50,2025-02-15 00:00:00,False
CCU,NAG,S5,HIST-000,Economy,8214,INR,2023-04-09,14,6,4,14,False,True,50,2023-03-26 00:00:00,False
HYD,BBI,QP,HIST-000,Economy,3906,INR,2023-03-05,14,6,3,9,False,True,50,2023-02-19 00:00:00,False
GOI,NAG,I5,HIST-000,Economy,4073,INR,2025-09-18,14,3,9,38,False,False,50,2025-09-04 00:00:00,False
LKO,PAT,6E,HIST-000,Economy,14224,INR,2023-05-13,14,5,5,19,False,True,50,2023-04-29 00:00:00,False
HYD,GOI,AI,HIST-000,Economy,8791,INR,2023-02-04,14,5,2,5,False,True,50,2023-01-21 00:00:00,False
BOM,CCU,I5,HIST-000,Economy,3810,INR,2024-05-13,14,0,5,20,False,False,50,2024-04-29 00:00:00,False
NAG,GOI,2T,HIST-000,Economy,11150,INR,2023-08-25,14,4,8,34,False,False,50,2023-08-11 00:00:00,False
PAT,LKO,2T,HIST-000,Economy,4008,INR,2025-10-08,14,2,10,41,False,False,50,2025-09-24 00:00:00,False
GAU,MAA,QP,HIST-000,Economy,7806,INR,2024-08-23,14,4,8,34,False,False,50,2024-08-09 00:00:00,False
JAI,NAG,2T,HIST-000,Economy,12132,INR,2025-03-05,14,2,3,10,False,False,50,2025-02-19 00:00:00,False
COK,BLR,6E,HIST-000,Economy,16029,INR,2025-06-09,14,0,6,24,False,False,50,2025-05-26 00:00:00,False
NAG,GOI,6E,HIST-000,Economy,16683,INR,2023-07-13,14,3,7,28,False,False,50,2023-06-29 00:00:00,False
IDR,NAG,UK,HIST-000,Economy,3187,INR,2024-12-02,14,0,12,49,False,False,50,2024-11-18 00:00:00,False
GAU,PAT,AI,HIST-000,Economy,5169,INR,2024-01-16,14,1,1,3,False,False,50,2024-01-02 00:00:00,False
DEL,COK,I5,HIST-000,Economy,8561,INR,2024-10-02,14,2,10,40,False,False,50,2024-09-18 00:00:00,False
NAG,STV,G8,HIST-000,Economy,9756,INR,2025-03-19,14,2,3,12,False,False,50,2025-03-05 00:00:00,False
CCU,HYD,6E,HIST-000,Economy,9039,INR,2024-10-20,14,6,10,42,False,True,50,2024-10-06 00:00:00,False
RPR,BLR,6E,HIST-000,Economy,12730,INR,2025-10-26,14,6,10,43,False,True,50,2025-10-12 00:00:00,False
STV,PNQ,6E,HIST-000,Economy,8682,INR,2023-10-08,14,6,10,40,False,True,50,2023-09-24 00:00:00,False
CCU,VNS,SG,HIST-000,Economy,16147,INR,2025-09-22,14,0,9,39,False,False,50,2025-09-08 00:00:00,False
JAI,IDR,9I,HIST-000,Economy,11932,INR,2024-07-12,14,4,7,28,False,False,50,2024-06-28 00:00:00,False
BOM,DEL,I5,HIST-000,Economy,13412,INR,2025-12-07,14,6,12,49,False,True,50,2025-11-23 00:00:00,False
VNS,STV,9I,HIST-000,Economy,2592,INR,2023-01-21,14,5,1,3,False,True,50,2023-01-07 00:00:00,False
GAU,HYD,SG,HIST-000,Economy,11244,INR,2023-02-18,14,5,2,7,False,True,50,2023-02-04 00:00:00,False
AMD,MAA,2T,HIST-000,Economy,9479,INR,2023-12-05,14,1,12,49,False,False,50,2023-11-21 00:00:00,False
GOI,BOM,9I,HIST-000,Economy,6063,INR,2023-06-13,14,1,6,24,False,False,50,2023-05-30 00:00:00,False
BLR,BOM,2T,HIST-000,Economy,10142,INR,2023-04-09,14,6,4,14,False,True,50,2023-03-26 00:00:00,False
AMD,PNQ,9I,HIST-000,Economy,3596,INR,2024-10-08,14,1,10,41,False,False,50,2024-09-24 00:00:00,False
PNQ,GOI,6E,HIST-000,Economy,9760,INR,2024-03-10,14,6,3,10,False,True,50,2024-02-25 00:00:00,False
COK,BLR,9I,HIST-000,Economy,17047,INR,2024-02-07,14,2,2,6,False,False,50,2024-01-24 00:00:00,False
GAU,BOM,SG,HIST-000,Economy,10850,INR,2025-03-14,14,4,3,11,False,False,50,2025-02-28 00:00:00,False
PAT,BOM,SG,HIST-000,Economy,6688,INR,2024-08-04,14,6,8,31,False,True,50,2024-07-21 00:00:00,False
GAU,DEL,I5,HIST-000,Economy,12012,INR,2023-08-24,14,3,8,34,False,False,50,2023-08-10 00:00:00,False
GAU,GOI,SG,HIST-000,Economy,10811,INR,2023-05-09,14,1,5,19,False,False,50,2023-04-25 00:00:00,False
BOM,AMD,I5,HIST-000,Economy,10497,INR,2023-12-28,14,3,12,52,False,False,50,2023-12-14 00:00:00,False
GOI,GAU,9I,HIST-000,Economy,10113,INR,2024-01-09,14,1,1,2,False,False,50,2023-12-26 00:00:00,False
DEL,CCU,S5,HIST-000,Economy,5961,INR,2024-06-18,14,1,6,25,False,False,50,2024-06-04 00:00:00,False
GAU,CCU,I5,HIST-000,Economy,11426,INR,2025-11-01,14,5,11,44,False,True,50,2025-10-18 00:00:00,False
GOI,RPR,AI,HIST-000,Economy,8535,INR,2024-07-07,14,6,7,27,False,True,50,2024-06-23 00:00:00,False
RPR,IDR,UK,HIST-000,Economy,8529,INR,2025-10-05,14,6,10,40,False,True,50,2025-09-21 00:00:00,False
DEL,BBI,UK,HIST-000,Economy,3608,INR,2024-12-03,14,1,12,49,False,False,50,2024-11-19 00:00:00,False
HYD,LKO,2T,HIST-000,Economy,12669,INR,2024-07-13,14,5,7,28,False,True,50,2024-06-29 00:00:00,False
BLR,MAA,9I,HIST-000,Economy,10767,INR,2025-06-02,14,0,6,23,False,False,50,2025-05-19 00:00:00,False
VNS,STV,AI,HIST-000,Economy,9182,INR,2023-07-13,14,3,7,28,False,False,50,2023-06-29 00:00:00,False
GAU,VNS,9I,HIST-000,Economy,7225,INR,2025-10-23,14,3,10,43,False,False,50,2025-10-09 00:00:00,False
IDR,BLR,UK,HIST-000,Economy,8959,INR,2023-06-14,14,2,6,24,False,False,50,2023-05-31 00:00:00,False
HYD,STV,I5,HIST-000,Economy,11237,INR,2025-01-07,14,1,1,2,False,False,50,2024-12-24 00:00:00,False
DEL,MAA,QP,HIST-000,Economy,11121,INR,2024-01-09,14,1,1,2,False,False,50,2023-12-26 00:00:00,False
DEL,LKO,G8,HIST-000,Economy,9117,INR,2024-07-24,14,2,7,30,False,False,50,2024-07-10 00:00:00,False
RPR,BBI,SG,HIST-000,Economy,7983,INR,2025-09-20,14,5,9,38,False,True,50,2025-09-06 00:00:00,False
VNS,CCU,UK,HIST-000,Economy,9876,INR,2023-12-27,14,2,12,52,False,False,50,2023-12-13 00:00:00,False
GOI,STV,SG,HIST-000,Economy,12059,INR,2025-03-27,14,3,3,13,False,False,50,2025-03-13 00:00:00,False
RPR,GAU,G8,HIST-000,Economy,5498,INR,2023-08-02,14,2,8,31,False,False,50,2023-07-19 00:00:00,False
AMD,RPR,S5,HIST-000,Economy,10007,INR,2025-07-05,14,5,7,27,False,True,50,2025-06-21 00:00:00,False
NAG,PAT,AI,HIST-000,Economy,5643,INR,2025-09-04,14,3,9,36,False,False,50,2025-08-21 00:00:00,False
JAI,BOM,SG,HIST-000,Economy,11880,INR,2024-04-18,14,3,4,16,False,False,50,2024-04-04 00:00:00,False
PAT,BOM,6E,HIST-000,Economy,15161,INR,2025-05-04,14,6,5,18,False,True,50,2025-04-20 00:00:00,False
RPR,NAG,UK,HIST-000,Economy,14950,INR,2024-04-23,14,1,4,17,False,False,50,2024-04-09 00:00:00,False
PAT,HYD,2T,HIST-000,Economy,5891,INR,2024-02-20,14,1,2,8,False,False,50,2024-02-06 00:00:00,False
MAA,RPR,6E,HIST-000,Economy,11502,INR,2024-09-07,14,5,9,36,False,True,50,2024-08-24 00:00:00,False
COK,DEL,9I,HIST-000,Economy,9280,INR,2024-06-14,14,4,6,24,False,False,50,2024-05-31 00:00:00,False
BLR,STV,S5,HIST-000,Economy,8159,INR,2024-05-13,14,0,5,20,False,False,50,2024-04-29 00:00:00,False
RPR,GAU,6E,HIST-000,Economy,8758,INR,2024-05-22,14,2,5,21,False,False,50,2024-05-08 00:00:00,False
RPR,BBI,QP,HIST-000,Economy,9679,INR,2024-06-10,14,0,6,24,False,False,50,2024-05-27 00:00:00,False
PAT,IDR,I5,HIST-000,Economy,4582,INR,2024-09-20,14,4,9,38,False,False,50,2024-09-06 00:00:00,False
GOI,LKO,UK,HIST-000,Economy,12099,INR,2025-12-12,14,4,12,50,False,False,50,2025-11-28 00:00:00,False
IDR,BBI,2T,HIST-000,Economy,15228,INR,2023-09-18,14,0,9,38,False,False,50,2023-09-04 00:00:00,False
PAT,NAG,AI,HIST-000,Economy,3718,INR,2024-09-27,14,4,9,39,False,False,50,2024-09-13 00:00:00,False
GAU,HYD,6E,HIST-000,Economy,6124,INR,2023-12-17,14,6,12,50,False,True,50,2023-12-03 00:00:00,False
BBI,JAI,SG,HIST-000,Economy,14740,INR,2023-06-06,14,1,6,23,False,False,50,2023-05-23 00:00:00,False
PNQ,GOI,UK,HIST-000,Economy,5554,INR,2025-07-25,14,4,7,30,False,False,50,2025-07-11 00:00:00,False
GAU,GOI,UK,HIST-000,Economy,8235,INR,2023-04-26,14,2,4,17,False,False,50,2023-04-12 00:00:00,False
HYD,BLR,QP,HIST-000,Economy,5705,INR,2023-04-08,14,5,4,14,False,True,50,2023-03-25 00:00:00,False
PNQ,STV,2T,HIST-000,Economy,10539,INR,2023-01-09,14,0,1,2,False,False,50,2022-12-26 00:00:00,False
GAU,MAA,UK,HIST-000,Economy,8518,INR,2025-09-04,14,3,9,36,False,False,50,2025-08-21 00:00:00,False
NAG,COK,2T,HIST-000,Economy,11798,INR,2024-06-08,14,5,6,23,False,True,50,2024-05-25 00:00:00,False
MAA,VNS,2T,HIST-000,Economy,15179,INR,2025-03-24,14,0,3,13,False,False,50,2025-03-10 00:00:00,False
PNQ,JAI,I5,HIST-000,Economy,11274,INR,2025-03-11,14,1,3,11,False,False,50,2025-02-25 00:00:00,False
DEL,LKO,6E,HIST-000,Economy,9434,INR,2023-05-20,14,5,5,20,False,True,50,2023-05-06 00:00:00,False
IDR,AMD,G8,HIST-000,Economy,13300,INR,2025-04-24,14,3,4,17,False,False,50,2025-04-10 00:00:00,False
BBI,COK,SG,HIST-000,Economy,12209,INR,2025-01-24,14,4,1,4,False,False,50,2025-01-10 00:00:00,False
HYD,BOM,2T,HIST-000,Economy,7250,INR,2023-02-25,14,5,2,8,False,True,50,2023-02-11 00:00:00,False
BLR,AMD,9I,HIST-000,Economy,4599,INR,2025-10-02,14,3,10,40,False,False,50,2025-09-18 00:00:00,False
VNS,COK,I5,HIST-000,Economy,6518,INR,2025-05-21,14,2,5,21,False,False,50,2025-05-07 00:00:00,False
BLR,AMD,QP,HIST-000,Economy,6146,INR,2025-03-06,14,3,3,10,False,False,50,2025-02-20 00:00:00,False
PAT,CCU,G8,HIST-000,Economy,10675,INR,2024-07-26,14,4,7,30,False,False,50,2024-07-12 00:00:00,False
STV,VNS,S5,HIST-000,Economy,7947,INR,2023-04-14,14,4,4,15,False,False,50,2023-03-31 00:00:00,False
NAG,HYD,2T,HIST-000,Economy,11661,INR,2025-02-13,14,3,2,7,False,False,50,2025-01-30 00:00:00,False
NAG,COK,AI,HIST-000,Economy,8096,INR,2025-10-13,14,0,10,42,False,False,50,2025-09-29 00:00:00,False
GAU,DEL,S5,HIST-000,Economy,6635,INR,2023-01-08,14,6,1,1,False,True,50,2022-12-25 00:00:00,False
HYD,BBI,9I,HIST-000,Economy,9767,INR,2024-01-28,14,6,1,4,False,True,50,2024-01-14 00:00:00,False
BLR,COK,UK,HIST-000,Economy,5750,INR,2023-10-01,14,6,10,39,False,True,50,2023-09-17 00:00:00,False
BBI,STV,G8,HIST-000,Economy,8244,INR,2024-05-08,14,2,5,19,False,False,50,2024-04-24 00:00:00,False
IDR,VNS,2T,HIST-000,Economy,8476,INR,2024-09-04,14,2,9,36,False,False,50,2024-08-21 00:00:00,False
AMD,NAG,9I,HIST-000,Economy,5164,INR,2025-05-10,14,5,5,19,False,True,50,2025-04-26 00:00:00,False
MAA,PAT,6E,HIST-000,Economy,8158,INR,2023-07-17,14,0,7,29,False,False,50,2023-07-03 00:00:00,False
VNS,MAA,SG,HIST-000,Economy,5497,INR,2025-10-22,14,2,10,43,False,False,50,2025-10-08 00:00:00,False
BBI,DEL,S5,HIST-000,Economy,10936,INR,2024-10-08,14,1,10,41,False,False,50,2024-09-24 00:00:00,False
GAU,PNQ,9I,HIST-000,Economy,14829,INR,2024-04-12,14,4,4,15,False,False,50,2024-03-29 00:00:00,False
JAI,PAT,AI,HIST-000,Economy,10556,INR,2024-06-20,14,3,6,25,False,False,50,2024-06-06 00:00:00,False
IDR,VNS,UK,HIST-000,Economy,9146,INR,2025-09-28,14,6,9,39,False,True,50,2025-09-14 00:00:00,False
DEL,GOI,S5,HIST-000,Economy,9760,INR,2023-11-13,14,0,11,46,False,False,50,2023-10-30 00:00:00,False
PAT,AMD,G8,HIST-000,Economy,9184,INR,2024-11-18,14,0,11,47,False,False,50,2024-11-04 00:00:00,False
MAA,HYD,S5,HIST-000,Economy,12216,INR,2023-08-28,14,0,8,35,False,False,50,2023-08-14 00:00:00,False
BBI,IDR,6E,HIST-000,Economy,16833,INR,2024-04-28,14,6,4,17,False,True,50,2024-04-14 00:00:00,False
AMD,PAT,6E,HIST-000,Economy,12171,INR,2024-02-06,14,1,2,6,False,False,50,2024-01-23 00:00:00,False
CCU,VNS,SG,HIST-000,Economy,7292,INR,2023-04-04,14,1,4,14,False,False,50,2023-03-21 00:00:00,False
BOM,RPR,UK,HIST-000,Economy,10891,INR,2023-10-17,14,1,10,42,False,False,50,2023-10-03 00:00:00,False
CCU,AMD,SG,HIST-000,Economy,6230,INR,2025-03-13,14,3,3,11,False,False,50,2025-02-27 00:00:00,False
HYD,JAI,SG,HIST-000,Economy,7204,INR,2025-10-22,14,2,10,43,False,False,50,2025-10-08 00:00:00,False
NAG,RPR,I5,HIST-000,Economy,6339,INR,2025-11-18,14,1,11,47,False,False,50,2025-11-04 00:00:00,False
DEL,RPR,UK,HIST-000,Economy,8137,INR,2024-06-06,14,3,6,23,False,False,50,2024-05-23 00:00:00,False
BLR,LKO,UK,HIST-000,Economy,9130,INR,2023-05-22,14,0,5,21,False,False,50,2023-05-08 00:00:00,False
AMD,GAU,2T,HIST-000,Economy,14127,INR,2023-06-18,14,6,6,24,False,True,50,2023-06-04 00:00:00,False
MAA,VNS,AI,HIST-000,Economy,7608,INR,2025-03-12,14,2,3,11,False,False,50,2025-02-26 00:00:00,False
BBI,GAU,SG,HIST-000,Economy,11331,INR,2024-06-15,14,5,6,24,False,True,50,2024-06-01 00:00:00,False
BBI,DEL,I5,HIST-000,Economy,9899,INR,2024-04-07,14,6,4,14,False,True,50,2024-03-24 00:00:00,False
DEL,PAT,QP,HIST-000,Economy,9626,INR,2025-04-03,14,3,4,14,False,False,50,2025-03-20 00:00:00,False
PNQ,DEL,2T,HIST-000,Economy,16412,INR,2024-11-10,14,6,11,45,False,True,50,2024-10-27 00:00:00,False
NAG,JAI,S5,HIST-000,Economy,13927,INR,2025-08-18,14,0,8,34,False,False,50,2025-08-04 00:00:00,False
AMD,JAI,S5,HIST-000,Economy,10418,INR,2023-01-12,14,3,1,2,False,False,50,2022-12-29 00:00:00,False
MAA,HYD,UK,HIST-000,Economy,10316,INR,2025-08-02,14,5,8,31,False,True,50,2025-07-19 00:00:00,False
IDR,BOM,G8,HIST-000,Economy,13599,INR,2025-03-23,14,6,3,12,False,True,50,2025-03-09 00:00:00,False
LKO,STV,S5,HIST-000,Economy,10947,INR,2025-05-12,14,0,5,20,False,False,50,2025-04-28 00:00:00,False
BOM,COK,G8,HIST-000,Economy,10050,INR,2023-07-12,14,2,7,28,False,False,50,2023-06-28 00:00:00,False
BOM,MAA,QP,HIST-000,Economy,9700,INR,2024-03-01,14,4,3,9,False,False,50,2024-02-16 00:00:00,False
HYD,LKO,2T,HIST-000,Economy,10626,INR,2024-12-19,14,3,12,51,False,False,50,2024-12-05 00:00:00,False
COK,AMD,S5,HIST-000,Economy,7400,INR,2025-04-23,14,2,4,17,False,False,50,2025-04-09 00:00:00,False
BOM,CCU,I5,HIST-000,Economy,15850,INR,2024-02-14,14,2,2,7,False,False,50,2024-01-31 00:00:00,False
GOI,PNQ,9I,HIST-000,Economy,8038,INR,2023-05-19,14,4,5,20,False,False,50,2023-05-05 00:00:00,False
VNS,PNQ,2T,HIST-000,Economy,12629,INR,2023-10-03,14,1,10,40,False,False,50,2023-09-19 00:00:00,False
PAT,IDR,SG,HIST-000,Economy,13057,INR,2024-01-15,14,0,1,3,False,False,50,2024-01-01 00:00:00,False
COK,MAA,UK,HIST-000,Economy,11323,INR,2024-10-21,14,0,10,43,False,False,50,2024-10-07 00:00:00,False
GAU,PNQ,6E,HIST-000,Economy,9513,INR,2024-04-04,14,3,4,14,False,False,50,2024-03-21 00:00:00,False
BOM,DEL,I5,HIST-000,Economy,7664,INR,2025-01-06,14,0,1,2,False,False,50,2024-12-23 00:00:00,False
LKO,JAI,SG,HIST-000,Economy,8576,INR,2025-07-04,14,4,7,27,False,False,50,2025-06-20 00:00:00,False
DEL,GOI,QP,HIST-000,Economy,7625,INR,2024-11-28,14,3,11,48,False,False,50,2024-11-14 00:00:00,False
GOI,VNS,QP,HIST-000,Economy,4872,INR,2025-11-05,14,2,11,45,False,False,50,2025-10-22 00:00:00,False
DEL,IDR,6E,HIST-000,Economy,3808,INR,2025-12-22,14,0,12,52,False,False,50,2025-12-08 00:00:00,False
HYD,PAT,G8,HIST-000,Economy,6102,INR,2025-05-26,14,0,5,22,False,False,50,2025-05-12 00:00:00,False
HYD,BOM,G8,HIST-000,Economy,17160,INR,2024-06-13,14,3,6,24,False,False,50,2024-05-30 00:00:00,False
VNS,MAA,I5,HIST-000,Economy,7627,INR,2024-03-20,14,2,3,12,False,False,50,2024-03-06 00:00:00,False
CCU,MAA,UK,HIST-000,Economy,7046,INR,2025-06-26,14,3,6,26,False,False,50,2025-06-12 00:00:00,False
NAG,COK,I5,HIST-000,Economy,11174,INR,2023-07-08,14,5,7,27,False,True,50,2023-06-24 00:00:00,False
COK,IDR,UK,HIST-000,Economy,5373,INR,2024-09-20,14,4,9,38,False,False,50,2024-09-06 00:00:00,False
DEL,COK,S5,HIST-000,Economy,11199,INR,2023-07-08,14,5,7,27,False,True,50,2023-06-24 00:00:00,False
RPR,HYD,UK,HIST-000,Economy,11443,INR,2025-11-28,14,4,11,48,False,False,50,2025-11-14 00:00:00,False
AMD,GOI,SG,HIST-000,Economy,12949,INR,2024-01-12,14,4,1,2,False,False,50,2023-12-29 00:00:00,False
BBI,BLR,6E,HIST-000,Economy,7838,INR,2025-09-25,14,3,9,39,False,False,50,2025-09-11 00:00:00,False
PAT,RPR,G8,HIST-000,Economy,6456,INR,2024-12-13,14,4,12,50,False,False,50,2024-11-29 00:00:00,False
COK,STV,SG,HIST-000,Economy,7197,INR,2025-02-28,14,4,2,9,False,False,50,2025-02-14 00:00:00,False
RPR,AMD,UK,HIST-000,Economy,8656,INR,2024-12-06,14,4,12,49,False,False,50,2024-11-22 00:00:00,False
PAT,VNS,AI,HIST-000,Economy,8016,INR,2024-03-15,14,4,3,11,False,False,50,2024-03-01 00:00:00,False
PAT,IDR,6E,HIST-000,Economy,12493,INR,2024-11-07,14,3,11,45,False,False,50,2024-10-24 00:00:00,False
LKO,BBI,6E,HIST-000,Economy,7621,INR,2023-01-19,14,3,1,3,False,False,50,2023-01-05 00:00:00,False
COK,GOI,QP,HIST-000,Economy,11831,INR,2024-08-15,14,3,8,33,False,False,50,2024-08-01 00:00:00,False
BLR,HYD,QP,HIST-000,Economy,4951,INR,2023-09-15,14,4,9,37,False,False,50,2023-09-01 00:00:00,False
HYD,AMD,G8,HIST-000,Economy,9252,INR,2023-07-14,14,4,7,28,False,False,50,2023-06-30 00:00:00,False
RPR,AMD,UK,HIST-000,Economy,16731,INR,2023-09-18,14,0,9,38,False,False,50,2023-09-04 00:00:00,False
BOM,RPR,2T,HIST-000,Economy,10489,INR,2023-09-03,14,6,9,35,False,True,50,2023-08-20 00:00:00,False
HYD,GAU,SG,HIST-000,Economy,9808,INR,2025-03-20,14,3,3,12,False,False,50,2025-03-06 00:00:00,False
IDR,GOI,QP,HIST-000,Economy,14277,INR,2023-07-26,14,2,7,30,False,False,50,2023-07-12 00:00:00,False
NAG,LKO,UK,HIST-000,Economy,15054,INR,2025-04-27,14,6,4,17,False,True,50,2025-04-13 00:00:00,False
RPR,GAU,QP,HIST-000,Economy,4748,INR,2024-01-11,14,3,1,2,False,False,50,2023-12-28 00:00:00,False
BBI,JAI,G8,HIST-000,Economy,5426,INR,2023-12-03,14,6,12,48,False,True,50,2023-11-19 00:00:00,False
IDR,JAI,I5,HIST-000,Economy,12327,INR,2024-09-03,14,1,9,36,False,False,50,2024-08-20 00:00:00,False
CCU,IDR,6E,HIST-000,Economy,10517,INR,2025-10-28,14,1,10,44,False,False,50,2025-10-14 00:00:00,False
JAI,AMD,9I,HIST-000,Economy,4234,INR,2023-09-10,14,6,9,36,False,True,50,2023-08-27 00:00:00,False
LKO,STV,AI,HIST-000,Economy,10261,INR,2024-11-15,14,4,11,46,False,False,50,2024-11-01 00:00:00,False
GOI,CCU,UK,HIST-000,Economy,7002,INR,2024-07-06,14,5,7,27,False,True,50,2024-06-22 00:00:00,False
BLR,GAU,I5,HIST-000,Economy,16846,INR,2024-04-14,14,6,4,15,False,True,50,2024-03-31 00:00:00,False
MAA,PNQ,UK,HIST-000,Economy,12943,INR,2023-07-08,14,5,7,27,False,True,50,2023-06-24 00:00:00,False
GOI,MAA,QP,HIST-000,Economy,13299,INR,2024-09-06,14,4,9,36,False,False,50,2024-08-23 00:00:00,False
GAU,JAI,6E,HIST-000,Economy,4448,INR,2023-08-24,14,3,8,34,False,False,50,2023-08-10 00:00:00,False
RPR,CCU,6E,HIST-000,Economy,10639,INR,2025-06-04,14,2,6,23,False,False,50,2025-05-21 00:00:00,False
GOI,DEL,AI,HIST-000,Economy,10377,INR,2024-07-25,14,3,7,30,False,False,50,2024-07-11 00:00:00,False
LKO,HYD,2T,HIST-000,Economy,10006,INR,2024-09-12,14,3,9,37,False,False,50,2024-08-29 00:00:00,False
DEL,NAG,6E,HIST-000,Economy,9214,INR,2023-04-23,14,6,4,16,False,True,50,2023-04-09 00:00:00,False
PAT,BBI,6E,HIST-000,Economy,11070,INR,2024-06-14,14,4,6,24,False,False,50,2024-05-31 00:00:00,False
BLR,HYD,S5,HIST-000,Economy,4558,INR,2024-10-07,14,0,10,41,False,False,50,2024-09-23 00:00:00,False
GAU,DEL,9I,HIST-000,Economy,11905,INR,2023-08-20,14,6,8,33,False,True,50,2023-08-06 00:00:00,False
BOM,CCU,6E,HIST-000,Economy,11775,INR,2025-03-26,14,2,3,13,False,False,50,2025-03-12 00:00:00,False
PNQ,GAU,AI,HIST-000,Economy,11374,INR,2023-12-08,14,4,12,49,False,False,50,2023-11-24 00:00:00,False
PAT,STV,I5,HIST-000,Economy,3982,INR,2024-08-27,14,1,8,35,False,False,50,2024-08-13 00:00:00,False
PAT,HYD,S5,HIST-000,Economy,8337,INR,2025-12-24,14,2,12,52,False,False,50,2025-12-10 00:00:00,False
STV,HYD,I5,HIST-000,Economy,3292,INR,2024-06-18,14,1,6,25,False,False,50,2024-06-04 00:00:00,False
DEL,STV,S5,HIST-000,Economy,13835,INR,2023-10-11,14,2,10,41,False,False,50,2023-09-27 00:00:00,False
JAI,CCU,2T,HIST-000,Economy,8294,INR,2025-10-17,14,4,10,42,False,False,50,2025-10-03 00:00:00,False
VNS,STV,2T,HIST-000,Economy,9649,INR,2024-07-21,14,6,7,29,False,True,50,2024-07-07 00:00:00,False
CCU,BBI,S5,HIST-000,Economy,5721,INR,2024-06-21,14,4,6,25,False,False,50,2024-06-07 00:00:00,False
STV,IDR,6E,HIST-000,Economy,10339,INR,2023-10-02,14,0,10,40,False,False,50,2023-09-18 00:00:00,False
RPR,BBI,UK,HIST-000,Economy,4675,INR,2025-11-07,14,4,11,45,False,False,50,2025-10-24 00:00:00,False
JAI,BOM,UK,HIST-000,Economy,9865,INR,2025-06-08,14,6,6,23,False,True,50,2025-05-25 00:00:00,False
LKO,BLR,2T,HIST-000,Economy,12913,INR,2024-02-03,14,5,2,5,False,True,50,2024-01-20 00:00:00,False
NAG,IDR,9I,HIST-000,Economy,10496,INR,2023-03-25,14,5,3,12,False,True,50,2023-03-11 00:00:00,False
RPR,PAT,QP,HIST-000,Economy,4609,INR,2023-06-01,14,3,6,22,False,False,50,2023-05-18 00:00:00,False
VNS,IDR,9I,HIST-000,Economy,6756,INR,2024-07-23,14,1,7,30,False,False,50,2024-07-09 00:00:00,False
LKO,HYD,UK,HIST-000,Economy,12143,INR,2023-12-12,14,1,12,50,False,False,50,2023-11-28 00:00:00,False
CCU,STV,G8,HIST-000,Economy,5066,INR,2023-08-01,14,1,8,31,False,False,50,2023-07-18 00:00:00,False
VNS,BBI,6E,HIST-000,Economy,12927,INR,2023-03-11,14,5,3,10,False,True,50,2023-02-25 00:00:00,False
RPR,BOM,QP,HIST-000,Economy,8666,INR,2024-02-18,14,6,2,7,False,True,50,2024-02-04 00:00:00,False
BOM,HYD,UK,HIST-000,Economy,14691,INR,2023-04-26,14,2,4,17,False,False,50,2023-04-12 00:00:00,False
JAI,BLR,QP,HIST-000,Economy,9507,INR,2024-12-20,14,4,12,51,False,False,50,2024-12-06 00:00:00,False
STV,CCU,2T,HIST-000,Economy,14802,INR,2025-05-06,14,1,5,19,False,False,50,2025-04-22 00:00:00,False
BLR,BBI,G8,HIST-000,Economy,5991,INR,2023-07-28,14,4,7,30,False,False,50,2023-07-14 00:00:00,False
PNQ,AMD,I5,HIST-000,Economy,10300,INR,2025-12-02,14,1,12,49,False,False,50,2025-11-18 00:00:00,False
PNQ,GOI,QP,HIST-000,Economy,4968,INR,2023-08-20,14,6,8,33,False,True,50,2023-08-06 00:00:00,False
BBI,VNS,AI,HIST-000,Economy,4199,INR,2024-10-15,14,1,10,42,False,False,50,2024-10-01 00:00:00,False
STV,VNS,I5,HIST-000,Economy,12468,INR,2025-08-27,14,2,8,35,False,False,50,2025-08-13 00:00:00,False
GOI,BOM,G8,HIST-000,Economy,9524,INR,2024-11-23,14,5,11,47,False,True,50,2024-11-09 00:00:00,False
IDR,DEL,9I,HIST-000,Economy,12253,INR,2023-09-10,14,6,9,36,False,True,50,2023-08-27 00:00:00,False
HYD,VNS,2T,HIST-000,Economy,7049,INR,2024-12-17,14,1,12,51,False,False,50,2024-12-03 00:00:00,False
VNS,GAU,SG,HIST-000,Economy,5950,INR,2025-01-06,14,0,1,2,False,False,50,2024-12-23 00:00:00,False
BBI,AMD,SG,HIST-000,Economy,9424,INR,2025-01-13,14,0,1,3,False,False,50,2024-12-30 00:00:00,False
LKO,COK,UK,HIST-000,Economy,8305,INR,2024-08-21,14,2,8,34,False,False,50,2024-08-07 00:00:00,False
PNQ,STV,6E,HIST-000,Economy,7651,INR,2025-02-19,14,2,2,8,False,False,50,2025-02-05 00:00:00,False
LKO,JAI,QP,HIST-000,Economy,14566,INR,2023-07-20,14,3,7,29,False,False,50,2023-07-06 00:00:00,False
BOM,PAT,AI,HIST-000,Economy,6227,INR,2025-07-04,14,4,7,27,False,False,50,2025-06-20 00:00:00,False
PNQ,RPR,9I,HIST-000,Economy,10291,INR,2025-12-02,14,1,12,49,False,False,50,2025-11-18 00:00:00,False
HYD,DEL,SG,HIST-000,Economy,11329,INR,2025-01-14,14,1,1,3,False,False,50,2024-12-31 00:00:00,False
COK,BLR,QP,HIST-000,Economy,9307,INR,2024-02-23,14,4,2,8,False,False,50,2024-02-09 00:00:00,False
CCU,BBI,UK,HIST-000,Economy,9549,INR,2023-04-28,14,4,4,17,False,False,50,2023-04-14 00:00:00,False
IDR,BOM,QP,HIST-000,Economy,11013,INR,2024-11-15,14,4,11,46,False,False,50,2024-11-01 00:00:00,False
MAA,NAG,2T,HIST-000,Economy,15340,INR,2023-02-12,14,6,2,6,False,True,50,2023-01-29 00:00:00,False
RPR,PAT,QP,HIST-000,Economy,7121,INR,2023-11-03,14,4,11,44,False,False,50,2023-10-20 00:00:00,False
BOM,BBI,SG,HIST-000,Economy,8572,INR,2025-01-22,14,2,1,4,False,False,50,2025-01-08 00:00:00,False
BBI,STV,9I,HIST-000,Economy,5145,INR,2023-09-17,14,6,9,37,False,True,50,2023-09-03 00:00:00,False
DEL,GAU,I5,HIST-000,Economy,10138,INR,2025-03-27,14,3,3,13,False,False,50,2025-03-13 00:00:00,False
COK,LKO,9I,HIST-000,Economy,9759,INR,2023-08-13,14,6,8,32,False,True,50,2023-07-30 00:00:00,False
LKO,CCU,G8,HIST-000,Economy,12079,INR,2025-08-18,14,0,8,34,False,False,50,2025-08-04 00:00:00,False
BBI,GOI,I5,HIST-000,Economy,11012,INR,2024-08-19,14,0,8,34,False,False,50,2024-08-05 00:00:00,False
STV,IDR,G8,HIST-000,Economy,5741,INR,2023-11-09,14,3,11,45,False,False,50,2023-10-26 00:00:00,False
PNQ,COK,I5,HIST-000,Economy,9874,INR,2025-09-22,14,0,9,39,False,False,50,2025-09-08 00:00:00,False
IDR,COK,S5,HIST-000,Economy,7592,INR,2024-05-11,14,5,5,19,False,True,50,2024-04-27 00:00:00,False
GAU,LKO,9I,HIST-000,Economy,10961,INR,2023-12-18,14,0,12,51,False,False,50,2023-12-04 00:00:00,False
BOM,GOI,QP,HIST-000,Economy,6071,INR,2024-10-27,14,6,10,43,False,True,50,2024-10-13 00:00:00,False
BLR,GOI,I5,HIST-000,Economy,9147,INR,2023-02-26,14,6,2,8,False,True,50,2023-02-12 00:00:00,False
PAT,HYD,UK,HIST-000,Economy,11664,INR,2025-07-20,14,6,7,29,False,True,50,2025-07-06 00:00:00,False
LKO,NAG,2T,HIST-000,Economy,9943,INR,2025-11-15,14,5,11,46,False,True,50,2025-11-01 00:00:00,False
DEL,LKO,G8,HIST-000,Economy,12265,INR,2024-11-24,14,6,11,47,False,True,50,2024-11-10 00:00:00,False
BBI,PNQ,S5,HIST-000,Economy,6279,INR,2023-06-13,14,1,6,24,False,False,50,2023-05-30 00:00:00,False
STV,BBI,QP,HIST-000,Economy,9827,INR,2023-11-28,14,1,11,48,False,False,50,2023-11-14 00:00:00,False
CCU,BLR,UK,HIST-000,Economy,11499,INR,2024-01-18,14,3,1,3,False,False,50,2024-01-04 00:00:00,False
DEL,JAI,AI,HIST-000,Economy,14847,INR,2025-07-14,14,0,7,29,False,False,50,2025-06-30 00:00:00,False
AMD,IDR,6E,HIST-000,Economy,9031,INR,2023-11-13,14,0,11,46,False,False,50,2023-10-30 00:00:00,False
GOI,BBI,2T,HIST-000,Economy,5897,INR,2023-02-05,14,6,2,5,False,True,50,2023-01-22 00:00:00,False
GOI,STV,S5,HIST-000,Economy,11961,INR,2025-04-05,14,5,4,14,False,True,50,2025-03-22 00:00:00,False
GOI,JAI,SG,HIST-000,Economy,10510,INR,2023-12-07,14,3,12,49,False,False,50,2023-11-23 00:00:00,False
JAI,LKO,G8,HIST-000,Economy,10710,INR,2023-04-19,14,2,4,16,False,False,50,2023-04-05 00:00:00,False
BOM,GOI,2T,HIST-000,Economy,4047,INR,2024-03-22,14,4,3,12,False,False,50,2024-03-08 00:00:00,False
PNQ,VNS,UK,HIST-000,Economy,9596,INR,2024-12-19,14,3,12,51,False,False,50,2024-12-05 00:00:00,False
MAA,NAG,2T,HIST-000,Economy,6063,INR,2025-01-26,14,6,1,4,False,True,50,2025-01-12 00:00:00,False
GOI,STV,2T,HIST-000,Economy,9549,INR,2025-11-24,14,0,11,48,False,False,50,2025-11-10 00:00:00,False
CCU,PNQ,G8,HIST-000,Economy,13195,INR,2025-09-25,14,3,9,39,False,False,50,2025-09-11 00:00:00,False
BBI,AMD,I5,HIST-000,Economy,4109,INR,2023-07-13,14,3,7,28,False,False,50,2023-06-29 00:00:00,False
CCU,DEL,UK,HIST-000,Economy,10466,INR,2023-12-06,14,2,12,49,False,False,50,2023-11-22 00:00:00,False
BOM,LKO,S5,HIST-000,Economy,8185,INR,2024-08-06,14,1,8,32,False,False,50,2024-07-23 00:00:00,False
BLR,CCU,9I,HIST-000,Economy,4062,INR,2023-11-20,14,0,11,47,False,False,50,2023-11-06 00:00:00,False
HYD,MAA,SG,HIST-000,Economy,7563,INR,2025-07-01,14,1,7,27,False,False,50,2025-06-17 00:00:00,False
GOI,RPR,SG,HIST-000,Economy,13303,INR,2024-10-08,14,1,10,41,False,False,50,2024-09-24 00:00:00,False
GAU,IDR,9I,HIST-000,Economy,11629,INR,2023-02-05,14,6,2,5,False,True,50,2023-01-22 00:00:00,False
COK,GOI,S5,HIST-000,Economy,8960,INR,2023-02-27,14,0,2,9,False,False,50,2023-02-13 00:00:00,False
HYD,PNQ,9I,HIST-000,Economy,12216,INR,2025-09-10,14,2,9,37,False,False,50,2025-08-27 00:00:00,False
AMD,GAU,QP,HIST-000,Economy,7571,INR,2023-02-12,14,6,2,6,False,True,50,2023-01-29 00:00:00,False
BBI,GAU,9I,HIST-000,Economy,13489,INR,2025-01-11,14,5,1,2,False,True,50,2024-12-28 00:00:00,False
DEL,PNQ,2T,HIST-000,Economy,10602,INR,2025-01-18,14,5,1,3,False,True,50,2025-01-04 00:00:00,False
GOI,BBI,S5,HIST-000,Economy,11248,INR,2023-10-19,14,3,10,42,False,False,50,2023-10-05 00:00:00,False
JAI,BOM,6E,HIST-000,Economy,8093,INR,2025-08-08,14,4,8,32,False,False,50,2025-07-25 00:00:00,False
BLR,IDR,6E,HIST-000,Economy,2799,INR,2023-02-18,14,5,2,7,False,True,50,2023-02-04 00:00:00,False
HYD,NAG,QP,HIST-000,Economy,9088,INR,2024-02-02,14,4,2,5,False,False,50,2024-01-19 00:00:00,False
NAG,PNQ,QP,HIST-000,Economy,9774,INR,2023-06-14,14,2,6,24,False,False,50,2023-05-31 00:00:00,False
AMD,COK,I5,HIST-000,Economy,8861,INR,2025-05-21,14,2,5,21,False,False,50,2025-05-07 00:00:00,False
GAU,AMD,SG,HIST-000,Economy,5830,INR,2023-02-09,14,3,2,6,False,False,50,2023-01-26 00:00:00,False
CCU,MAA,AI,HIST-000,Economy,9910,INR,2023-09-09,14,5,9,36,False,True,50,2023-08-26 00:00:00,False
HYD,CCU,SG,HIST-000,Economy,13494,INR,2024-04-15,14,0,4,16,False,False,50,2024-04-01 00:00:00,False
IDR,COK,SG,HIST-000,Economy,5954,INR,2023-03-15,14,2,3,11,False,False,50,2023-03-01 00:00:00,False
IDR,RPR,9I,HIST-000,Economy,11727,INR,2025-06-07,14,5,6,23,False,True,50,2025-05-24 00:00:00,False
GAU,DEL,QP,HIST-000,Economy,4218,INR,2024-01-05,14,4,1,1,False,False,50,2023-12-22 00:00:00,False
RPR,LKO,G8,HIST-000,Economy,6809,INR,2025-04-01,14,1,4,14,False,False,50,2025-03-18 00:00:00,False
STV,BOM,6E,HIST-000,Economy,12495,INR,2025-09-05,14,4,9,36,False,False,50,2025-08-22 00:00:00,False
LKO,JAI,G8,HIST-000,Economy,9325,INR,2025-03-21,14,4,3,12,False,False,50,2025-03-07 00:00:00,False
DEL,GAU,I5,HIST-000,Economy,11633,INR,2023-05-17,14,2,5,20,False,False,50,2023-05-03 00:00:00,False
HYD,PAT,SG,HIST-000,Economy,10066,INR,2024-08-01,14,3,8,31,False,False,50,2024-07-18 00:00:00,False
BBI,CCU,QP,HIST-000,Economy,8159,INR,2023-07-10,14,0,7,28,False,False,50,2023-06-26 00:00:00,False
JAI,MAA,SG,HIST-000,Economy,9856,INR,2024-10-23,14,2,10,43,False,False,50,2024-10-09 00:00:00,False
LKO,NAG,G8,HIST-000,Economy,14286,INR,2023-12-18,14,0,12,51,False,False,50,2023-12-04 00:00:00,False
HYD,IDR,G8,HIST-000,Economy,3751,INR,2024-06-25,14,1,6,26,False,False,50,2024-06-11 00:00:00,False
CCU,STV,QP,HIST-000,Economy,5438,INR,2023-08-24,14,3,8,34,False,False,50,2023-08-10 00:00:00,False
STV,MAA,6E,HIST-000,Economy,2748,INR,2023-11-08,14,2,11,45,False,False,50,2023-10-25 00:00:00,False
MAA,STV,QP,HIST-000,Economy,10810,INR,2025-06-16,14,0,6,25,False,False,50,2025-06-02 00:00:00,False
AMD,BLR,I5,HIST-000,Economy,12334,INR,2024-10-12,14,5,10,41,False,True,50,2024-09-28 00:00:00,False
STV,HYD,UK,HIST-000,Economy,6112,INR,2024-05-17,14,4,5,20,False,False,50,2024-05-03 00:00:00,False
BBI,DEL,2T,HIST-000,Economy,9557,INR,2025-02-10,14,0,2,7,False,False,50,2025-01-27 00:00:00,False
PAT,PNQ,I5,HIST-000,Economy,9368,INR,2023-06-10,14,5,6,23,False,True,50,2023-05-27 00:00:00,False
RPR,GAU,UK,HIST-000,Economy,4569,INR,2025-10-03,14,4,10,40,False,False,50,2025-09-19 00:00:00,False
DEL,BLR,6E,HIST-000,Economy,9469,INR,2025-03-08,14,5,3,10,False,True,50,2025-02-22 00:00:00,False
BBI,GOI,I5,HIST-000,Economy,5810,INR,2023-05-11,14,3,5,19,False,False,50,2023-04-27 00:00:00,False
NAG,JAI,6E,HIST-000,Economy,8053,INR,2024-12-21,14,5,12,51,False,True,50,2024-12-07 00:00:00,False
JAI,LKO,QP,HIST-000,Economy,9359,INR,2023-04-21,14,4,4,16,False,False,50,2023-04-07 00:00:00,False
RPR,CCU,S5,HIST-000,Economy,10735,INR,2024-05-17,14,4,5,20,False,False,50,2024-05-03 00:00:00,False
CCU,BOM,G8,HIST-000,Economy,7693,INR,2023-06-26,14,0,6,26,False,False,50,2023-06-12 00:00:00,False
GOI,DEL,QP,HIST-000,Economy,6327,INR,2023-03-19,14,6,3,11,False,True,50,2023-03-05 00:00:00,False
MAA,PNQ,I5,HIST-000,Economy,10979,INR,2024-03-04,14,0,3,10,False,False,50,2024-02-19 00:00:00,False
HYD,BBI,6E,HIST-000,Economy,7252,INR,2023-05-20,14,5,5,20,False,True,50,2023-05-06 00:00:00,False
MAA,CCU,UK,HIST-000,Economy,11775,INR,2025-09-24,14,2,9,39,False,False,50,2025-09-10 00:00:00,False
BBI,PNQ,9I,HIST-000,Economy,9256,INR,2023-02-23,14,3,2,8,False,False,50,2023-02-09 00:00:00,False
MAA,AMD,QP,HIST-000,Economy,11711,INR,2024-03-05,14,1,3,10,False,False,50,2024-02-20 00:00:00,False
STV,NAG,AI,HIST-000,Economy,11965,INR,2024-06-11,14,1,6,24,False,False,50,2024-05-28 00:00:00,False
GAU,JAI,SG,HIST-000,Economy,6564,INR,2023-10-03,14,1,10,40,False,False,50,2023-09-19 00:00:00,False
LKO,NAG,9I,HIST-000,Economy,12776,INR,2023-08-21,14,0,8,34,False,False,50,2023-08-07 00:00:00,False
MAA,BBI,2T,HIST-000,Economy,6045,INR,2023-06-16,14,4,6,24,False,False,50,2023-06-02 00:00:00,False
MAA,COK,G8,HIST-000,Economy,12747,INR,2023-07-23,14,6,7,29,False,True,50,2023-07-09 00:00:00,False
IDR,PAT,S5,HIST-000,Economy,10909,INR,2025-11-13,14,3,11,46,False,False,50,2025-10-30 00:00:00,False
RPR,GAU,I5,HIST-000,Economy,9414,INR,2023-05-07,14,6,5,18,False,True,50,2023-04-23 00:00:00,False
BOM,DEL,2T,HIST-000,Economy,7445,INR,2023-04-03,14,0,4,14,False,False,50,2023-03-20 00:00:00,False
CCU,GAU,G8,HIST-000,Economy,10016,INR,2025-10-03,14,4,10,40,False,False,50,2025-09-19 00:00:00,False
PAT,GOI,UK,HIST-000,Economy,8915,INR,2023-01-27,14,4,1,4,False,False,50,2023-01-13 00:00:00,False
HYD,GAU,S5,HIST-000,Economy,14569,INR,2024-12-28,14,5,12,52,False,True,50,2024-12-14 00:00:00,False
PAT,JAI,G8,HIST-000,Economy,7554,INR,2024-10-04,14,4,10,40,False,False,50,2024-09-20 00:00:00,False
PAT,GAU,2T,HIST-000,Economy,10599,INR,2025-04-05,14,5,4,14,False,True,50,2025-03-22 00:00:00,False
DEL,BLR,SG,HIST-000,Economy,5801,INR,2023-01-19,14,3,1,3,False,False,50,2023-01-05 00:00:00,False
NAG,GAU,SG,HIST-000,Economy,8661,INR,2024-11-14,14,3,11,46,False,False,50,2024-10-31 00:00:00,False
AMD,HYD,6E,HIST-000,Economy,9452,INR,2024-12-05,14,3,12,49,False,False,50,2024-11-21 00:00:00,False
GAU,PNQ,SG,HIST-000,Economy,11939,INR,2024-07-27,14,5,7,30,False,True,50,2024-07-13 00:00:00,False
BLR,HYD,S5,HIST-000,Economy,3398,INR,2024-03-20,14,2,3,12,False,False,50,2024-03-06 00:00:00,False
BOM,DEL,AI,HIST-000,Economy,13100,INR,2025-09-28,14,6,9,39,False,True,50,2025-09-14 00:00:00,False
RPR,COK,QP,HIST-000,Economy,6633,INR,2023-09-25,14,0,9,39,False,False,50,2023-09-11 00:00:00,False
IDR,DEL,G8,HIST-000,Economy,2791,INR,2023-03-04,14,5,3,9,False,True,50,2023-02-18 00:00:00,False
JAI,BLR,QP,HIST-000,Economy,5541,INR,2024-11-16,14,5,11,46,False,True,50,2024-11-02 00:00:00,False
AMD,MAA,G8,HIST-000,Economy,6006,INR,2023-11-18,14,5,11,46,False,True,50,2023-11-04 00:00:00,False
JAI,MAA,UK,HIST-000,Economy,6985,INR,2025-03-04,14,1,3,10,False,False,50,2025-02-18 00:00:00,False
PNQ,JAI,G8,HIST-000,Economy,12647,INR,2024-07-05,14,4,7,27,False,False,50,2024-06-21 00:00:00,False
GOI,JAI,UK,HIST-000,Economy,6273,INR,2024-12-20,14,4,12,51,False,False,50,2024-12-06 00:00:00,False
IDR,DEL,S5,HIST-000,Economy,9909,INR,2025-01-24,14,4,1,4,False,False,50,2025-01-10 00:00:00,False
CCU,BBI,I5,HIST-000,Economy,6324,INR,2024-02-25,14,6,2,8,False,True,50,2024-02-11 00:00:00,False
STV,RPR,SG,HIST-000,Economy,8376,INR,2024-09-17,14,1,9,38,False,False,50,2024-09-03 00:00:00,False
RPR,GOI,G8,HIST-000,Economy,5761,INR,2023-02-20,14,0,2,8,False,False,50,2023-02-06 00:00:00,False
CCU,HYD,SG,HIST-000,Economy,10507,INR,2024-08-17,14,5,8,33,False,True,50,2024-08-03 00:00:00,False
STV,GOI,SG,HIST-000,Economy,6973,INR,2025-07-04,14,4,7,27,False,False,50,2025-06-20 00:00:00,False
NAG,BBI,9I,HIST-000,Economy,9786,INR,2025-03-12,14,2,3,11,False,False,50,2025-02-26 00:00:00,False
VNS,IDR,SG,HIST-000,Economy,9406,INR,2025-11-22,14,5,11,47,False,True,50,2025-11-08 00:00:00,False
LKO,BLR,UK,HIST-000,Economy,5680,INR,2024-09-03,14,1,9,36,False,False,50,2024-08-20 00:00:00,False
PAT,HYD,AI,HIST-000,Economy,5557,INR,2025-07-17,14,3,7,29,False,False,50,2025-07-03 00:00:00,False
PAT,NAG,AI,HIST-000,Economy,4490,INR,2025-09-27,14,5,9,39,False,True,50,2025-09-13 00:00:00,False
NAG,BLR,I5,HIST-000,Economy,4969,INR,2023-05-27,14,5,5,21,False,True,50,2023-05-13 00:00:00,False
MAA,NAG,2T,HIST-000,Economy,5262,INR,2024-11-08,14,4,11,45,False,False,50,2024-10-25 00:00:00,False
STV,JAI,6E,HIST-000,Economy,8034,INR,2025-08-04,14,0,8,32,False,False,50,2025-07-21 00:00:00,False
BLR,BOM,UK,HIST-000,Economy,13585,INR,2025-12-17,14,2,12,51,False,False,50,2025-12-03 00:00:00,False
PAT,STV,9I,HIST-000,Economy,7057,INR,2023-05-11,14,3,5,19,False,False,50,2023-04-27 00:00:00,False
COK,IDR,UK,HIST-000,Economy,7259,INR,2023-11-26,14,6,11,47,False,True,50,2023-11-12 00:00:00,False
STV,NAG,UK,HIST-000,Economy,10217,INR,2024-06-25,14,1,6,26,False,False,50,2024-06-11 00:00:00,False
DEL,MAA,QP,HIST-000,Economy,5949,INR,2025-07-28,14,0,7,31,False,False,50,2025-07-14 00:00:00,False
IDR,PAT,G8,HIST-000,Economy,4638,INR,2024-06-21,14,4,6,25,False,False,50,2024-06-07 00:00:00,False
DEL,GAU,S5,HIST-000,Economy,10523,INR,2024-12-24,14,1,12,52,False,False,50,2024-12-10 00:00:00,False
HYD,PAT,QP,HIST-000,Economy,16591,INR,2024-07-24,14,2,7,30,False,False,50,2024-07-10 00:00:00,False
GOI,DEL,9I,HIST-000,Economy,7665,INR,2023-07-01,14,5,7,26,False,True,50,2023-06-17 00:00:00,False
VNS,PNQ,9I,HIST-000,Economy,12679,INR,2025-07-15,14,1,7,29,False,False,50,2025-07-01 00:00:00,False
DEL,COK,G8,HIST-000,Economy,5979,INR,2023-06-04,14,6,6,22,False,True,50,2023-05-21 00:00:00,False
MAA,PAT,G8,HIST-000,Economy,4866,INR,2023-05-06,14,5,5,18,False,True,50,2023-04-22 00:00:00,False
VNS,PAT,QP,HIST-000,Economy,9354,INR,2023-12-20,14,2,12,51,False,False,50,2023-12-06 00:00:00,False
STV,PNQ,I5,HIST-000,Economy,6837,INR,2024-06-19,14,2,6,25,False,False,50,2024-06-05 00:00:00,False
LKO,NAG,6E,HIST-000,Economy,5436,INR,2023-06-13,14,1,6,24,False,False,50,2023-05-30 00:00:00,False
BBI,AMD,6E,HIST-000,Economy,7628,INR,2025-04-13,14,6,4,15,False,True,50,2025-03-30 00:00:00,False
MAA,LKO,UK,HIST-000,Economy,12295,INR,2023-08-13,14,6,8,32,False,True,50,2023-07-30 00:00:00,False
AMD,IDR,6E,HIST-000,Economy,12354,INR,2023-09-21,14,3,9,38,False,False,50,2023-09-07 00:00:00,False
CCU,DEL,AI,HIST-000,Economy,5413,INR,2024-03-16,14,5,3,11,False,True,50,2024-03-02 00:00:00,False
PAT,STV,6E,HIST-000,Economy,6426,INR,2025-09-20,14,5,9,38,False,True,50,2025-09-06 00:00:00,False
RPR,VNS,I5,HIST-000,Economy,11659,INR,2025-05-01,14,3,5,18,False,False,50,2025-04-17 00:00:00,False
IDR,COK,QP,HIST-000,Economy,10588,INR,2024-02-05,14,0,2,6,False,False,50,2024-01-22 00:00:00,False
COK,GOI,S5,HIST-000,Economy,6799,INR,2025-09-05,14,4,9,36,False,False,50,2025-08-22 00:00:00,False
AMD,NAG,AI,HIST-000,Economy,15383,INR,2023-06-10,14,5,6,23,False,True,50,2023-05-27 00:00:00,False
IDR,JAI,I5,HIST-000,Economy,14648,INR,2024-11-19,14,1,11,47,False,False,50,2024-11-05 00:00:00,False
GOI,GAU,9I,HIST-000,Economy,15949,INR,2023-06-02,14,4,6,22,False,False,50,2023-05-19 00:00:00,False
GOI,LKO,6E,HIST-000,Economy,5926,INR,2025-08-28,14,3,8,35,False,False,50,2025-08-14 00:00:00,False
VNS,BLR,UK,HIST-000,Economy,12436,INR,2025-12-17,14,2,12,51,False,False,50,2025-12-03 00:00:00,False
DEL,GOI,QP,HIST-000,Economy,11699,INR,2024-04-15,14,0,4,16,False,False,50,2024-04-01 00:00:00,False
JAI,RPR,2T,HIST-000,Economy,9005,INR,2023-01-07,14,5,1,1,False,True,50,2022-12-24 00:00:00,False
LKO,HYD,S5,HIST-000,Economy,3111,INR,2023-12-25,14,0,12,52,False,False,50,2023-12-11 00:00:00,False
BLR,IDR,2T,HIST-000,Economy,14949,INR,2024-02-22,14,3,2,8,False,False,50,2024-02-08 00:00:00,False
DEL,PNQ,QP,HIST-000,Economy,6512,INR,2024-12-15,14,6,12,50,False,True,50,2024-12-01 00:00:00,False
RPR,STV,SG,HIST-000,Economy,10916,INR,2023-10-26,14,3,10,43,False,False,50,2023-10-12 00:00:00,False
HYD,COK,6E,HIST-000,Economy,4542,INR,2023-02-16,14,3,2,7,False,False,50,2023-02-02 00:00:00,False
IDR,LKO,9I,HIST-000,Economy,11399,INR,2025-11-23,14,6,11,47,False,True,50,2025-11-09 00:00:00,False
PAT,AMD,AI,HIST-000,Economy,6859,INR,2023-03-15,14,2,3,11,False,False,50,2023-03-01 00:00:00,False
CCU,PAT,6E,HIST-000,Economy,12707,INR,2023-10-15,14,6,10,41,False,True,50,2023-10-01 00:00:00,False
STV,PAT,9I,HIST-000,Economy,4493,INR,2023-01-25,14,2,1,4,False,False,50,2023-01-11 00:00:00,False
MAA,LKO,UK,HIST-000,Economy,12717,INR,2024-01-22,14,0,1,4,False,False,50,2024-01-08 00:00:00,False
GAU,BBI,QP,HIST-000,Economy,13332,INR,2024-05-02,14,3,5,18,False,False,50,2024-04-18 00:00:00,False
GAU,BOM,2T,HIST-000,Economy,13005,INR,2025-06-21,14,5,6,25,False,True,50,2025-06-07 00:00:00,False
MAA,NAG,6E,HIST-000,Economy,8710,INR,2024-10-08,14,1,10,41,False,False,50,2024-09-24 00:00:00,False
PNQ,STV,I5,HIST-000,Economy,5645,INR,2025-09-18,14,3,9,38,False,False,50,2025-09-04 00:00:00,False
BOM,GOI,6E,HIST-000,Economy,6422,INR,2025-04-22,14,1,4,17,False,False,50,2025-04-08 00:00:00,False
VNS,RPR,9I,HIST-000,Economy,10292,INR,2023-12-05,14,1,12,49,False,False,50,2023-11-21 00:00:00,False
VNS,RPR,QP,HIST-000,Economy,13076,INR,2025-07-16,14,2,7,29,False,False,50,2025-07-02 00:00:00,False
HYD,RPR,QP,HIST-000,Economy,14027,INR,2023-05-27,14,5,5,21,False,True,50,2023-05-13 00:00:00,False
GOI,STV,UK,HIST-000,Economy,14150,INR,2025-09-18,14,3,9,38,False,False,50,2025-09-04 00:00:00,False
BLR,BOM,G8,HIST-000,Economy,12129,INR,2025-09-18,14,3,9,38,False,False,50,2025-09-04 00:00:00,False
BOM,GOI,G8,HIST-000,Economy,7298,INR,2023-10-22,14,6,10,42,False,True,50,2023-10-08 00:00:00,False
HYD,GAU,UK,HIST-000,Economy,10743,INR,2023-08-08,14,1,8,32,False,False,50,2023-07-25 00:00:00,False
IDR,MAA,G8,HIST-000,Economy,6357,INR,2023-02-02,14,3,2,5,False,False,50,2023-01-19 00:00:00,False
PAT,PNQ,UK,HIST-000,Economy,11881,INR,2024-05-08,14,2,5,19,False,False,50,2024-04-24 00:00:00,False
BLR,HYD,QP,HIST-000,Economy,11118,INR,2024-08-08,14,3,8,32,False,False,50,2024-07-25 00:00:00,False
BBI,MAA,S5,HIST-000,Economy,10300,INR,2024-03-05,14,1,3,10,False,False,50,2024-02-20 00:00:00,False
VNS,BBI,UK,HIST-000,Economy,8067,INR,2025-01-03,14,4,1,1,False,False,50,2024-12-20 00:00:00,False
BOM,PNQ,S5,HIST-000,Economy,11851,INR,2023-08-17,14,3,8,33,False,False,50,2023-08-03 00:00:00,False
IDR,RPR,S5,HIST-000,Economy,3976,INR,2024-10-28,14,0,10,44,False,False,50,2024-10-14 00:00:00,False
RPR,GOI,S5,HIST-000,Economy,12447,INR,2023-07-13,14,3,7,28,False,False,50,2023-06-29 00:00:00,False
AMD,GAU,AI,HIST-000,Economy,11672,INR,2024-01-04,14,3,1,1,False,False,50,2023-12-21 00:00:00,False
PAT,DEL,S5,HIST-000,Economy,15606,INR,2023-07-28,14,4,7,30,False,False,50,2023-07-14 00:00:00,False
AMD,JAI,9I,HIST-000,Economy,8624,INR,2023-04-05,14,2,4,14,False,False,50,2023-03-22 00:00:00,False
VNS,LKO,AI,HIST-000,Economy,3123,INR,2024-06-13,14,3,6,24,False,False,50,2024-05-30 00:00:00,False
NAG,RPR,G8,HIST-000,Economy,8954,INR,2024-09-15,14,6,9,37,False,True,50,2024-09-01 00:00:00,False
CCU,PAT,S5,HIST-000,Economy,10800,INR,2023-02-27,14,0,2,9,False,False,50,2023-02-13 00:00:00,False
IDR,PNQ,S5,HIST-000,Economy,11943,INR,2024-05-01,14,2,5,18,False,False,50,2024-04-17 00:00:00,False
DEL,JAI,6E,HIST-000,Economy,3453,INR,2023-05-15,14,0,5,20,False,False,50,2023-05-01 00:00:00,False
CCU,IDR,2T,HIST-000,Economy,11714,INR,2023-01-26,14,3,1,4,False,False,50,2023-01-12 00:00:00,False
DEL,IDR,9I,HIST-000,Economy,13417,INR,2023-04-14,14,4,4,15,False,False,50,2023-03-31 00:00:00,False
BLR,BBI,G8,HIST-000,Economy,9862,INR,2023-06-09,14,4,6,23,False,False,50,2023-05-26 00:00:00,False
BOM,AMD,S5,HIST-000,Economy,6727,INR,2024-07-11,14,3,7,28,False,False,50,2024-06-27 00:00:00,False
DEL,VNS,SG,HIST-000,Economy,12351,INR,2024-11-25,14,0,11,48,False,False,50,2024-11-11 00:00:00,False
BOM,STV,9I,HIST-000,Economy,9403,INR,2023-07-09,14,6,7,27,False,True,50,2023-06-25 00:00:00,False
AMD,BOM,AI,HIST-000,Economy,10115,INR,2023-07-24,14,0,7,30,False,False,50,2023-07-10 00:00:00,False
GAU,AMD,G8,HIST-000,Economy,8386,INR,2024-12-22,14,6,12,51,False,True,50,2024-12-08 00:00:00,False
NAG,JAI,SG,HIST-000,Economy,10221,INR,2024-02-08,14,3,2,6,False,False,50,2024-01-25 00:00:00,False
LKO,COK,2T,HIST-000,Economy,6715,INR,2024-11-05,14,1,11,45,False,False,50,2024-10-22 00:00:00,False
STV,GAU,AI,HIST-000,Economy,10383,INR,2023-06-09,14,4,6,23,False,False,50,2023-05-26 00:00:00,False
NAG,PNQ,2T,HIST-000,Economy,6943,INR,2024-02-27,14,1,2,9,False,False,50,2024-02-13 00:00:00,False
PNQ,BBI,QP,HIST-000,Economy,13561,INR,2023-07-18,14,1,7,29,False,False,50,2023-07-04 00:00:00,False
JAI,VNS,SG,HIST-000,Economy,14474,INR,2024-02-20,14,1,2,8,False,False,50,2024-02-06 00:00:00,False
MAA,RPR,QP,HIST-000,Economy,15450,INR,2023-07-24,14,0,7,30,False,False,50,2023-07-10 00:00:00,False
MAA,GAU,SG,HIST-000,Economy,14241,INR,2025-09-27,14,5,9,39,False,True,50,2025-09-13 00:00:00,False
VNS,IDR,G8,HIST-000,Economy,9185,INR,2025-03-26,14,2,3,13,False,False,50,2025-03-12 00:00:00,False
DEL,RPR,I5,HIST-000,Economy,6936,INR,2025-11-15,14,5,11,46,False,True,50,2025-11-01 00:00:00,False
DEL,CCU,6E,HIST-000,Economy,10853,INR,2023-10-01,14,6,10,39,False,True,50,2023-09-17 00:00:00,False
LKO,BBI,QP,HIST-000,Economy,15274,INR,2025-11-22,14,5,11,47,False,True,50,2025-11-08 00:00:00,False
VNS,CCU,UK,HIST-000,Economy,6956,INR,2023-10-17,14,1,10,42,False,False,50,2023-10-03 00:00:00,False
VNS,JAI,AI,HIST-000,Economy,8826,INR,2025-12-24,14,2,12,52,False,False,50,2025-12-10 00:00:00,False
IDR,LKO,6E,HIST-000,Economy,4157,INR,2025-12-04,14,3,12,49,False,False,50,2025-11-20 00:00:00,False
GAU,STV,G8,HIST-000,Economy,11329,INR,2025-05-02,14,4,5,18,False,False,50,2025-04-18 00:00:00,False
GAU,MAA,2T,HIST-000,Economy,14735,INR,2023-05-20,14,5,5,20,False,True,50,2023-05-06 00:00:00,False
STV,PAT,SG,HIST-000,Economy,9585,INR,2023-08-28,14,0,8,35,False,False,50,2023-08-14 00:00:00,False
NAG,BLR,S5,HIST-000,Economy,6050,INR,2023-07-15,14,5,7,28,False,True,50,2023-07-01 00:00:00,False
PNQ,JAI,G8,HIST-000,Economy,13062,INR,2023-11-20,14,0,11,47,False,False,50,2023-11-06 00:00:00,False
RPR,AMD,9I,HIST-000,Economy,11420,INR,2025-06-04,14,2,6,23,False,False,50,2025-05-21 00:00:00,False
CCU,VNS,I5,HIST-000,Economy,12810,INR,2025-02-10,14,0,2,7,False,False,50,2025-01-27 00:00:00,False
PNQ,LKO,UK,HIST-000,Economy,10424,INR,2025-11-04,14,1,11,45,False,False,50,2025-10-21 00:00:00,False
BLR,IDR,UK,HIST-000,Economy,11333,INR,2025-03-16,14,6,3,11,False,True,50,2025-03-02 00:00:00,False
GOI,BBI,6E,HIST-000,Economy,12094,INR,2024-06-23,14,6,6,25,False,True,50,2024-06-09 00:00:00,False
DEL,MAA,G8,HIST-000,Economy,3500,INR,2023-09-14,14,3,9,37,False,False,50,2023-08-31 00:00:00,False
HYD,JAI,S5,HIST-000,Economy,12743,INR,2024-11-24,14,6,11,47,False,True,50,2024-11-10 00:00:00,False
COK,PAT,9I,HIST-000,Economy,3518,INR,2025-05-25,14,6,5,21,False,True,50,2025-05-11 00:00:00,False
IDR,PNQ,G8,HIST-000,Economy,10708,INR,2023-08-13,14,6,8,32,False,True,50,2023-07-30 00:00:00,False
LKO,GAU,6E,HIST-000,Economy,5982,INR,2025-06-23,14,0,6,26,False,False,50,2025-06-09 00:00:00,False
JAI,STV,2T,HIST-000,Economy,5186,INR,2025-09-09,14,1,9,37,False,False,50,2025-08-26 00:00:00,False
RPR,CCU,AI,HIST-000,Economy,14654,INR,2024-07-19,14,4,7,29,False,False,50,2024-07-05 00:00:00,False
JAI,GAU,9I,HIST-000,Economy,14921,INR,2025-06-15,14,6,6,24,False,True,50,2025-06-01 00:00:00,False
GOI,RPR,I5,HIST-000,Economy,13706,INR,2023-03-17,14,4,3,11,False,False,50,2023-03-03 00:00:00,False
JAI,IDR,2T,HIST-000,Economy,7212,INR,2024-12-05,14,3,12,49,False,False,50,2024-11-21 00:00:00,False
CCU,PAT,QP,HIST-000,Economy,7399,INR,2025-04-20,14,6,4,16,False,True,50,2025-04-06 00:00:00,False
DEL,STV,G8,HIST-000,Economy,12771,INR,2024-10-12,14,5,10,41,False,True,50,2024-09-28 00:00:00,False
STV,VNS,AI,HIST-000,Economy,9603,INR,2025-10-15,14,2,10,42,False,False,50,2025-10-01 00:00:00,False
MAA,NAG,S5,HIST-000,Economy,7917,INR,2023-03-13,14,0,3,11,False,False,50,2023-02-27 00:00:00,False
VNS,BBI,SG,HIST-000,Economy,8822,INR,2023-06-24,14,5,6,25,False,True,50,2023-06-10 00:00:00,False
GAU,JAI,2T,HIST-000,Economy,7808,INR,2023-08-14,14,0,8,33,False,False,50,2023-07-31 00:00:00,False
RPR,PAT,SG,HIST-000,Economy,15111,INR,2024-09-14,14,5,9,37,False,True,50,2024-08-31 00:00:00,False
MAA,BOM,SG,HIST-000,Economy,13744,INR,2024-03-26,14,1,3,13,False,False,50,2024-03-12 00:00:00,False
MAA,NAG,AI,HIST-000,Economy,7388,INR,2023-07-14,14,4,7,28,False,False,50,2023-06-30 00:00:00,False
AMD,BLR,UK,HIST-000,Economy,10991,INR,2023-11-19,14,6,11,46,False,True,50,2023-11-05 00:00:00,False
IDR,VNS,G8,HIST-000,Economy,11163,INR,2025-08-18,14,0,8,34,False,False,50,2025-08-04 00:00:00,False
STV,RPR,2T,HIST-000,Economy,15664,INR,2024-04-25,14,3,4,17,False,False,50,2024-04-11 00:00:00,False
STV,LKO,S5,HIST-000,Economy,11466,INR,2023-06-15,14,3,6,24,False,False,50,2023-06-01 00:00:00,False
PNQ,LKO,UK,HIST-000,Economy,9635,INR,2025-06-02,14,0,6,23,False,False,50,2025-05-19 00:00:00,False
IDR,JAI,I5,HIST-000,Economy,8238,INR,2023-08-21,14,0,8,34,False,False,50,2023-08-07 00:00:00,False
IDR,NAG,QP,HIST-000,Economy,13367,INR,2025-05-24,14,5,5,21,False,True,50,2025-05-10 00:00:00,False
COK,STV,6E,HIST-000,Economy,2953,INR,2024-02-20,14,1,2,8,False,False,50,2024-02-06 00:00:00,False
BBI,VNS,QP,HIST-000,Economy,5357,INR,2023-04-26,14,2,4,17,False,False,50,2023-04-12 00:00:00,False
IDR,DEL,9I,HIST-000,Economy,5184,INR,2023-07-18,14,1,7,29,False,False,50,2023-07-04 00:00:00,False
PAT,BBI,6E,HIST-000,Economy,6764,INR,2024-07-07,14,6,7,27,False,True,50,2024-06-23 00:00:00,False
PAT,GOI,G8,HIST-000,Economy,9478,INR,2024-07-20,14,5,7,29,False,True,50,2024-07-06 00:00:00,False
STV,BBI,6E,HIST-000,Economy,9391,INR,2024-07-24,14,2,7,30,False,False,50,2024-07-10 00:00:00,False
LKO,NAG,S5,HIST-000,Economy,13055,INR,2023-02-06,14,0,2,6,False,False,50,2023-01-23 00:00:00,False
DEL,PNQ,QP,HIST-000,Economy,14126,INR,2025-02-14,14,4,2,7,False,False,50,2025-01-31 00:00:00,False
NAG,CCU,UK,HIST-000,Economy,4441,INR,2025-06-05,14,3,6,23,False,False,50,2025-05-22 00:00:00,False
DEL,BOM,6E,HIST-000,Economy,8420,INR,2023-07-22,14,5,7,29,False,True,50,2023-07-08 00:00:00,False
JAI,RPR,UK,HIST-000,Economy,13698,INR,2024-06-02,14,6,6,22,False,True,50,2024-05-19 00:00:00,False
GOI,GAU,2T,HIST-000,Economy,8491,INR,2025-07-08,14,1,7,28,False,False,50,2025-06-24 00:00:00,False
MAA,GOI,6E,HIST-000,Economy,9898,INR,2025-01-16,14,3,1,3,False,False,50,2025-01-02 00:00:00,False
STV,BLR,2T,HIST-000,Economy,4142,INR,2024-04-22,14,0,4,17,False,False,50,2024-04-08 00:00:00,False
PAT,STV,I5,HIST-000,Economy,9787,INR,2025-11-24,14,0,11,48,False,False,50,2025-11-10 00:00:00,False
MAA,NAG,AI,HIST-000,Economy,9709,INR,2024-04-07,14,6,4,14,False,True,50,2024-03-24 00:00:00,False
CCU,RPR,9I,HIST-000,Economy,11911,INR,2025-08-08,14,4,8,32,False,False,50,2025-07-25 00:00:00,False
JAI,MAA,9I,HIST-000,Economy,9059,INR,2024-03-23,14,5,3,12,False,True,50,2024-03-09 00:00:00,False
NAG,AMD,QP,HIST-000,Economy,10697,INR,2025-01-09,14,3,1,2,False,False,50,2024-12-26 00:00:00,False
MAA,NAG,6E,HIST-000,Economy,15171,INR,2023-02-19,14,6,2,7,False,True,50,2023-02-05 00:00:00,False
BOM,GOI,6E,HIST-000,Economy,9616,INR,2023-09-12,14,1,9,37,False,False,50,2023-08-29 00:00:00,False
RPR,BOM,AI,HIST-000,Economy,3742,INR,2025-11-11,14,1,11,46,False,False,50,2025-10-28 00:00:00,False
CCU,LKO,G8,HIST-000,Economy,6448,INR,2024-07-21,14,6,7,29,False,True,50,2024-07-07 00:00:00,False
HYD,IDR,6E,HIST-000,Economy,3946,INR,2025-02-20,14,3,2,8,False,False,50,2025-02-06 00:00:00,False
BLR,MAA,QP,HIST-000,Economy,5674,INR,2024-08-22,14,3,8,34,False,False,50,2024-08-08 00:00:00,False
IDR,BOM,9I,HIST-000,Economy,12350,INR,2024-10-08,14,1,10,41,False,False,50,2024-09-24 00:00:00,False
VNS,COK,AI,HIST-000,Economy,8072,INR,2024-08-23,14,4,8,34,False,False,50,2024-08-09 00:00:00,False
BBI,STV,AI,HIST-000,Economy,8902,INR,2024-08-01,14,3,8,31,False,False,50,2024-07-18 00:00:00,False
BOM,PNQ,G8,HIST-000,Economy,9742,INR,2023-09-16,14,5,9,37,False,True,50,2023-09-02 00:00:00,False
MAA,BLR,AI,HIST-000,Economy,6958,INR,2024-10-02,14,2,10,40,False,False,50,2024-09-18 00:00:00,False
BBI,COK,9I,HIST-000,Economy,4905,INR,2023-08-16,14,2,8,33,False,False,50,2023-08-02 00:00:00,False
VNS,HYD,UK,HIST-000,Economy,10827,INR,2023-07-21,14,4,7,29,False,False,50,2023-07-07 00:00:00,False
MAA,RPR,UK,HIST-000,Economy,11147,INR,2024-09-15,14,6,9,37,False,True,50,2024-09-01 00:00:00,False
JAI,PAT,6E,HIST-000,Economy,15061,INR,2024-10-11,14,4,10,41,False,False,50,2024-09-27 00:00:00,False
STV,LKO,S5,HIST-000,Economy,8733,INR,2023-01-13,14,4,1,2,False,False,50,2022-12-30 00:00:00,False
COK,NAG,S5,HIST-000,Economy,12539,INR,2024-04-11,14,3,4,15,False,False,50,2024-03-28 00:00:00,False
DEL,HYD,I5,HIST-000,Economy,14330,INR,2023-06-13,14,1,6,24,False,False,50,2023-05-30 00:00:00,False
GAU,RPR,2T,HIST-000,Economy,11466,INR,2025-09-20,14,5,9,38,False,True,50,2025-09-06 00:00:00,False
BLR,CCU,S5,HIST-000,Economy,13909,INR,2023-03-19,14,6,3,11,False,True,50,2023-03-05 00:00:00,False
VNS,RPR,AI,HIST-000,Economy,7908,INR,2025-08-06,14,2,8,32,False,False,50,2025-07-23 00:00:00,False
HYD,VNS,9I,HIST-000,Economy,13688,INR,2023-09-10,14,6,9,36,False,True,50,2023-08-27 00:00:00,False
LKO,HYD,QP,HIST-000,Economy,13446,INR,2023-12-19,14,1,12,51,False,False,50,2023-12-05 00:00:00,False
JAI,AMD,SG,HIST-000,Economy,11067,INR,2024-05-25,14,5,5,21,False,True,50,2024-05-11 00:00:00,False
LKO,GOI,SG,HIST-000,Economy,13978,INR,2024-07-05,14,4,7,27,False,False,50,2024-06-21 00:00:00,False
LKO,MAA,AI,HIST-000,Economy,15081,INR,2025-12-12,14,4,12,50,False,False,50,2025-11-28 00:00:00,False
DEL,LKO,9I,HIST-000,Economy,8121,INR,2024-07-09,14,1,7,28,False,False,50,2024-06-25 00:00:00,False
PNQ,GAU,SG,HIST-000,Economy,14631,INR,2023-12-19,14,1,12,51,False,False,50,2023-12-05 00:00:00,False
NAG,GAU,6E,HIST-000,Economy,9515,INR,2025-05-13,14,1,5,20,False,False,50,2025-04-29 00:00:00,False
MAA,HYD,UK,HIST-000,Economy,11658,INR,2023-08-02,14,2,8,31,False,False,50,2023-07-19 00:00:00,False
GOI,HYD,S5,HIST-000,Economy,9416,INR,2024-11-16,14,5,11,46,False,True,50,2024-11-02 00:00:00,False
HYD,JAI,G8,HIST-000,Economy,5585,INR,2024-01-07,14,6,1,1,False,True,50,2023-12-24 00:00:00,False
IDR,PNQ,G8,HIST-000,Economy,3133,INR,2025-05-16,14,4,5,20,False,False,50,2025-05-02 00:00:00,False
GAU,PAT,AI,HIST-000,Economy,11378,INR,2023-08-05,14,5,8,31,False,True,50,2023-07-22 00:00:00,False
PNQ,GAU,2T,HIST-000,Economy,9912,INR,2024-11-26,14,1,11,48,False,False,50,2024-11-12 00:00:00,False
VNS,NAG,AI,HIST-000,Economy,7561,INR,2024-08-02,14,4,8,31,False,False,50,2024-07-19 00:00:00,False
BLR,NAG,6E,HIST-000,Economy,13356,INR,2025-02-23,14,6,2,8,False,True,50,2025-02-09 00:00:00,False
PNQ,LKO,QP,HIST-000,Economy,6395,INR,2023-05-21,14,6,5,20,False,True,50,2023-05-07 00:00:00,False
BOM,CCU,SG,HIST-000,Economy,9116,INR,2025-07-10,14,3,7,28,False,False,50,2025-06-26 00:00:00,False
MAA,LKO,QP,HIST-000,Economy,15043,INR,2023-06-23,14,4,6,25,False,False,50,2023-06-09 00:00:00,False
JAI,PNQ,9I,HIST-000,Economy,11981,INR,2023-08-17,14,3,8,33,False,False,50,2023-08-03 00:00:00,False
AMD,IDR,SG,HIST-000,Economy,10824,INR,2025-07-08,14,1,7,28,False,False,50,2025-06-24 00:00:00,False
IDR,GOI,9I,HIST-000,Economy,9582,INR,2025-12-01,14,0,12,49,False,False,50,2025-11-17 00:00:00,False
PAT,COK,UK,HIST-000,Economy,5884,INR,2025-10-25,14,5,10,43,False,True,50,2025-10-11 00:00:00,False
IDR,GOI,QP,HIST-000,Economy,14488,INR,2023-08-19,14,5,8,33,False,True,50,2023-08-05 00:00:00,False
GOI,BBI,AI,HIST-000,Economy,6927,INR,2025-05-22,14,3,5,21,False,False,50,2025-05-08 00:00:00,False
BBI,GOI,G8,HIST-000,Economy,12237,INR,2025-06-19,14,3,6,25,False,False,50,2025-06-05 00:00:00,False
BLR,NAG,UK,HIST-000,Economy,13362,INR,2024-09-27,14,4,9,39,False,False,50,2024-09-13 00:00:00,False
BOM,STV,6E,HIST-000,Economy,13477,INR,2023-10-08,14,6,10,40,False,True,50,2023-09-24 00:00:00,False
BOM,HYD,9I,HIST-000,Economy,10801,INR,2024-02-23,14,4,2,8,False,False,50,2024-02-09 00:00:00,False
AMD,PNQ,9I,HIST-000,Economy,9934,INR,2025-08-16,14,5,8,33,False,True,50,2025-08-02 00:00:00,False
GOI,GAU,2T,HIST-000,Economy,4171,INR,2025-09-28,14,6,9,39,False,True,50,2025-09-14 00:00:00,False
PNQ,CCU,S5,HIST-000,Economy,7445,INR,2023-07-02,14,6,7,26,False,True,50,2023-06-18 00:00:00,False
MAA,LKO,QP,HIST-000,Economy,15771,INR,2023-04-04,14,1,4,14,False,False,50,2023-03-21 00:00:00,False
CCU,HYD,SG,HIST-000,Economy,4461,INR,2025-09-25,14,3,9,39,False,False,50,2025-09-11 00:00:00,False
BBI,CCU,I5,HIST-000,Economy,12135,INR,2025-12-20,14,5,12,51,False,True,50,2025-12-06 00:00:00,False
BOM,LKO,UK,HIST-000,Economy,12471,INR,2024-12-11,14,2,12,50,False,False,50,2024-11-27 00:00:00,False
PNQ,MAA,6E,HIST-000,Economy,7940,INR,2025-10-04,14,5,10,40,False,True,50,2025-09-20 00:00:00,False
STV,COK,9I,HIST-000,Economy,8833,INR,2025-04-27,14,6,4,17,False,True,50,2025-04-13 00:00:00,False
IDR,BBI,SG,HIST-000,Economy,6532,INR,2023-08-03,14,3,8,31,False,False,50,2023-07-20 00:00:00,False
CCU,PNQ,AI,HIST-000,Economy,8537,INR,2025-06-21,14,5,6,25,False,True,50,2025-06-07 00:00:00,False
GAU,JAI,S5,HIST-000,Economy,16864,INR,2024-08-20,14,1,8,34,False,False,50,2024-08-06 00:00:00,False
COK,PNQ,S5,HIST-000,Economy,3839,INR,2025-02-16,14,6,2,7,False,True,50,2025-02-02 00:00:00,False
JAI,MAA,I5,HIST-000,Economy,10615,INR,2025-04-03,14,3,4,14,False,False,50,2025-03-20 00:00:00,False
BBI,RPR,6E,HIST-000,Economy,14800,INR,2024-03-02,14,5,3,9,False,True,50,2024-02-17 00:00:00,False
AMD,HYD,2T,HIST-000,Economy,9460,INR,2025-02-03,14,0,2,6,False,False,50,2025-01-20 00:00:00,False
JAI,COK,AI,HIST-000,Economy,8436,INR,2025-09-05,14,4,9,36,False,False,50,2025-08-22 00:00:00,False
COK,JAI,2T,HIST-000,Economy,10957,INR,2025-05-03,14,5,5,18,False,True,50,2025-04-19 00:00:00,False
DEL,COK,I5,HIST-000,Economy,6909,INR,2023-10-17,14,1,10,42,False,False,50,2023-10-03 00:00:00,False
RPR,BBI,9I,HIST-000,Economy,7174,INR,2023-04-22,14,5,4,16,False,True,50,2023-04-08 00:00:00,False
PAT,GAU,UK,HIST-000,Economy,10474,INR,2025-06-23,14,0,6,26,False,False,50,2025-06-09 00:00:00,False
PAT,JAI,QP,HIST-000,Economy,9172,INR,2023-04-14,14,4,4,15,False,False,50,2023-03-31 00:00:00,False
HYD,BOM,QP,HIST-000,Economy,15216,INR,2023-01-17,14,1,1,3,False,False,50,2023-01-03 00:00:00,False
BBI,GAU,6E,HIST-000,Economy,9927,INR,2024-12-20,14,4,12,51,False,False,50,2024-12-06 00:00:00,False
CCU,DEL,AI,HIST-000,Economy,13509,INR,2023-03-08,14,2,3,10,False,False,50,2023-02-22 00:00:00,False
RPR,GOI,SG,HIST-000,Economy,13764,INR,2025-03-17,14,0,3,12,False,False,50,2025-03-03 00:00:00,False
GAU,AMD,UK,HIST-000,Economy,12642,INR,2024-05-06,14,0,5,19,False,False,50,2024-04-22 00:00:00,False
HYD,COK,I5,HIST-000,Economy,13328,INR,2025-02-23,14,6,2,8,False,True,50,2025-02-09 00:00:00,False
VNS,DEL,2T,HIST-000,Economy,3459,INR,2023-01-26,14,3,1,4,False,False,50,2023-01-12 00:00:00,False
STV,BOM,2T,HIST-000,Economy,5298,INR,2023-02-09,14,3,2,6,False,False,50,2023-01-26 00:00:00,False
BLR,PNQ,2T,HIST-000,Economy,12752,INR,2024-06-28,14,4,6,26,False,False,50,2024-06-14 00:00:00,False
STV,DEL,6E,HIST-000,Economy,6484,INR,2024-09-27,14,4,9,39,False,False,50,2024-09-13 00:00:00,False
BOM,PAT,UK,HIST-000,Economy,6948,INR,2023-05-24,14,2,5,21,False,False,50,2023-05-10 00:00:00,False
PAT,HYD,AI,HIST-000,Economy,16529,INR,2023-05-18,14,3,5,20,False,False,50,2023-05-04 00:00:00,False
BOM,GAU,S5,HIST-000,Economy,10718,INR,2025-06-19,14,3,6,25,False,False,50,2025-06-05 00:00:00,False
CCU,DEL,AI,HIST-000,Economy,9990,INR,2024-05-04,14,5,5,18,False,True,50,2024-04-20 00:00:00,False
AMD,GOI,QP,HIST-000,Economy,9453,INR,2023-12-02,14,5,12,48,False,True,50,2023-11-18 00:00:00,False
LKO,AMD,AI,HIST-000,Economy,11277,INR,2023-07-06,14,3,7,27,False,False,50,2023-06-22 00:00:00,False
MAA,AMD,9I,HIST-000,Economy,13275,INR,2024-10-24,14,3,10,43,False,False,50,2024-10-10 00:00:00,False
JAI,AMD,UK,HIST-000,Economy,12801,INR,2023-10-07,14,5,10,40,False,True,50,2023-09-23 00:00:00,False
IDR,GOI,UK,HIST-000,Economy,6267,INR,2023-01-16,14,0,1,3,False,False,50,2023-01-02 00:00:00,False
RPR,IDR,2T,HIST-000,Economy,14533,INR,2024-03-27,14,2,3,13,False,False,50,2024-03-13 00:00:00,False
JAI,BLR,AI,HIST-000,Economy,15939,INR,2025-06-24,14,1,6,26,False,False,50,2025-06-10 00:00:00,False
PAT,HYD,I5,HIST-000,Economy,11764,INR,2024-01-07,14,6,1,1,False,True,50,2023-12-24 00:00:00,False
LKO,PNQ,S5,HIST-000,Economy,2509,INR,2023-07-07,14,4,7,27,False,False,50,2023-06-23 00:00:00,False
LKO,MAA,AI,HIST-000,Economy,3144,INR,2023-05-22,14,0,5,21,False,False,50,2023-05-08 00:00:00,False
RPR,AMD,6E,HIST-000,Economy,8246,INR,2025-03-11,14,1,3,11,False,False,50,2025-02-25 00:00:00,False
LKO,PNQ,9I,HIST-000,Economy,10815,INR,2023-04-27,14,3,4,17,False,False,50,2023-04-13 00:00:00,False
COK,LKO,S5,HIST-000,Economy,3779,INR,2023-09-07,14,3,9,36,False,False,50,2023-08-24 00:00:00,False
PAT,RPR,6E,HIST-000,Economy,9198,INR,2025-01-18,14,5,1,3,False,True,50,2025-01-04 00:00:00,False
PAT,IDR,AI,HIST-000,Economy,7587,INR,2023-02-27,14,0,2,9,False,False,50,2023-02-13 00:00:00,False
DEL,BLR,S5,HIST-000,Economy,5317,INR,2025-09-28,14,6,9,39,False,True,50,2025-09-14 00:00:00,False
NAG,BLR,AI,HIST-000,Economy,11884,INR,2024-02-16,14,4,2,7,False,False,50,2024-02-02 00:00:00,False
BBI,LKO,S5,HIST-000,Economy,9533,INR,2025-07-16,14,2,7,29,False,False,50,2025-07-02 00:00:00,False
COK,GOI,S5,HIST-000,Economy,14240,INR,2023-05-19,14,4,5,20,False,False,50,2023-05-05 00:00:00,False
JAI,NAG,S5,HIST-000,Economy,11581,INR,2024-04-25,14,3,4,17,False,False,50,2024-04-11 00:00:00,False
BLR,COK,UK,HIST-000,Economy,10858,INR,2025-10-13,14,0,10,42,False,False,50,2025-09-29 00:00:00,False
IDR,COK,G8,HIST-000,Economy,9256,INR,2025-01-13,14,0,1,3,False,False,50,2024-12-30 00:00:00,False
GAU,RPR,G8,HIST-000,Economy,5242,INR,2023-04-09,14,6,4,14,False,True,50,2023-03-26 00:00:00,False
HYD,BOM,I5,HIST-000,Economy,10887,INR,2023-12-22,14,4,12,51,False,False,50,2023-12-08 00:00:00,False
HYD,IDR,UK,HIST-000,Economy,2573,INR,2023-05-23,14,1,5,21,False,False,50,2023-05-09 00:00:00,False
BOM,LKO,AI,HIST-000,Economy,9064,INR,2023-12-19,14,1,12,51,False,False,50,2023-12-05 00:00:00,False
BOM,BBI,2T,HIST-000,Economy,5150,INR,2025-10-24,14,4,10,43,False,False,50,2025-10-10 00:00:00,False
JAI,BOM,6E,HIST-000,Economy,10123,INR,2023-01-01,14,6,1,52,False,True,50,2022-12-18 00:00:00,False
GAU,BBI,UK,HIST-000,Economy,5772,INR,2024-06-11,14,1,6,24,False,False,50,2024-05-28 00:00:00,False
CCU,MAA,S5,HIST-000,Economy,11729,INR,2024-07-05,14,4,7,27,False,False,50,2024-06-21 00:00:00,False
AMD,BLR,9I,HIST-000,Economy,6876,INR,2024-08-08,14,3,8,32,False,False,50,2024-07-25 00:00:00,False
DEL,CCU,S5,HIST-000,Economy,8042,INR,2025-11-01,14,5,11,44,False,True,50,2025-10-18 00:00:00,False
LKO,NAG,AI,HIST-000,Economy,14262,INR,2025-02-11,14,1,2,7,False,False,50,2025-01-28 00:00:00,False
PNQ,COK,AI,HIST-000,Economy,13914,INR,2025-07-04,14,4,7,27,False,False,50,2025-06-20 00:00:00,False
JAI,COK,2T,HIST-000,Economy,13867,INR,2025-02-25,14,1,2,9,False,False,50,2025-02-11 00:00:00,False
BBI,PAT,AI,HIST-000,Economy,9027,INR,2024-07-19,14,4,7,29,False,False,50,2024-07-05 00:00:00,False
LKO,AMD,I5,HIST-000,Economy,4457,INR,2024-01-01,14,0,1,1,False,False,50,2023-12-18 00:00:00,False
DEL,PNQ,SG,HIST-000,Economy,10710,INR,2024-12-27,14,4,12,52,False,False,50,2024-12-13 00:00:00,False
IDR,BLR,G8,HIST-000,Economy,7568,INR,2024-07-01,14,0,7,27,False,False,50,2024-06-17 00:00:00,False
COK,PNQ,SG,HIST-000,Economy,11215,INR,2024-06-08,14,5,6,23,False,True,50,2024-05-25 00:00:00,False
STV,DEL,S5,HIST-000,Economy,10249,INR,2025-07-16,14,2,7,29,False,False,50,2025-07-02 00:00:00,False
COK,BLR,S5,HIST-000,Economy,7922,INR,2024-12-05,14,3,12,49,False,False,50,2024-11-21 00:00:00,False
GAU,HYD,I5,HIST-000,Economy,8296,INR,2025-09-22,14,0,9,39,False,False,50,2025-09-08 00:00:00,False
LKO,BOM,AI,HIST-000,Economy,9088,INR,2025-11-02,14,6,11,44,False,True,50,2025-10-19 00:00:00,False
PNQ,CCU,QP,HIST-000,Economy,13872,INR,2025-03-20,14,3,3,12,False,False,50,2025-03-06 00:00:00,False
NAG,PAT,I5,HIST-000,Economy,12722,INR,2023-02-14,14,1,2,7,False,False,50,2023-01-31 00:00:00,False
AMD,BOM,S5,HIST-000,Economy,8489,INR,2025-07-04,14,4,7,27,False,False,50,2025-06-20 00:00:00,False
IDR,PAT,SG,HIST-000,Economy,6342,INR,2024-07-16,14,1,7,29,False,False,50,2024-07-02 00:00:00,False
VNS,BOM,G8,HIST-000,Economy,7385,INR,2024-09-06,14,4,9,36,False,False,50,2024-08-23 00:00:00,False
HYD,RPR,QP,HIST-000,Economy,11303,INR,2023-11-14,14,1,11,46,False,False,50,2023-10-31 00:00:00,False
STV,GOI,6E,HIST-000,Economy,6598,INR,2025-05-16,14,4,5,20,False,False,50,2025-05-02 00:00:00,False
DEL,PAT,I5,HIST-000,Economy,12077,INR,2024-06-03,14,0,6,23,False,False,50,2024-05-20 00:00:00,False
LKO,COK,G8,HIST-000,Economy,3718,INR,2023-02-02,14,3,2,5,False,False,50,2023-01-19 00:00:00,False
MAA,GAU,S5,HIST-000,Economy,2844,INR,2024-05-10,14,4,5,19,False,False,50,2024-04-26 00:00:00,False
STV,BOM,SG,HIST-000,Economy,8387,INR,2025-06-09,14,0,6,24,False,False,50,2025-05-26 00:00:00,False
AMD,STV,I5,HIST-000,Economy,9478,INR,2024-10-11,14,4,10,41,False,False,50,2024-09-27 00:00:00,False
COK,MAA,QP,HIST-000,Economy,6277,INR,2024-11-05,14,1,11,45,False,False,50,2024-10-22 00:00:00,False
JAI,MAA,S5,HIST-000,Economy,2726,INR,2024-02-20,14,1,2,8,False,False,50,2024-02-06 00:00:00,False
RPR,VNS,G8,HIST-000,Economy,11644,INR,2025-12-01,14,0,12,49,False,False,50,2025-11-17 00:00:00,False
NAG,JAI,UK,HIST-000,Economy,4186,INR,2024-09-13,14,4,9,37,False,False,50,2024-08-30 00:00:00,False
STV,JAI,AI,HIST-000,Economy,11235,INR,2023-04-25,14,1,4,17,False,False,50,2023-04-11 00:00:00,False
NAG,COK,I5,HIST-000,Economy,8506,INR,2024-09-06,14,4,9,36,False,False,50,2024-08-23 00:00:00,False
PAT,IDR,G8,HIST-000,Economy,6416,INR,2025-05-11,14,6,5,19,False,True,50,2025-04-27 00:00:00,False
PAT,NAG,6E,HIST-000,Economy,9367,INR,2025-11-09,14,6,11,45,False,True,50,2025-10-26 00:00:00,False
PAT,DEL,9I,HIST-000,Economy,14095,INR,2025-08-25,14,0,8,35,False,False,50,2025-08-11 00:00:00,False
LKO,GOI,UK,HIST-000,Economy,8541,INR,2023-08-24,14,3,8,34,False,False,50,2023-08-10 00:00:00,False
PNQ,JAI,G8,HIST-000,Economy,9632,INR,2023-02-14,14,1,2,7,False,False,50,2023-01-31 00:00:00,False
STV,RPR,9I,HIST-000,Economy,10387,INR,2025-09-04,14,3,9,36,False,False,50,2025-08-21 00:00:00,False
LKO,CCU,QP,HIST-000,Economy,14199,INR,2023-06-17,14,5,6,24,False,True,50,2023-06-03 00:00:00,False
COK,BLR,QP,HIST-000,Economy,13744,INR,2023-02-16,14,3,2,7,False,False,50,2023-02-02 00:00:00,False
GOI,RPR,G8,HIST-000,Economy,11222,INR,2024-08-04,14,6,8,31,False,True,50,2024-07-21 00:00:00,False
MAA,CCU,G8,HIST-000,Economy,8257,INR,2023-07-09,14,6,7,27,False,True,50,2023-06-25 00:00:00,False
MAA,DEL,I5,HIST-000,Economy,6790,INR,2024-04-07,14,6,4,14,False,True,50,2024-03-24 00:00:00,False
RPR,AMD,2T,HIST-000,Economy,6399,INR,2025-07-24,14,3,7,30,False,False,50,2025-07-10 00:00:00,False
CCU,GAU,UK,HIST-000,Economy,6464,INR,2024-08-14,14,2,8,33,False,False,50,2024-07-31 00:00:00,False
HYD,BOM,SG,HIST-000,Economy,8974,INR,2025-07-24,14,3,7,30,False,False,50,2025-07-10 00:00:00,False
GOI,IDR,9I,HIST-000,Economy,10771,INR,2023-12-14,14,3,12,50,False,False,50,2023-11-30 00:00:00,False
BBI,RPR,2T,HIST-000,Economy,4425,INR,2024-06-07,14,4,6,23,False,False,50,2024-05-24 00:00:00,False
MAA,IDR,AI,HIST-000,Economy,15377,INR,2023-03-01,14,2,3,9,False,False,50,2023-02-15 00:00:00,False
HYD,IDR,UK,HIST-000,Economy,12290,INR,2023-02-07,14,1,2,6,False,False,50,2023-01-24 00:00:00,False
BLR,HYD,2T,HIST-000,Economy,8020,INR,2024-09-25,14,2,9,39,False,False,50,2024-09-11 00:00:00,False
RPR,COK,UK,HIST-000,Economy,10199,INR,2024-07-07,14,6,7,27,False,True,50,2024-06-23 00:00:00,False
GAU,PAT,G8,HIST-000,Economy,14975,INR,2024-12-05,14,3,12,49,False,False,50,2024-11-21 00:00:00,False
PNQ,MAA,G8,HIST-000,Economy,6854,INR,2025-06-24,14,1,6,26,False,False,50,2025-06-10 00:00:00,False
GAU,RPR,6E,HIST-000,Economy,12812,INR,2023-02-22,14,2,2,8,False,False,50,2023-02-08 00:00:00,False
AMD,PNQ,SG,HIST-000,Economy,7573,INR,2025-03-01,14,5,3,9,False,True,50,2025-02-15 00:00:00,False
MAA,IDR,2T,HIST-000,Economy,10951,INR,2025-08-23,14,5,8,34,False,True,50,2025-08-09 00:00:00,False
IDR,MAA,9I,HIST-000,Economy,7133,INR,2024-06-09,14,6,6,23,False,True,50,2024-05-26 00:00:00,False
JAI,LKO,6E,HIST-000,Economy,7546,INR,2023-04-20,14,3,4,16,False,False,50,2023-04-06 00:00:00,False
JAI,VNS,2T,HIST-000,Economy,10710,INR,2024-10-27,14,6,10,43,False,True,50,2024-10-13 00:00:00,False
LKO,IDR,SG,HIST-000,Economy,8452,INR,2023-06-25,14,6,6,25,False,True,50,2023-06-11 00:00:00,False
CCU,MAA,6E,HIST-000,Economy,14236,INR,2024-06-28,14,4,6,26,False,False,50,2024-06-14 00:00:00,False
AMD,COK,S5,HIST-000,Economy,13447,INR,2025-06-19,14,3,6,25,False,False,50,2025-06-05 00:00:00,False
RPR,STV,SG,HIST-000,Economy,7854,INR,2023-04-01,14,5,4,13,False,True,50,2023-03-18 00:00:00,False
PNQ,BLR,SG,HIST-000,Economy,8523,INR,2024-02-28,14,2,2,9,False,False,50,2024-02-14 00:00:00,False
BOM,BLR,SG,HIST-000,Economy,13200,INR,2025-03-28,14,4,3,13,False,False,50,2025-03-14 00:00:00,False
HYD,RPR,S5,HIST-000,Economy,8596,INR,2023-12-10,14,6,12,49,False,True,50,2023-11-26 00:00:00,False
STV,MAA,QP,HIST-000,Economy,9656,INR,2025-11-23,14,6,11,47,False,True,50,2025-11-09 00:00:00,False
NAG,RPR,I5,HIST-000,Economy,6002,INR,2025-02-15,14,5,2,7,False,True,50,2025-02-01 00:00:00,False
PAT,COK,I5,HIST-000,Economy,15582,INR,2023-03-24,14,4,3,12,False,False,50,2023-03-10 00:00:00,False
GAU,NAG,2T,HIST-000,Economy,8077,INR,2023-06-08,14,3,6,23,False,False,50,2023-05-25 00:00:00,False
NAG,HYD,6E,HIST-000,Economy,4255,INR,2024-04-23,14,1,4,17,False,False,50,2024-04-09 00:00:00,False
AMD,MAA,9I,HIST-000,Economy,8202,INR,2023-07-20,14,3,7,29,False,False,50,2023-07-06 00:00:00,False
BBI,COK,G8,HIST-000,Economy,6883,INR,2024-08-26,14,0,8,35,False,False,50,2024-08-12 00:00:00,False
JAI,VNS,I5,HIST-000,Economy,7302,INR,2024-05-11,14,5,5,19,False,True,50,2024-04-27 00:00:00,False
IDR,CCU,2T,HIST-000,Economy,16458,INR,2025-06-16,14,0,6,25,False,False,50,2025-06-02 00:00:00,False
PAT,HYD,9I,HIST-000,Economy,10734,INR,2024-04-10,14,2,4,15,False,False,50,2024-03-27 00:00:00,False
GAU,MAA,SG,HIST-000,Economy,11284,INR,2023-04-12,14,2,4,15,False,False,50,2023-03-29 00:00:00,False
COK,PNQ,9I,HIST-000,Economy,8521,INR,2024-12-28,14,5,12,52,False,True,50,2024-12-14 00:00:00,False
JAI,NAG,I5,HIST-000,Economy,12059,INR,2025-12-14,14,6,12,50,False,True,50,2025-11-30 00:00:00,False
RPR,CCU,9I,HIST-000,Economy,6583,INR,2024-03-13,14,2,3,11,False,False,50,2024-02-28 00:00:00,False
BLR,JAI,I5,HIST-000,Economy,13919,INR,2025-01-03,14,4,1,1,False,False,50,2024-12-20 00:00:00,False
NAG,PNQ,SG,HIST-000,Economy,7472,INR,2025-02-17,14,0,2,8,False,False,50,2025-02-03 00:00:00,False
VNS,PAT,I5,HIST-000,Economy,4443,INR,2025-12-17,14,2,12,51,False,False,50,2025-12-03 00:00:00,False
GOI,AMD,SG,HIST-000,Economy,7622,INR,2024-03-06,14,2,3,10,False,False,50,2024-02-21 00:00:00,False
COK,RPR,6E,HIST-000,Economy,5206,INR,2025-08-05,14,1,8,32,False,False,50,2025-07-22 00:00:00,False
PAT,COK,QP,HIST-000,Economy,9417,INR,2025-05-18,14,6,5,20,False,True,50,2025-05-04 00:00:00,False
GOI,JAI,9I,HIST-000,Economy,4340,INR,2023-10-25,14,2,10,43,False,False,50,2023-10-11 00:00:00,False
JAI,PNQ,2T,HIST-000,Economy,12099,INR,2025-06-10,14,1,6,24,False,False,50,2025-05-27 00:00:00,False
PNQ,IDR,SG,HIST-000,Economy,14470,INR,2024-05-02,14,3,5,18,False,False,50,2024-04-18 00:00:00,False
COK,BOM,SG,HIST-000,Economy,15179,INR,2024-04-09,14,1,4,15,False,False,50,2024-03-26 00:00:00,False
IDR,HYD,S5,HIST-000,Economy,5414,INR,2024-07-04,14,3,7,27,False,False,50,2024-06-20 00:00:00,False
PAT,NAG,G8,HIST-000,Economy,11862,INR,2024-03-26,14,1,3,13,False,False,50,2024-03-12 00:00:00,False
STV,DEL,QP,HIST-000,Economy,6384,INR,2023-01-04,14,2,1,1,False,False,50,2022-12-21 00:00:00,False
JAI,VNS,9I,HIST-000,Economy,9003,INR,2024-06-21,14,4,6,25,False,False,50,2024-06-07 00:00:00,False
MAA,STV,I5,HIST-000,Economy,5990,INR,2025-12-03,14,2,12,49,False,False,50,2025-11-19 00:00:00,False
IDR,LKO,QP,HIST-000,Economy,9023,INR,2023-09-28,14,3,9,39,False,False,50,2023-09-14 00:00:00,False
PNQ,COK,S5,HIST-000,Economy,4915,INR,2025-05-24,14,5,5,21,False,True,50,2025-05-10 00:00:00,False
CCU,PAT,S5,HIST-000,Economy,12483,INR,2024-12-09,14,0,12,50,False,False,50,2024-11-25 00:00:00,False
BBI,RPR,I5,HIST-000,Economy,3442,INR,2023-03-18,14,5,3,11,False,True,50,2023-03-04 00:00:00,False
IDR,BOM,6E,HIST-000,Economy,7969,INR,2023-10-04,14,2,10,40,False,False,50,2023-09-20 00:00:00,False
MAA,IDR,QP,HIST-000,Economy,9105,INR,2025-03-05,14,2,3,10,False,False,50,2025-02-19 00:00:00,False
PAT,RPR,2T,HIST-000,Economy,12890,INR,2023-10-03,14,1,10,40,False,False,50,2023-09-19 00:00:00,False
HYD,IDR,I5,HIST-000,Economy,8098,INR,2025-10-08,14,2,10,41,False,False,50,2025-09-24 00:00:00,False
CCU,GAU,G8,HIST-000,Economy,12498,INR,2024-12-15,14,6,12,50,False,True,50,2024-12-01 00:00:00,False
BBI,NAG,9I,HIST-000,Economy,9162,INR,2024-03-03,14,6,3,9,False,True,50,2024-02-18 00:00:00,False
MAA,DEL,2T,HIST-000,Economy,8695,INR,2024-10-10,14,3,10,41,False,False,50,2024-09-26 00:00:00,False
LKO,JAI,2T,HIST-000,Economy,7580,INR,2024-04-19,14,4,4,16,False,False,50,2024-04-05 00:00:00,False
LKO,GOI,AI,HIST-000,Economy,2639,INR,2024-06-06,14,3,6,23,False,False,50,2024-05-23 00:00:00,False
CCU,BOM,2T,HIST-000,Economy,5624,INR,2025-03-24,14,0,3,13,False,False,50,2025-03-10 00:00:00,False
DEL,BLR,UK,HIST-000,Economy,8642,INR,2024-03-26,14,1,3,13,False,False,50,2024-03-12 00:00:00,False
DEL,GOI,9I,HIST-000,Economy,4201,INR,2023-05-16,14,1,5,20,False,False,50,2023-05-02 00:00:00,False
NAG,CCU,AI,HIST-000,Economy,14515,INR,2024-08-12,14,0,8,33,False,False,50,2024-07-29 00:00:00,False
COK,NAG,S5,HIST-000,Economy,15469,INR,2025-12-18,14,3,12,51,False,False,50,2025-12-04 00:00:00,False
AMD,BOM,9I,HIST-000,Economy,8825,INR,2023-12-06,14,2,12,49,False,False,50,2023-11-22 00:00:00,False
LKO,GAU,UK,HIST-000,Economy,4503,INR,2023-11-12,14,6,11,45,False,True,50,2023-10-29 00:00:00,False
IDR,GAU,S5,HIST-000,Economy,9951,INR,2025-10-02,14,3,10,40,False,False,50,2025-09-18 00:00:00,False
HYD,MAA,6E,HIST-000,Economy,15282,INR,2024-10-17,14,3,10,42,False,False,50,2024-10-03 00:00:00,False
JAI,MAA,I5,HIST-000,Economy,9616,INR,2025-11-19,14,2,11,47,False,False,50,2025-11-05 00:00:00,False
PNQ,IDR,SG,HIST-000,Economy,7260,INR,2023-02-27,14,0,2,9,False,False,50,2023-02-13 00:00:00,False
GOI,STV,2T,HIST-000,Economy,11023,INR,2025-12-01,14,0,12,49,False,False,50,2025-11-17 00:00:00,False
GAU,DEL,SG,HIST-000,Economy,14417,INR,2024-02-07,14,2,2,6,False,False,50,2024-01-24 00:00:00,False
HYD,NAG,6E,HIST-000,Economy,11628,INR,2023-03-11,14,5,3,10,False,True,50,2023-02-25 00:00:00,False
DEL,GOI,QP,HIST-000,Economy,12229,INR,2025-10-10,14,4,10,41,False,False,50,2025-09-26 00:00:00,False
NAG,BOM,QP,HIST-000,Economy,12676,INR,2023-03-20,14,0,3,12,False,False,50,2023-03-06 00:00:00,False
RPR,HYD,G8,HIST-000,Economy,12611,INR,2025-01-11,14,5,1,2,False,True,50,2024-12-28 00:00:00,False
PNQ,BOM,UK,HIST-000,Economy,3792,INR,2023-01-15,14,6,1,2,False,True,50,2023-01-01 00:00:00,False
DEL,AMD,AI,HIST-000,Economy,11480,INR,2025-11-03,14,0,11,45,False,False,50,2025-10-20 00:00:00,False
PNQ,HYD,QP,HIST-000,Economy,10378,INR,2025-02-16,14,6,2,7,False,True,50,2025-02-02 00:00:00,False
BLR,PAT,SG,HIST-000,Economy,10202,INR,2025-04-04,14,4,4,14,False,False,50,2025-03-21 00:00:00,False
BOM,LKO,QP,HIST-000,Economy,12800,INR,2025-02-09,14,6,2,6,False,True,50,2025-01-26 00:00:00,False
RPR,BBI,UK,HIST-000,Economy,11955,INR,2025-09-17,14,2,9,38,False,False,50,2025-09-03 00:00:00,False
RPR,HYD,I5,HIST-000,Economy,14604,INR,2023-07-14,14,4,7,28,False,False,50,2023-06-30 00:00:00,False
AMD,MAA,9I,HIST-000,Economy,9109,INR,2025-08-07,14,3,8,32,False,False,50,2025-07-24 00:00:00,False
AMD,BBI,AI,HIST-000,Economy,14129,INR,2025-01-12,14,6,1,2,False,True,50,2024-12-29 00:00:00,False
AMD,CCU,I5,HIST-000,Economy,7477,INR,2023-01-22,14,6,1,3,False,True,50,2023-01-08 00:00:00,False
LKO,RPR,QP,HIST-000,Economy,12579,INR,2024-06-19,14,2,6,25,False,False,50,2024-06-05 00:00:00,False
AMD,BOM,UK,HIST-000,Economy,9020,INR,2024-05-25,14,5,5,21,False,True,50,2024-05-11 00:00:00,False
JAI,PAT,G8,HIST-000,Economy,7527,INR,2023-04-04,14,1,4,14,False,False,50,2023-03-21 00:00:00,False
VNS,AMD,QP,HIST-000,Economy,11540,INR,2023-09-22,14,4,9,38,False,False,50,2023-09-08 00:00:00,False
RPR,MAA,SG,HIST-000,Economy,4427,INR,2023-06-22,14,3,6,25,False,False,50,2023-06-08 00:00:00,False
GAU,HYD,2T,HIST-000,Economy,4388,INR,2024-06-08,14,5,6,23,False,True,50,2024-05-25 00:00:00,False
GOI,AMD,QP,HIST-000,Economy,13117,INR,2023-05-12,14,4,5,19,False,False,50,2023-04-28 00:00:00,False
BLR,BOM,2T,HIST-000,Economy,6007,INR,2025-07-22,14,1,7,30,False,False,50,2025-07-08 00:00:00,False
COK,AMD,6E,HIST-000,Economy,4506,INR,2023-02-19,14,6,2,7,False,True,50,2023-02-05 00:00:00,False
PAT,COK,I5,HIST-000,Economy,8698,INR,2024-04-02,14,1,4,14,False,False,50,2024-03-19 00:00:00,False
LKO,IDR,I5,HIST-000,Economy,9673,INR,2025-07-04,14,4,7,27,False,False,50,2025-06-20 00:00:00,False
JAI,COK,6E,HIST-000,Economy,10327,INR,2023-11-26,14,6,11,47,False,True,50,2023-11-12 00:00:00,False
GOI,AMD,2T,HIST-000,Economy,13959,INR,2024-03-03,14,6,3,9,False,True,50,2024-02-18 00:00:00,False
BOM,PNQ,I5,HIST-000,Economy,16777,INR,2023-09-23,14,5,9,38,False,True,50,2023-09-09 00:00:00,False
COK,PAT,2T,HIST-000,Economy,5804,INR,2025-10-07,14,1,10,41,False,False,50,2025-09-23 00:00:00,False
COK,CCU,6E,HIST-000,Economy,6786,INR,2025-12-24,14,2,12,52,False,False,50,2025-12-10 00:00:00,False
GOI,JAI,6E,HIST-000,Economy,10200,INR,2023-12-01,14,4,12,48,False,False,50,2023-11-17 00:00:00,False
LKO,VNS,S5,HIST-000,Economy,6673,INR,2024-04-04,14,3,4,14,False,False,50,2024-03-21 00:00:00,False
IDR,COK,6E,HIST-000,Economy,10372,INR,2023-06-25,14,6,6,25,False,True,50,2023-06-11 00:00:00,False
STV,VNS,SG,HIST-000,Economy,10467,INR,2023-03-19,14,6,3,11,False,True,50,2023-03-05 00:00:00,False
PAT,AMD,SG,HIST-000,Economy,8545,INR,2023-04-11,14,1,4,15,False,False,50,2023-03-28 00:00:00,False
BLR,STV,6E,HIST-000,Economy,6513,INR,2024-07-05,14,4,7,27,False,False,50,2024-06-21 00:00:00,False
VNS,DEL,6E,HIST-000,Economy,5746,INR,2024-04-01,14,0,4,14,False,False,50,2024-03-18 00:00:00,False
BOM,RPR,9I,HIST-000,Economy,13452,INR,2023-06-16,14,4,6,24,False,False,50,2023-06-02 00:00:00,False
RPR,IDR,S5,HIST-000,Economy,6982,INR,2024-06-05,14,2,6,23,False,False,50,2024-05-22 00:00:00,False
COK,IDR,9I,HIST-000,Economy,6517,INR,2025-05-01,14,3,5,18,False,False,50,2025-04-17 00:00:00,False
VNS,BOM,S5,HIST-000,Economy,10525,INR,2025-11-05,14,2,11,45,False,False,50,2025-10-22 00:00:00,False
RPR,HYD,S5,HIST-000,Economy,10926,INR,2024-12-03,14,1,12,49,False,False,50,2024-11-19 00:00:00,False
AMD,STV,QP,HIST-000,Economy,9704,INR,2023-03-02,14,3,3,9,False,False,50,2023-02-16 00:00:00,False
PNQ,GAU,G8,HIST-000,Economy,8970,INR,2023-02-06,14,0,2,6,False,False,50,2023-01-23 00:00:00,False
CCU,LKO,G8,HIST-000,Economy,10689,INR,2023-08-10,14,3,8,32,False,False,50,2023-07-27 00:00:00,False
VNS,PAT,2T,HIST-000,Economy,12061,INR,2023-04-09,14,6,4,14,False,True,50,2023-03-26 00:00:00,False
RPR,DEL,9I,HIST-000,Economy,9563,INR,2024-09-07,14,5,9,36,False,True,50,2024-08-24 00:00:00,False
HYD,JAI,6E,HIST-000,Economy,8361,INR,2024-11-17,14,6,11,46,False,True,50,2024-11-03 00:00:00,False
HYD,NAG,S5,HIST-000,Economy,12880,INR,2023-09-17,14,6,9,37,False,True,50,2023-09-03 00:00:00,False
BOM,COK,QP,HIST-000,Economy,5472,INR,2023-11-08,14,2,11,45,False,False,50,2023-10-25 00:00:00,False
VNS,GAU,6E,HIST-000,Economy,8114,INR,2023-06-06,14,1,6,23,False,False,50,2023-05-23 00:00:00,False
GOI,IDR,G8,HIST-000,Economy,8191,INR,2023-12-23,14,5,12,51,False,True,50,2023-12-09 00:00:00,False
HYD,DEL,UK,HIST-000,Economy,11153,INR,2023-06-17,14,5,6,24,False,True,50,2023-06-03 00:00:00,False
AMD,IDR,AI,HIST-000,Economy,15446,INR,2025-08-20,14,2,8,34,False,False,50,2025-08-06 00:00:00,False
LKO,GAU,UK,HIST-000,Economy,7547,INR,2025-09-11,14,3,9,37,False,False,50,2025-08-28 00:00:00,False
COK,IDR,2T,HIST-000,Economy,9412,INR,2023-12-16,14,5,12,50,False,True,50,2023-12-02 00:00:00,False
BOM,CCU,S5,HIST-000,Economy,10113,INR,2025-04-22,14,1,4,17,False,False,50,2025-04-08 00:00:00,False
CCU,RPR,6E,HIST-000,Economy,3456,INR,2025-11-01,14,5,11,44,False,True,50,2025-10-18 00:00:00,False
MAA,CCU,I5,HIST-000,Economy,9573,INR,2025-07-25,14,4,7,30,False,False,50,2025-07-11 00:00:00,False
DEL,AMD,UK,HIST-000,Economy,7874,INR,2025-11-08,14,5,11,45,False,True,50,2025-10-25 00:00:00,False
LKO,RPR,QP,HIST-000,Economy,7664,INR,2023-07-02,14,6,7,26,False,True,50,2023-06-18 00:00:00,False
LKO,CCU,I5,HIST-000,Economy,7119,INR,2023-05-06,14,5,5,18,False,True,50,2023-04-22 00:00:00,False
IDR,GAU,SG,HIST-000,Economy,11660,INR,2023-09-26,14,1,9,39,False,False,50,2023-09-12 00:00:00,False
LKO,VNS,AI,HIST-000,Economy,9268,INR,2025-10-04,14,5,10,40,False,True,50,2025-09-20 00:00:00,False
COK,LKO,9I,HIST-000,Economy,12085,INR,2025-02-16,14,6,2,7,False,True,50,2025-02-02 00:00:00,False
